zip_code,violations,current_demerits,inspection_demerits,inspection_grade,current_score,inspection_score,rating,review_count,accepts_insurance,ages_allowed,alcohol,ambience,byob,byob_corkage,best_nights,bike_parking,business_accepts_bitcoin,business_accepts_creditcards,business_parking,byappointmentonly,caters,coat_check,corkage,dietary_restrictions,dogs_allowed,drive_thru,good_for_dancing,good_for_kids,good_for_meal,hair_specializes_in,happy_hour,has_tv,music,noise_level,open_24_hours,outdoor_seating,restaurants_attire,restaurants_counter_service,restaurants_delivery,restaurants_good_for_groups,restaurants_price_range2,restaurants_reservations,restaurants_table_service,restaurants_takeout,smoking,wheelchair_accessible,wifi,accepts_apple_pay,accepts_google_pay,gender_neutral_restrooms,good_for,good_for_working,has_gluten_free_options,has_pool_table,liked_by_vegans,liked_by_vegetarians,offers_military_discount,waiter_service
89183,7,14,13,A,95.0,95.0,4.0,54,-1,-1,0,1,-1,-1,-1,-1,-1,1,1,-1,1,-1,-1,-1,-1,-1,-1,1,2,-1,-1,1,-1,0,-1,0,0,-1,1,1,2,0,1,1,-1,1,0,-1,-1,-1,-1,-1,-1,-1,-1,-1,-1,-1
89104,86,139,191,A,95.0,90.55555556,2.5,118,-1,-1,0,1,-1,-1,-1,1,-1,1,1,-1,0,-1,-1,-1,-1,0,-1,1,3,-1,-1,0,-1,1,-1,0,0,-1,0,1,2,0,1,1,-1,1,0,1,-1,1,3,-1,-1,-1,-1,-1,-1,-1
89148,53,86,115,A,95.0,90.71428571,3.5,210,-1,-1,0,1,-1,-1,-1,1,-1,1,1,-1,1,-1,-1,-1,-1,-1,-1,1,2,-1,-1,0,-1,1,-1,1,0,-1,0,1,1,0,0,1,-1,1,1,1,1,-1,2,-1,-1,-1,1,1,-1,0
89103,9,20,20,B,85.0,85.0,3.5,103,-1,-1,0,1,-1,-1,-1,1,-1,1,1,-1,1,-1,-1,-1,-1,-1,-1,1,2,-1,-1,1,-1,1,-1,0,0,-1,1,1,2,1,1,1,-1,1,1,0,-1,-1,-1,-1,-1,-1,-1,1,-1,-1
89119,32,60,69,A,95.0,94.0,4.0,98,-1,-1,2,1,-1,-1,3,1,-1,1,1,-1,-1,0,-1,-1,-1,-1,0,-1,-1,-1,1,1,1,1,-1,0,-1,-1,-1,1,1,0,-1,-1,1,1,0,-1,-1,-1,-1,-1,-1,1,-1,-1,-1,-1
89142,7,15,22,A,95.0,95.0,4.0,6,-1,-1,0,0,-1,-1,-1,-1,-1,1,0,-1,-1,-1,-1,-1,-1,-1,-1,1,0,-1,-1,1,-1,0,-1,0,-1,-1,0,-1,-1,-1,0,1,-1,-1,-1,-1,-1,-1,-1,-1,-1,-1,-1,-1,-1,-1
89103,1,0,0,A,95.0,95.0,5.0,15,-1,-1,1,0,-1,-1,-1,-1,-1,1,0,-1,-1,-1,-1,-1,-1,-1,1,-1,-1,-1,1,1,0,1,-1,0,-1,-1,-1,1,1,1,-1,-1,-1,1,1,-1,-1,1,-1,-1,-1,1,-1,-1,-1,-1
89101,17,18,45,A,95.0,95.0,3.5,59,-1,-1,1,2,-1,-1,-1,1,-1,1,1,-1,0,-1,-1,-1,-1,-1,-1,1,1,-1,0,0,-1,1,-1,0,0,-1,0,1,2,0,1,1,-1,1,0,0,0,-1,2,-1,-1,-1,-1,-1,-1,1
89121,36,24,130,B,95.0,85.0,2.0,7,-1,-1,0,-1,-1,-1,-1,-1,-1,1,1,-1,-1,-1,-1,-1,-1,-1,-1,-1,1,-1,-1,0,-1,0,-1,-1,0,-1,1,1,1,-1,1,1,-1,-1,-1,-1,-1,-1,-1,-1,-1,-1,-1,-1,-1,-1
89106,23,50,58,A,95.0,93.0,4.0,13,-1,-1,0,-1,-1,-1,-1,-1,-1,1,1,-1,-1,-1,-1,-1,-1,-1,-1,1,0,-1,-1,-1,-1,-1,-1,1,0,-1,0,1,1,0,0,1,-1,1,-1,-1,-1,-1,-1,-1,-1,-1,-1,-1,-1,-1
89130,63,96,109,A,95.0,92.69230769,2.5,68,-1,-1,0,-1,-1,-1,-1,0,-1,1,1,0,-1,-1,-1,-1,-1,-1,-1,-1,0,-1,-1,-1,-1,-1,-1,0,-1,-1,0,-1,1,-1,-1,1,-1,0,1,0,-1,-1,-1,1,-1,-1,-1,-1,-1,-1
89102,55,92,139,B,95.0,86.78571429,4.5,1096,-1,-1,0,1,-1,-1,-1,1,-1,1,1,-1,0,-1,-1,-1,0,-1,-1,1,3,-1,-1,0,-1,1,-1,0,0,-1,0,1,2,0,1,1,-1,1,0,0,0,-1,3,-1,-1,-1,-1,1,-1,1
89119,16,0,29,A,95.0,95.0,3.0,94,-1,-1,0,1,-1,-1,-1,1,-1,1,1,-1,1,-1,-1,-1,0,-1,-1,1,1,-1,-1,0,-1,1,-1,1,0,-1,0,1,1,0,0,1,-1,1,0,0,-1,-1,-1,-1,-1,-1,-1,-1,-1,-1
89119,32,36,79,B,95.0,80.0,3.0,4,-1,-1,-1,0,-1,-1,-1,-1,-1,-1,0,-1,0,-1,-1,-1,-1,-1,-1,1,0,-1,-1,1,-1,0,-1,0,0,-1,0,1,1,0,0,1,-1,-1,0,-1,-1,-1,-1,-1,-1,-1,-1,-1,-1,-1
89129,128,108,212,A,95.0,90.55555556,2.5,51,-1,-1,0,0,-1,-1,-1,1,-1,1,1,-1,-1,-1,-1,-1,-1,-1,-1,1,1,-1,-1,0,-1,1,-1,0,0,-1,1,1,2,0,1,1,-1,1,0,0,-1,-1,-1,-1,-1,-1,-1,-1,-1,-1
89147,38,39,86,A,95.0,94.16666667,3.5,360,-1,-1,0,1,-1,-1,-1,1,0,1,1,-1,0,-1,-1,-1,0,-1,-1,1,2,-1,0,0,-1,1,-1,0,0,-1,0,1,2,1,1,1,-1,1,0,0,0,-1,2,-1,1,-1,-1,1,-1,1
89121,1,1,1,A,95.0,95.0,5.0,28,-1,-1,-1,-1,-1,-1,-1,1,-1,1,1,-1,1,-1,-1,-1,-1,-1,-1,-1,-1,-1,-1,-1,-1,-1,-1,-1,-1,-1,1,-1,2,-1,-1,1,-1,1,-1,-1,-1,-1,-1,-1,-1,-1,-1,-1,-1,-1
89146,113,132,274,B,95.0,89.54545455,3.5,39,-1,-1,2,0,-1,-1,-1,1,-1,1,1,-1,0,-1,-1,-1,-1,-1,-1,1,1,-1,1,1,-1,1,-1,0,0,-1,0,1,2,1,1,1,-1,-1,0,0,-1,-1,1,-1,-1,-1,-1,-1,-1,-1
89110,21,80,53,B,95.0,89.54545455,4.5,5,-1,-1,2,0,-1,-1,1,1,-1,0,-1,-1,-1,0,-1,-1,-1,-1,0,-1,-1,-1,1,1,1,0,-1,0,-1,-1,-1,1,1,0,-1,-1,1,-1,-1,-1,-1,-1,-1,-1,-1,-1,-1,-1,-1,-1
89183,55,114,125,A,95.0,92.85714286,3.5,200,-1,-1,1,1,-1,-1,-1,1,-1,1,1,-1,0,-1,-1,-1,-1,0,-1,1,3,-1,-1,1,-1,1,-1,1,0,-1,0,1,1,0,1,1,-1,-1,1,0,0,-1,3,-1,-1,-1,-1,-1,-1,-1
89183,55,114,125,A,95.0,92.85714286,3.5,24,-1,-1,2,1,-1,-1,-1,1,-1,1,1,-1,0,-1,-1,-1,0,-1,-1,1,1,-1,-1,0,-1,1,-1,1,0,-1,0,1,1,0,1,1,-1,1,1,0,0,-1,3,-1,-1,-1,-1,-1,-1,-1
89120,101,120,233,B,95.0,87.0,4.5,143,-1,-1,0,1,-1,-1,-1,0,-1,1,1,-1,1,-1,-1,-1,-1,-1,-1,1,1,-1,-1,1,-1,0,-1,0,0,-1,1,1,1,1,1,1,-1,1,0,0,0,-1,1,-1,-1,-1,-1,-1,-1,1
89118,28,56,52,A,95.0,95.0,3.5,11,-1,-1,0,1,-1,-1,-1,1,0,1,1,-1,1,-1,-1,-1,0,-1,-1,1,1,-1,-1,1,-1,1,-1,1,0,-1,1,1,1,0,0,1,-1,1,1,-1,-1,-1,1,-1,-1,-1,-1,-1,-1,-1
89118,28,56,52,A,95.0,95.0,3.5,35,-1,-1,0,1,-1,-1,-1,1,-1,1,1,-1,1,-1,-1,-1,0,-1,-1,1,1,-1,-1,1,-1,0,-1,1,0,-1,1,1,1,0,0,1,-1,1,0,0,0,-1,1,-1,-1,-1,-1,1,-1,0
89131,36,78,75,A,95.0,93.57142857,3.0,26,-1,-1,2,1,-1,-1,3,1,-1,1,1,-1,-1,0,-1,-1,-1,-1,0,-1,-1,-1,1,1,1,1,-1,0,-1,-1,-1,1,2,0,-1,-1,1,1,-1,-1,-1,-1,-1,-1,-1,1,-1,-1,-1,-1
89103,161,74,333,B,95.0,88.2,4.0,696,-1,-1,0,1,-1,-1,-1,1,0,1,0,-1,0,-1,-1,-1,0,-1,-1,1,2,-1,-1,1,-1,1,-1,0,0,-1,1,1,1,0,1,1,-1,1,0,0,0,-1,2,-1,-1,-1,1,1,-1,1
89139,34,33,75,A,95.0,93.46153846,2.0,15,-1,-1,-1,-1,-1,-1,-1,1,-1,1,0,-1,0,-1,-1,-1,-1,-1,-1,-1,-1,-1,-1,-1,-1,-1,-1,0,-1,-1,-1,-1,1,-1,-1,1,-1,-1,0,-1,-1,-1,-1,1,-1,-1,-1,-1,-1,-1
89139,34,33,75,A,95.0,93.46153846,4.0,16,-1,-1,-1,-1,-1,-1,-1,1,-1,1,0,-1,-1,-1,-1,-1,-1,-1,-1,-1,-1,-1,-1,-1,-1,-1,-1,0,-1,-1,-1,-1,2,-1,-1,1,-1,-1,0,-1,-1,-1,-1,1,-1,-1,-1,-1,-1,-1
89139,34,33,75,A,95.0,93.46153846,3.0,34,-1,-1,-1,-1,-1,-1,-1,1,-1,1,0,-1,0,-1,-1,-1,-1,-1,-1,-1,-1,-1,-1,-1,-1,-1,-1,0,-1,-1,-1,-1,1,-1,-1,1,-1,-1,1,1,-1,-1,-1,1,-1,-1,-1,-1,-1,-1
89139,34,33,75,A,95.0,93.46153846,4.0,25,-1,-1,-1,-1,-1,-1,-1,0,-1,1,2,-1,0,-1,-1,-1,-1,-1,-1,-1,-1,-1,-1,-1,-1,-1,-1,0,-1,-1,-1,-1,1,-1,-1,1,-1,-1,1,-1,1,1,-1,1,-1,-1,-1,-1,-1,-1
89141,3,8,8,A,95.0,95.0,2.5,30,-1,-1,0,0,-1,-1,-1,1,-1,1,0,-1,-1,-1,-1,-1,-1,1,-1,1,0,-1,-1,0,-1,-1,-1,0,0,-1,0,0,1,0,-1,1,-1,-1,0,0,-1,-1,-1,-1,-1,-1,-1,-1,-1,-1
89101,19,0,41,A,95.0,91.25,3.0,39,-1,-1,2,2,-1,-1,3,0,-1,1,2,-1,-1,0,-1,-1,0,-1,1,-1,-1,-1,1,1,1,3,-1,1,-1,-1,-1,1,2,0,-1,-1,1,1,-1,-1,-1,-1,-1,-1,-1,-1,-1,-1,-1,-1
89119,10,18,19,A,95.0,95.0,3.0,31,-1,-1,0,0,-1,-1,-1,-1,-1,1,0,-1,1,-1,-1,-1,-1,-1,-1,1,-1,-1,-1,-1,-1,1,-1,0,0,-1,-1,1,2,1,-1,1,-1,-1,0,-1,-1,-1,-1,-1,-1,-1,-1,-1,-1,-1
89101,108,143,305,B,95.0,84.04761905,4.5,157,-1,-1,2,1,-1,-1,-1,0,-1,1,1,-1,0,-1,-1,-1,-1,-1,-1,1,2,-1,-1,1,-1,1,-1,0,0,-1,0,1,2,0,1,1,-1,1,0,0,0,-1,2,-1,-1,-1,-1,-1,-1,-1
89117,20,57,43,A,95.0,95.0,3.5,47,-1,-1,0,1,-1,-1,-1,1,0,1,1,-1,1,-1,-1,-1,0,-1,-1,1,3,-1,-1,1,-1,0,-1,0,0,-1,1,1,1,1,1,1,-1,1,1,0,0,-1,3,-1,-1,-1,-1,-1,1,1
89149,20,81,45,A,95.0,95.0,4.0,91,-1,-1,-1,-1,-1,-1,-1,1,-1,1,1,-1,0,-1,-1,-1,-1,-1,-1,-1,-1,-1,-1,-1,-1,-1,-1,-1,-1,-1,-1,-1,1,-1,-1,1,-1,1,0,0,-1,-1,-1,-1,-1,-1,-1,-1,-1,-1
89147,26,18,58,B,95.0,86.66666667,1.5,6,-1,-1,-1,-1,-1,-1,-1,-1,-1,-1,-1,-1,-1,-1,-1,-1,-1,-1,-1,-1,-1,-1,-1,0,-1,-1,-1,-1,0,-1,-1,-1,-1,-1,0,-1,-1,-1,-1,-1,-1,-1,-1,-1,-1,-1,-1,-1,-1,-1
89123,31,27,59,A,95.0,93.88888889,4.0,231,-1,-1,0,1,-1,-1,-1,1,0,1,1,-1,1,-1,-1,-1,0,-1,-1,1,3,-1,1,0,-1,0,-1,0,0,-1,1,1,2,1,1,1,-1,1,0,0,0,-1,3,-1,-1,-1,1,1,-1,-1
89119,59,0,185,B,95.0,86.0,3.5,206,-1,-1,2,1,-1,-1,-1,1,-1,1,1,-1,0,-1,-1,-1,-1,-1,-1,1,2,-1,-1,1,-1,1,-1,1,0,-1,0,1,1,0,0,1,-1,1,1,-1,-1,-1,2,-1,-1,-1,-1,-1,-1,-1
89128,81,44,180,A,93.0,90.0,3.0,35,-1,-1,0,1,-1,-1,-1,1,-1,1,1,-1,1,0,-1,-1,-1,-1,0,1,2,-1,0,0,-1,0,-1,1,0,-1,0,1,1,0,0,1,-1,1,0,-1,-1,-1,-1,-1,-1,-1,-1,-1,-1,-1
89103,24,0,50,A,95.0,94.0,3.0,14,-1,-1,2,0,-1,-1,0,0,0,1,0,-1,1,0,-1,-1,-1,-1,0,1,-1,-1,0,1,1,1,-1,0,-1,-1,1,1,2,0,-1,1,-1,-1,1,0,-1,-1,-1,-1,-1,1,-1,-1,-1,-1
89117,12,21,22,A,95.0,95.0,4.0,96,-1,-1,0,1,-1,-1,-1,1,0,1,1,-1,1,-1,-1,-1,0,0,-1,1,2,-1,-1,1,-1,1,-1,0,0,-1,0,1,1,0,0,1,-1,1,0,1,1,-1,2,-1,-1,-1,1,-1,-1,-1
89117,12,21,22,A,95.0,95.0,3.5,13,-1,-1,0,0,-1,-1,-1,-1,-1,1,0,-1,1,-1,-1,-1,-1,0,-1,1,1,-1,-1,1,-1,1,-1,1,0,-1,0,1,1,0,1,1,-1,-1,0,-1,-1,-1,-1,-1,-1,-1,-1,-1,-1,-1
89117,14,28,43,A,95.0,90.0,3.0,20,-1,-1,1,0,-1,-1,-1,1,0,1,1,-1,0,-1,-1,-1,0,-1,-1,1,2,-1,-1,0,-1,1,-1,0,0,-1,0,1,2,1,1,1,-1,1,0,-1,-1,-1,-1,-1,-1,-1,-1,-1,-1,-1
89104,76,111,178,B,95.0,86.42857143,4.0,1492,-1,-1,0,1,-1,-1,-1,1,0,1,1,-1,0,-1,-1,-1,-1,-1,-1,1,3,-1,-1,0,-1,1,-1,1,0,-1,0,1,1,0,0,1,-1,1,0,0,0,-1,3,-1,-1,-1,-1,-1,-1,-1
89102,145,188,276,B,95.0,87.17391304,2.0,532,-1,-1,0,1,0,1,-1,0,-1,0,1,-1,0,-1,0,-1,0,-1,-1,1,2,-1,-1,0,-1,1,-1,0,0,-1,0,1,2,0,1,1,-1,1,0,0,0,-1,2,-1,-1,-1,-1,-1,-1,-1
89134,13,24,25,A,95.0,95.0,3.5,21,-1,-1,-1,-1,-1,-1,-1,1,-1,1,1,-1,0,-1,-1,-1,-1,-1,-1,-1,-1,-1,-1,-1,-1,-1,-1,1,-1,-1,1,-1,1,-1,-1,1,-1,-1,-1,-1,-1,-1,-1,-1,-1,-1,-1,-1,-1,-1
89107,53,49,135,A,95.0,92.5,4.5,276,-1,-1,0,1,-1,-1,-1,1,-1,1,1,-1,0,-1,-1,-1,1,-1,-1,1,3,-1,-1,0,-1,1,-1,0,0,-1,0,1,1,1,1,1,-1,1,1,0,0,-1,3,-1,-1,-1,-1,-1,-1,-1
89117,2,3,3,A,95.0,95.0,2.5,19,-1,-1,0,1,-1,-1,-1,1,-1,1,1,-1,0,-1,-1,-1,1,0,-1,1,-1,-1,-1,0,-1,1,-1,0,-1,-1,1,1,2,0,-1,1,-1,-1,0,0,-1,-1,-1,-1,-1,-1,-1,-1,-1,-1
89115,61,3,114,A,95.0,91.875,3.5,20,-1,-1,0,2,-1,-1,-1,0,-1,1,1,-1,0,-1,-1,-1,-1,-1,-1,1,1,-1,-1,1,-1,2,-1,0,0,-1,0,1,1,0,0,1,-1,-1,0,1,-1,-1,1,-1,-1,-1,-1,-1,-1,-1
89108,27,41,57,A,95.0,95.0,3.5,199,-1,-1,2,1,-1,-1,-1,1,-1,1,1,-1,1,-1,-1,-1,-1,-1,-1,1,3,-1,-1,1,-1,1,-1,1,0,-1,0,1,2,1,1,1,-1,-1,0,1,-1,-1,-1,-1,-1,-1,-1,-1,-1,-1
89103,39,120,92,B,95.0,84.58333333,4.0,1031,-1,-1,0,1,-1,-1,-1,1,-1,1,1,-1,0,-1,-1,-1,-1,-1,-1,1,3,-1,-1,0,-1,1,-1,0,0,-1,0,1,2,0,1,1,-1,1,0,0,0,-1,3,-1,1,-1,-1,1,-1,-1
89147,115,160,243,B,95.0,89.5,3.5,155,-1,-1,0,1,-1,-1,-1,1,-1,1,1,-1,1,-1,-1,-1,-1,-1,-1,1,2,-1,-1,0,-1,0,-1,0,0,-1,1,1,1,0,0,1,-1,1,0,-1,-1,-1,1,-1,-1,-1,-1,1,-1,0
89119,40,72,89,A,95.0,91.25,2.5,35,-1,-1,0,0,-1,-1,-1,1,-1,1,1,-1,1,-1,-1,-1,-1,-1,-1,1,1,-1,-1,1,-1,1,-1,0,0,-1,1,1,2,0,0,1,-1,-1,1,-1,-1,-1,-1,-1,-1,-1,-1,-1,-1,-1
89107,12,0,18,A,95.0,95.0,4.0,5,-1,-1,0,-1,-1,-1,3,1,-1,1,0,-1,-1,0,-1,-1,-1,-1,1,1,0,-1,1,1,-1,1,-1,0,0,-1,-1,1,2,0,-1,1,1,-1,1,-1,-1,-1,-1,-1,-1,-1,-1,-1,-1,-1
89128,33,102,79,A,95.0,94.23076923,4.0,428,-1,-1,1,1,-1,-1,-1,1,-1,1,1,-1,1,-1,-1,-1,-1,-1,-1,1,3,-1,-1,1,-1,1,-1,1,0,-1,0,1,2,0,0,1,-1,1,0,0,1,-1,3,-1,1,-1,1,1,-1,-1
89123,121,116,311,B,95.0,88.80952381,3.5,461,-1,-1,1,1,-1,-1,-1,1,-1,1,1,-1,0,-1,-1,-1,-1,-1,-1,1,2,-1,-1,0,-1,1,-1,0,0,-1,0,1,1,1,1,1,-1,1,0,0,0,-1,2,-1,-1,-1,-1,1,-1,1
89122,49,75,93,A,95.0,93.33333333,2.5,5,-1,-1,2,0,-1,-1,3,1,-1,1,0,-1,1,0,-1,-1,-1,-1,1,1,-1,-1,1,1,0,1,-1,0,0,-1,0,1,1,0,-1,1,1,-1,1,1,1,-1,-1,-1,-1,1,-1,-1,-1,-1
89146,80,55,173,B,95.0,87.72727273,4.0,36,-1,-1,1,1,-1,-1,-1,1,-1,1,1,-1,1,-1,-1,-1,-1,-1,-1,1,1,-1,-1,0,-1,0,0,0,0,-1,0,1,2,1,1,1,-1,1,0,-1,-1,-1,-1,-1,-1,-1,-1,-1,-1,-1
89103,58,72,121,B,95.0,85.0,3.0,31,-1,-1,0,1,-1,-1,-1,0,-1,1,1,-1,1,-1,-1,-1,-1,-1,-1,1,1,-1,-1,0,-1,1,-1,1,0,-1,1,1,2,0,0,1,-1,-1,1,-1,-1,-1,-1,-1,-1,-1,-1,-1,-1,-1
89135,21,26,35,A,95.0,95.0,4.0,461,-1,-1,2,1,-1,-1,3,1,-1,1,1,-1,1,0,-1,-1,1,-1,0,1,2,-1,0,1,1,1,-1,1,0,-1,0,1,2,1,1,1,0,1,1,0,-1,1,2,-1,-1,0,-1,-1,-1,-1
89128,9,0,7,A,95.0,95.0,4.0,84,-1,-1,0,1,-1,-1,-1,1,-1,1,1,-1,1,-1,-1,-1,-1,-1,-1,1,-1,-1,-1,0,-1,0,-1,0,-1,-1,0,0,2,0,-1,1,-1,-1,0,0,-1,-1,-1,-1,-1,-1,-1,-1,-1,-1
89103,32,84,63,A,95.0,94.0,3.5,70,-1,-1,0,-1,-1,-1,-1,1,-1,1,1,-1,1,-1,-1,-1,-1,-1,-1,1,-1,-1,-1,0,-1,1,-1,1,0,-1,0,1,1,0,-1,1,-1,-1,1,1,-1,-1,-1,1,-1,-1,-1,-1,-1,-1
89130,43,117,90,A,95.0,93.46153846,3.0,16,-1,-1,2,0,-1,-1,1,1,-1,1,1,-1,1,0,-1,-1,0,-1,0,1,-1,-1,1,1,0,1,-1,0,0,-1,0,1,2,0,-1,1,1,1,0,0,-1,-1,-1,-1,-1,0,-1,-1,-1,-1
89117,74,36,174,A,95.0,90.26315789,2.5,48,-1,-1,0,1,-1,-1,-1,1,-1,1,1,-1,1,-1,-1,-1,-1,1,-1,1,3,-1,-1,0,-1,0,-1,0,0,-1,0,0,1,0,0,1,-1,-1,0,0,-1,-1,3,-1,-1,-1,-1,-1,-1,-1
89117,74,36,174,A,95.0,90.26315789,3.0,61,-1,-1,0,1,-1,-1,-1,1,-1,1,1,-1,0,-1,-1,-1,-1,-1,-1,1,4,-1,-1,0,-1,1,-1,1,0,-1,0,1,1,0,0,1,-1,-1,0,0,0,-1,4,-1,-1,-1,-1,-1,-1,0
89117,74,36,174,A,95.0,90.26315789,3.0,74,-1,-1,0,1,-1,-1,-1,1,-1,1,0,-1,1,-1,-1,-1,0,-1,-1,1,5,-1,-1,0,-1,1,-1,0,0,-1,0,1,1,0,0,1,-1,-1,0,0,-1,-1,5,-1,-1,-1,1,1,-1,0
89117,25,84,51,A,95.0,94.0,3.5,204,-1,-1,2,1,-1,-1,-1,1,-1,1,1,-1,0,-1,-1,-1,-1,-1,-1,1,3,-1,-1,1,-1,1,-1,0,0,-1,0,1,2,1,1,1,-1,-1,1,1,0,-1,3,-1,1,-1,-1,1,-1,1
89102,261,0,579,B,95.0,84.70588235,4.0,1410,-1,-1,2,1,0,1,-1,1,-1,1,1,-1,0,-1,0,-1,0,-1,-1,1,2,-1,-1,0,-1,1,-1,0,0,1,0,1,2,1,1,1,-1,1,0,0,0,-1,2,-1,-1,-1,-1,1,-1,-1
89110,44,96,90,B,95.0,83.33333333,2.0,13,-1,-1,0,0,-1,-1,-1,-1,-1,1,0,-1,-1,-1,-1,-1,-1,-1,-1,1,2,-1,-1,0,-1,1,-1,0,0,-1,0,1,1,0,0,1,-1,0,0,-1,-1,-1,-1,-1,-1,-1,-1,-1,-1,-1
89147,21,8,40,A,95.0,94.16666667,4.0,128,-1,-1,2,-1,-1,-1,-1,1,-1,1,1,-1,0,-1,-1,-1,-1,-1,1,-1,-1,-1,1,1,-1,1,-1,0,-1,-1,-1,1,1,0,-1,1,-1,1,1,0,1,-1,-1,-1,-1,-1,-1,-1,-1,-1
89106,44,45,134,B,95.0,89.44444444,3.5,209,-1,-1,1,1,0,1,-1,1,-1,1,1,-1,0,-1,0,-1,-1,-1,-1,1,2,-1,-1,0,-1,1,-1,0,0,-1,0,1,2,0,1,1,-1,1,0,-1,-1,-1,-1,-1,-1,-1,-1,-1,-1,-1
89101,56,3,152,A,95.0,90.33333333,4.5,3,-1,-1,-1,0,-1,-1,-1,0,-1,1,1,-1,-1,-1,-1,-1,-1,-1,-1,1,-1,-1,-1,-1,-1,-1,-1,-1,-1,-1,1,-1,-1,0,-1,1,-1,-1,-1,-1,-1,-1,-1,-1,-1,-1,-1,-1,-1,-1
89121,28,30,56,A,95.0,94.0,4.0,13,-1,-1,2,0,-1,-1,2,1,-1,0,0,-1,1,0,-1,-1,-1,-1,1,-1,-1,-1,1,1,0,1,-1,0,-1,-1,-1,1,1,0,-1,1,-1,-1,1,0,0,-1,-1,-1,-1,0,-1,-1,-1,-1
89102,99,60,196,B,95.0,86.17647059,3.5,25,-1,-1,0,1,-1,-1,-1,1,-1,1,1,-1,1,-1,-1,-1,-1,0,-1,1,2,-1,-1,1,-1,1,-1,1,0,-1,0,1,1,0,0,1,-1,-1,0,0,-1,-1,2,-1,-1,-1,-1,-1,-1,-1
89148,25,72,53,A,95.0,93.75,2.5,20,-1,-1,-1,-1,-1,-1,-1,0,-1,1,1,-1,-1,-1,-1,-1,-1,-1,-1,-1,-1,-1,-1,-1,-1,-1,-1,-1,-1,-1,1,-1,1,-1,-1,-1,-1,1,0,-1,-1,-1,-1,-1,-1,-1,-1,-1,-1,-1
89121,35,48,66,B,95.0,88.0,4.5,132,-1,-1,0,-1,-1,-1,-1,1,-1,0,1,0,1,-1,-1,-1,-1,-1,-1,1,0,-1,-1,1,-1,0,-1,0,0,-1,0,1,1,0,-1,1,-1,1,0,0,0,-1,-1,-1,-1,-1,-1,-1,-1,-1
89148,37,99,80,B,95.0,80.38461538,3.0,98,-1,-1,0,1,-1,-1,-1,1,-1,1,1,-1,0,-1,-1,-1,-1,0,-1,1,5,-1,-1,0,-1,1,-1,0,0,-1,0,1,2,0,1,1,-1,-1,1,0,0,-1,5,-1,-1,-1,-1,-1,-1,-1
89128,22,48,59,A,95.0,90.0,4.5,3,-1,-1,0,1,-1,-1,-1,1,0,1,0,-1,1,-1,-1,-1,-1,-1,-1,1,-1,-1,-1,0,-1,1,-1,1,-1,-1,1,1,1,0,-1,1,-1,-1,0,-1,-1,-1,-1,-1,-1,-1,-1,-1,-1,-1
89106,22,56,44,A,95.0,95.0,4.0,21,-1,-1,0,0,-1,-1,-1,0,-1,0,1,-1,1,-1,-1,-1,-1,-1,-1,1,1,-1,-1,1,-1,0,-1,0,0,-1,0,1,1,0,0,1,-1,1,0,0,-1,-1,1,-1,-1,-1,-1,-1,-1,0
89139,2,8,8,A,95.0,95.0,4.5,16,-1,-1,2,0,-1,-1,3,1,-1,1,3,-1,-1,-1,-1,-1,-1,-1,1,1,0,-1,-1,1,-1,2,-1,1,-1,-1,1,1,1,1,-1,1,-1,-1,0,-1,-1,-1,-1,-1,-1,-1,-1,1,-1,-1
89102,102,66,235,A,95.0,90.45454545,4.5,493,-1,-1,0,1,-1,-1,-1,1,0,1,1,-1,1,-1,-1,-1,0,-1,-1,1,3,-1,-1,0,-1,1,-1,1,0,-1,1,1,1,0,1,1,-1,1,1,0,0,-1,3,1,-1,-1,1,1,-1,-1
89147,63,78,133,A,95.0,91.92307692,4.0,40,-1,-1,1,1,-1,-1,-1,1,0,1,1,-1,1,0,-1,-1,0,-1,-1,1,1,-1,1,0,-1,1,-1,0,0,-1,0,1,3,1,1,1,1,1,0,-1,-1,-1,-1,-1,-1,-1,-1,-1,-1,-1
89118,25,17,53,A,95.0,93.18181818,3.0,227,-1,-1,2,0,-1,-1,3,1,-1,1,3,-1,1,1,-1,-1,-1,-1,1,1,-1,-1,1,1,1,2,-1,1,0,-1,0,1,2,1,-1,1,1,1,0,0,0,-1,-1,-1,-1,-1,-1,-1,-1,-1
89118,9,24,27,A,95.0,95.0,3.0,29,-1,-1,0,0,-1,-1,3,1,-1,1,1,-1,0,-1,-1,-1,0,-1,-1,1,1,-1,-1,1,-1,1,-1,0,0,-1,0,0,1,0,0,1,1,1,0,-1,-1,-1,-1,-1,-1,-1,-1,-1,-1,-1
89120,67,129,136,A,95.0,91.66666667,3.5,99,-1,-1,0,1,-1,-1,-1,0,-1,1,1,-1,1,-1,-1,-1,-1,-1,-1,1,2,-1,-1,0,-1,1,-1,0,0,-1,1,1,1,0,0,1,-1,1,0,0,-1,-1,2,-1,-1,-1,-1,-1,-1,-1
89103,41,74,85,A,95.0,92.5,4.5,11,-1,-1,2,2,-1,-1,-1,0,0,1,0,-1,-1,0,-1,-1,0,-1,0,1,-1,-1,1,1,0,1,-1,0,-1,-1,1,1,1,0,-1,1,1,1,1,0,-1,-1,-1,-1,-1,0,-1,-1,-1,-1
89104,147,238,354,B,89.54545455,85.90909091,4.0,55,-1,-1,1,1,-1,-1,-1,1,-1,1,1,-1,1,-1,-1,-1,-1,-1,-1,1,1,-1,-1,1,-1,1,-1,0,0,-1,0,1,2,1,1,1,-1,1,0,-1,-1,-1,-1,-1,-1,-1,-1,-1,-1,-1
89104,31,62,57,A,95.0,94.09090909,4.0,25,-1,-1,2,1,-1,-1,3,1,-1,1,1,-1,-1,0,-1,-1,0,-1,0,0,-1,-1,1,1,1,1,-1,0,0,-1,0,1,1,0,-1,1,1,1,1,0,0,-1,-1,-1,-1,1,-1,-1,-1,-1
89101,50,12,141,A,95.0,91.66666667,4.5,27,-1,-1,0,1,-1,-1,-1,1,-1,1,1,-1,0,-1,-1,-1,-1,-1,-1,1,2,-1,-1,1,-1,1,-1,0,0,-1,1,1,1,0,0,1,-1,-1,0,-1,-1,-1,2,-1,-1,-1,-1,-1,-1,-1
89110,34,18,128,B,95.0,86.11111111,2.0,12,-1,-1,0,0,-1,-1,-1,-1,-1,1,0,-1,-1,-1,-1,-1,-1,-1,-1,1,0,-1,-1,1,-1,0,-1,0,0,-1,1,1,2,0,0,1,-1,-1,1,-1,-1,-1,-1,-1,-1,-1,-1,-1,-1,-1
89110,34,18,128,B,95.0,86.11111111,1.5,21,-1,-1,0,0,-1,-1,-1,1,-1,1,-1,-1,1,-1,-1,-1,-1,1,-1,1,1,-1,-1,0,-1,2,-1,0,0,-1,0,1,1,0,0,1,-1,-1,1,1,-1,-1,1,-1,-1,-1,-1,-1,-1,-1
89145,29,60,92,B,95.0,86.66666667,3.5,21,-1,-1,0,1,-1,-1,-1,1,-1,1,0,-1,0,-1,-1,-1,-1,-1,-1,0,0,-1,-1,1,-1,3,-1,0,0,-1,0,1,2,0,1,1,-1,1,1,-1,-1,-1,-1,-1,-1,-1,-1,-1,-1,-1
89103,17,18,50,A,95.0,90.0,4.0,55,-1,-1,2,2,-1,-1,-1,1,-1,1,1,-1,1,-1,-1,-1,-1,-1,-1,1,1,-1,1,1,-1,0,-1,0,0,-1,0,1,2,0,1,0,-1,0,1,0,-1,-1,3,-1,-1,-1,-1,-1,-1,-1
89121,3,7,7,A,95.0,95.0,4.0,4,-1,-1,0,0,-1,-1,-1,1,-1,1,1,-1,0,-1,-1,-1,0,-1,-1,1,0,-1,-1,1,-1,0,-1,0,0,-1,1,1,1,1,1,1,-1,1,1,-1,-1,-1,-1,-1,-1,-1,-1,-1,-1,-1
89147,6,30,15,A,95.0,95.0,3.5,8,-1,-1,0,0,-1,-1,-1,0,-1,1,0,-1,1,-1,-1,-1,-1,-1,-1,1,0,-1,-1,0,-1,0,-1,1,0,-1,1,1,1,0,0,1,-1,-1,0,-1,-1,-1,-1,-1,-1,-1,-1,-1,-1,-1
89128,79,8,155,A,95.0,91.47058824,3.5,31,-1,-1,0,1,-1,-1,-1,1,-1,1,1,-1,0,-1,-1,-1,-1,0,-1,1,1,-1,-1,0,-1,1,-1,1,0,-1,0,1,1,0,0,1,-1,1,1,0,-1,-1,-1,-1,-1,-1,-1,-1,-1,-1
89119,44,62,74,A,95.0,95.0,4.0,84,-1,-1,2,2,-1,-1,3,1,-1,1,1,-1,0,0,-1,-1,0,-1,0,0,3,-1,1,1,1,1,-1,0,0,-1,0,1,1,0,1,1,1,-1,1,0,-1,-1,3,-1,-1,1,-1,-1,-1,-1
89117,69,27,152,A,95.0,91.25,3.5,537,-1,-1,1,1,-1,-1,-1,1,-1,1,1,-1,0,-1,-1,-1,-1,-1,-1,1,2,-1,-1,0,-1,1,-1,0,0,-1,0,1,2,1,1,1,-1,1,0,0,0,-1,2,-1,-1,-1,1,1,-1,1
89103,66,90,133,A,95.0,91.47058824,3.0,110,-1,-1,0,1,-1,-1,-1,0,-1,1,1,-1,0,-1,-1,-1,-1,0,-1,1,3,-1,-1,0,-1,1,-1,0,0,-1,0,1,1,0,0,1,-1,1,0,0,-1,-1,3,-1,-1,-1,-1,-1,-1,-1
89118,72,126,131,A,95.0,92.85714286,3.0,214,-1,-1,2,1,-1,-1,-1,0,-1,1,1,-1,1,-1,-1,-1,-1,0,-1,0,3,-1,-1,1,-1,1,-1,0,0,-1,1,1,2,1,1,1,-1,1,0,1,-1,-1,3,-1,-1,-1,-1,-1,-1,-1
89123,4,0,3,E,95.0,47.5,5.0,24,-1,-1,0,1,-1,-1,-1,1,-1,1,1,-1,1,-1,-1,-1,-1,-1,-1,1,-1,-1,-1,0,-1,0,-1,0,0,-1,1,1,2,0,-1,1,-1,-1,1,1,-1,-1,-1,-1,-1,-1,-1,-1,-1,-1
89102,27,30,41,A,95.0,95.0,3.5,125,-1,-1,2,1,-1,-1,3,1,-1,1,1,-1,1,0,-1,-1,-1,-1,0,0,0,-1,1,1,1,2,-1,0,0,-1,1,1,1,0,-1,1,1,1,0,0,0,-1,-1,-1,-1,0,-1,-1,-1,-1
89104,43,83,106,A,95.0,91.92307692,3.5,140,-1,-1,0,1,0,1,-1,1,-1,1,1,-1,1,-1,0,-1,-1,-1,-1,1,3,-1,-1,0,-1,1,-1,0,0,-1,0,1,1,0,0,1,-1,1,0,1,1,-1,3,-1,-1,-1,-1,-1,-1,-1
89117,6,18,19,A,95.0,95.0,4.5,323,-1,-1,2,1,0,0,-1,1,-1,1,1,-1,0,-1,1,-1,-1,-1,-1,0,1,-1,-1,0,-1,1,-1,0,1,-1,0,1,3,1,1,1,-1,1,0,-1,-1,-1,-1,-1,-1,-1,-1,-1,-1,-1
89102,9,9,22,A,95.0,91.66666667,4.0,219,-1,-1,0,1,-1,-1,-1,1,-1,1,2,-1,1,-1,-1,-1,1,-1,-1,1,3,-1,-1,0,-1,1,-1,1,0,-1,0,0,2,1,1,1,-1,1,1,-1,-1,-1,3,-1,1,-1,1,1,-1,-1
89130,108,85,230,A,95.0,90.23809524,3.5,87,-1,-1,0,1,-1,-1,-1,1,-1,1,0,-1,1,-1,-1,-1,-1,-1,-1,1,2,-1,-1,0,-1,0,-1,0,0,-1,1,1,1,0,0,1,-1,1,0,-1,-1,-1,2,-1,-1,-1,-1,-1,-1,-1
89102,113,138,276,B,95.0,88.18181818,3.0,131,-1,-1,2,1,-1,-1,-1,1,-1,1,1,-1,1,-1,-1,-1,-1,-1,0,1,2,-1,1,0,0,1,-1,0,0,1,0,1,2,1,1,1,-1,0,0,1,-1,-1,2,-1,-1,-1,-1,-1,-1,-1
89113,69,104,139,B,95.0,87.0,3.5,174,-1,-1,1,1,-1,-1,-1,0,-1,1,1,-1,1,-1,-1,-1,-1,-1,-1,1,2,-1,-1,0,-1,0,-1,0,0,-1,1,1,2,0,1,1,-1,1,0,0,-1,-1,2,-1,-1,-1,-1,-1,-1,-1
89143,34,94,88,A,94.28571429,92.85714286,3.0,43,-1,-1,0,1,-1,-1,-1,1,0,1,1,-1,0,-1,-1,-1,0,1,-1,1,2,-1,-1,0,-1,1,-1,0,0,-1,0,1,1,0,0,1,-1,-1,0,0,-1,-1,3,-1,-1,-1,-1,-1,-1,-1
89118,30,27,71,A,95.0,91.66666667,4.5,22,-1,-1,2,1,-1,-1,2,1,-1,1,1,-1,-1,0,-1,-1,-1,-1,0,-1,-1,-1,1,1,0,0,-1,0,-1,-1,-1,1,2,0,-1,-1,1,-1,-1,-1,-1,-1,-1,-1,-1,0,-1,-1,-1,-1
89109,132,117,313,B,95.0,83.2,2.5,6,-1,-1,1,0,-1,-1,-1,-1,-1,1,0,-1,0,-1,-1,-1,-1,-1,-1,1,0,-1,-1,0,-1,0,-1,0,0,-1,0,1,1,0,1,0,-1,1,0,-1,-1,-1,-1,-1,-1,-1,-1,-1,-1,-1
89115,59,63,110,A,95.0,91.42857143,3.0,38,-1,-1,0,0,-1,-1,-1,0,-1,1,0,-1,1,-1,-1,-1,-1,-1,-1,1,0,-1,-1,0,-1,0,-1,0,0,-1,1,1,1,1,1,1,-1,1,0,-1,-1,-1,-1,-1,-1,-1,-1,-1,-1,-1
89117,8,16,16,A,95.0,95.0,4.5,84,-1,-1,1,1,-1,-1,-1,1,-1,1,1,-1,1,-1,-1,-1,-1,-1,-1,1,2,-1,-1,1,-1,1,-1,1,0,-1,1,1,2,1,0,1,-1,1,1,-1,-1,-1,-1,-1,-1,-1,-1,-1,-1,-1
89117,89,128,161,A,95.0,90.625,3.5,166,-1,-1,0,1,-1,-1,-1,0,0,1,1,-1,1,-1,-1,-1,0,-1,-1,1,2,-1,-1,0,-1,1,-1,0,0,-1,1,1,2,0,0,1,-1,1,1,0,-1,-1,2,-1,-1,-1,-1,-1,-1,0
89115,23,75,50,B,95.0,84.44444444,5.0,5,-1,-1,2,0,-1,-1,3,1,0,0,0,-1,1,0,-1,-1,0,0,0,1,-1,-1,1,1,1,1,-1,0,-1,-1,1,1,1,0,-1,1,1,1,0,0,0,-1,-1,-1,-1,1,-1,-1,-1,-1
89123,20,45,38,A,95.0,95.0,2.0,16,-1,-1,0,0,-1,-1,-1,1,-1,1,0,-1,0,-1,-1,-1,-1,-1,-1,1,0,-1,-1,0,-1,0,-1,0,0,-1,0,0,1,0,0,1,-1,-1,0,-1,-1,-1,-1,-1,-1,-1,-1,-1,-1,-1
89118,15,39,28,B,95.0,81.42857143,4.0,109,-1,-1,0,1,-1,-1,-1,1,-1,1,1,-1,1,-1,-1,-1,0,0,-1,1,2,-1,-1,1,-1,1,-1,0,0,-1,0,1,1,1,0,1,-1,1,0,0,-1,-1,2,-1,-1,-1,-1,-1,-1,-1
89123,49,83,108,A,95.0,92.14285714,3.5,124,-1,-1,0,1,-1,-1,-1,1,-1,1,1,-1,1,-1,-1,-1,-1,-1,-1,1,4,-1,-1,0,-1,1,-1,0,0,-1,0,1,1,0,0,1,-1,1,0,0,0,-1,4,-1,-1,-1,-1,-1,-1,0
89145,21,64,53,A,95.0,95.0,4.0,505,-1,-1,2,1,-1,-1,3,1,-1,1,2,-1,1,0,-1,-1,-1,-1,0,1,4,-1,1,1,0,1,-1,1,0,-1,1,1,2,1,1,1,0,1,0,1,0,-1,4,-1,-1,-1,-1,-1,-1,-1
89139,80,397,170,A,80.88235294,90.88235294,2.5,205,-1,-1,0,0,-1,-1,-1,0,0,1,1,-1,1,-1,-1,-1,0,0,-1,1,2,-1,-1,1,-1,1,-1,0,0,-1,1,1,2,0,0,1,-1,1,0,0,0,-1,2,-1,-1,-1,-1,-1,-1,0
89129,50,0,121,A,95.0,93.82352941,2.5,131,-1,-1,0,1,-1,-1,3,1,0,1,1,-1,1,-1,-1,-1,-1,-1,1,1,2,-1,-1,1,-1,1,-1,1,0,-1,0,1,1,0,0,1,-1,1,1,0,-1,-1,2,-1,-1,-1,-1,-1,-1,0
89129,50,0,121,A,95.0,93.82352941,3.0,94,-1,-1,0,0,-1,-1,-1,1,-1,1,1,-1,0,-1,-1,-1,-1,-1,-1,1,0,-1,-1,0,-1,2,-1,1,0,-1,0,1,1,0,-1,1,-1,1,0,0,-1,-1,-1,-1,-1,-1,-1,-1,-1,-1
89118,93,18,264,B,95.0,84.77272727,3.0,15,-1,-1,0,0,-1,-1,-1,1,0,1,0,-1,0,-1,-1,-1,-1,0,-1,1,0,-1,-1,1,-1,0,-1,0,0,-1,1,1,1,0,1,1,-1,1,1,0,-1,-1,-1,-1,-1,-1,-1,-1,-1,-1
89101,23,9,46,A,95.0,93.88888889,4.0,188,-1,-1,2,1,-1,-1,3,0,0,1,1,-1,0,0,-1,-1,1,-1,1,1,-1,-1,1,1,1,1,-1,1,0,-1,1,1,2,0,-1,1,1,1,0,0,-1,-1,-1,-1,-1,0,-1,-1,-1,-1
89169,76,75,143,A,95.0,90.26315789,2.0,14,-1,-1,0,0,-1,-1,-1,1,-1,1,0,-1,1,-1,-1,-1,-1,-1,-1,1,0,-1,-1,0,-1,2,-1,0,0,-1,0,1,1,0,0,1,-1,-1,0,0,-1,-1,-1,-1,-1,-1,-1,-1,-1,0
89030,33,96,76,B,95.0,86.25,4.0,8,-1,-1,0,0,-1,-1,-1,0,-1,1,1,-1,1,-1,-1,-1,-1,-1,-1,1,0,-1,-1,0,-1,1,-1,1,0,-1,0,1,2,0,-1,1,-1,-1,0,0,-1,-1,-1,-1,-1,-1,-1,-1,-1,-1
89122,98,133,210,B,95.0,89.70588235,4.0,496,-1,-1,1,1,-1,-1,-1,1,-1,1,1,-1,1,-1,-1,-1,-1,-1,-1,1,2,-1,-1,1,-1,1,-1,0,0,-1,0,1,2,0,1,1,-1,1,0,0,-1,-1,2,-1,-1,-1,1,1,-1,1
89141,24,30,49,A,95.0,95.0,4.0,151,-1,-1,0,1,-1,-1,-1,1,0,1,1,-1,0,-1,-1,-1,1,-1,-1,1,3,-1,-1,0,-1,0,-1,1,0,-1,0,1,1,0,0,1,-1,1,1,1,-1,-1,3,1,-1,-1,-1,-1,-1,-1
89146,45,71,76,A,95.0,91.25,4.5,414,-1,-1,1,1,-1,-1,-1,0,0,1,1,-1,0,-1,-1,-1,0,-1,-1,1,1,-1,-1,1,-1,1,-1,0,0,-1,0,1,2,1,1,1,-1,1,0,0,0,-1,1,-1,-1,-1,-1,1,-1,-1
89101,37,96,75,A,95.0,94.16666667,4.0,50,-1,-1,1,1,-1,-1,-1,0,-1,1,0,-1,0,-1,-1,-1,-1,-1,-1,1,2,-1,-1,1,-1,0,-1,0,0,-1,0,1,1,0,1,1,-1,1,0,0,-1,-1,2,-1,-1,-1,-1,-1,-1,-1
89102,119,0,272,B,95.0,86.875,3.0,45,-1,-1,0,1,-1,-1,-1,0,-1,1,1,-1,1,-1,-1,-1,-1,-1,-1,1,1,-1,-1,0,-1,1,-1,0,0,-1,0,1,2,1,1,1,-1,-1,0,0,0,-1,-1,-1,-1,-1,-1,-1,-1,-1
89139,12,24,29,A,95.0,95.0,3.0,42,-1,-1,0,1,-1,-1,-1,-1,-1,1,1,-1,0,-1,-1,-1,-1,-1,-1,1,3,-1,-1,0,-1,1,-1,0,0,-1,0,1,1,0,1,1,-1,1,0,-1,-1,-1,-1,-1,-1,-1,-1,-1,-1,-1
89147,60,76,149,A,95.0,90.71428571,4.0,103,-1,-1,0,1,-1,-1,-1,1,-1,1,1,-1,1,-1,-1,-1,-1,0,-1,1,1,-1,-1,1,-1,0,-1,1,0,-1,0,1,1,0,0,1,-1,1,1,0,-1,1,1,-1,-1,-1,-1,-1,-1,-1
89128,47,87,110,A,91.42857143,92.14285714,4.0,133,-1,-1,0,1,-1,-1,-1,1,-1,1,1,-1,1,-1,-1,-1,-1,1,-1,1,-1,-1,-1,0,-1,1,-1,0,-1,-1,0,1,1,0,-1,1,-1,1,0,0,0,-1,-1,-1,-1,-1,-1,-1,-1,-1
89123,23,27,51,B,72.5,80.0,3.5,28,-1,-1,0,0,-1,-1,-1,1,-1,1,0,-1,1,-1,-1,-1,-1,0,-1,1,0,-1,-1,1,-1,1,-1,0,0,-1,0,1,2,0,-1,1,-1,-1,0,-1,-1,-1,-1,-1,-1,-1,-1,-1,-1,-1
89146,6,27,51,B,95.0,88.33333333,4.5,7,-1,-1,0,0,-1,-1,-1,-1,-1,1,5,-1,1,-1,-1,-1,0,-1,-1,1,2,-1,-1,1,-1,0,-1,1,0,-1,0,1,1,0,0,1,-1,1,0,-1,-1,-1,-1,-1,-1,-1,-1,-1,-1,-1
89122,111,156,267,A,95.0,90.41666667,2.5,17,-1,-1,0,0,-1,-1,-1,1,-1,1,0,-1,0,-1,-1,-1,-1,0,-1,1,2,-1,-1,0,-1,1,-1,0,0,-1,0,1,1,0,0,1,-1,-1,0,0,0,-1,2,-1,-1,-1,-1,-1,-1,0
89122,111,156,267,A,95.0,90.41666667,2.5,48,-1,-1,0,1,-1,-1,-1,1,-1,1,0,-1,0,-1,-1,-1,-1,1,-1,1,3,-1,-1,0,-1,1,-1,0,0,-1,0,1,1,0,0,1,-1,1,0,-1,-1,-1,3,-1,-1,-1,-1,1,-1,0
89135,20,91,38,A,95.0,95.0,3.5,34,-1,-1,0,1,-1,-1,-1,1,-1,1,1,-1,1,-1,-1,-1,-1,0,-1,1,2,-1,-1,1,-1,1,-1,0,0,-1,0,1,1,0,0,1,-1,-1,0,-1,-1,-1,2,-1,-1,-1,-1,-1,-1,0
89135,20,91,38,A,95.0,95.0,3.0,22,-1,-1,0,1,-1,-1,-1,1,-1,1,1,-1,1,-1,-1,-1,-1,0,-1,1,1,-1,-1,0,-1,2,-1,0,0,-1,0,1,1,0,0,1,-1,1,0,0,-1,-1,-1,-1,-1,-1,-1,-1,-1,0
89104,10,15,25,A,95.0,95.0,2.0,3,-1,-1,0,0,-1,-1,-1,1,-1,1,0,-1,0,-1,-1,-1,-1,-1,-1,1,0,-1,-1,0,-1,0,-1,0,0,-1,1,1,1,0,0,1,-1,-1,0,-1,-1,-1,-1,-1,-1,-1,-1,-1,-1,-1
89104,10,15,25,A,95.0,95.0,3.5,5,-1,-1,0,-1,-1,-1,-1,1,-1,1,1,-1,1,-1,-1,-1,-1,-1,-1,1,-1,-1,-1,0,-1,0,-1,0,0,-1,1,0,-1,0,-1,1,-1,-1,0,-1,-1,-1,-1,-1,-1,-1,-1,-1,-1,-1
89146,54,90,125,A,95.0,90.33333333,4.0,108,-1,-1,0,1,-1,-1,-1,1,-1,1,1,0,0,-1,-1,-1,0,-1,-1,1,2,-1,-1,1,-1,1,-1,0,0,-1,0,1,1,1,1,1,-1,1,1,0,1,-1,-1,-1,-1,-1,-1,-1,-1,-1
89147,22,30,39,A,95.0,94.09090909,3.5,25,-1,-1,0,1,-1,-1,-1,1,-1,1,0,-1,0,-1,-1,-1,-1,1,-1,1,3,-1,-1,1,-1,1,-1,0,0,-1,0,1,1,0,0,1,-1,-1,1,-1,-1,-1,1,-1,-1,-1,-1,-1,-1,0
89147,22,30,39,A,95.0,94.09090909,2.0,40,-1,-1,0,0,-1,-1,-1,1,-1,1,1,-1,0,-1,-1,-1,-1,1,-1,1,3,-1,-1,1,-1,1,-1,0,0,-1,0,1,1,0,0,1,-1,-1,1,-1,-1,-1,3,1,-1,-1,-1,-1,-1,0
89106,14,0,33,B,95.0,85.0,3.0,87,-1,-1,0,0,-1,-1,-1,1,-1,1,1,-1,1,-1,-1,-1,-1,-1,-1,1,1,-1,-1,1,-1,0,-1,0,0,-1,1,1,1,0,1,1,-1,-1,0,0,-1,-1,1,-1,-1,-1,-1,-1,-1,-1
89117,2,4,4,A,95.0,95.0,4.0,5,-1,-1,1,-1,-1,-1,-1,-1,-1,1,1,-1,-1,-1,-1,-1,-1,-1,-1,1,-1,-1,-1,1,-1,1,-1,0,0,-1,0,1,1,0,-1,1,-1,1,-1,-1,-1,-1,-1,-1,-1,-1,-1,-1,-1,-1
89123,50,69,97,A,95.0,92.27272727,3.5,61,-1,-1,1,1,-1,-1,-1,1,-1,1,1,-1,1,-1,-1,-1,-1,-1,-1,1,2,-1,-1,1,-1,1,-1,0,0,-1,1,1,2,0,1,1,-1,-1,1,-1,-1,-1,2,-1,-1,-1,-1,1,-1,1
89109,24,9,45,A,95.0,95.0,1.5,21,-1,-1,0,1,-1,-1,3,1,-1,1,1,-1,0,1,-1,-1,-1,-1,1,1,-1,-1,0,1,1,1,-1,0,0,-1,0,1,4,0,-1,1,1,1,1,0,-1,-1,-1,-1,-1,-1,-1,-1,-1,-1
89117,42,8,109,A,95.0,92.69230769,3.0,252,-1,-1,1,1,-1,-1,-1,1,-1,1,1,-1,1,-1,-1,-1,-1,-1,-1,1,3,-1,-1,0,-1,1,-1,1,0,-1,0,1,2,1,1,1,-1,1,0,-1,1,-1,3,-1,-1,-1,-1,-1,-1,1
89103,3,20,20,A,95.0,95.0,4.0,19,-1,-1,0,1,-1,-1,-1,-1,-1,1,1,-1,1,-1,-1,-1,-1,-1,-1,1,2,-1,-1,0,-1,1,-1,1,0,-1,1,1,1,0,0,1,-1,1,-1,-1,-1,-1,-1,-1,-1,-1,-1,-1,-1,-1
89135,130,198,310,B,95.0,88.07692308,3.5,115,-1,-1,0,1,-1,-1,-1,1,-1,1,1,-1,1,-1,-1,-1,0,-1,-1,1,2,-1,-1,1,-1,1,-1,0,0,-1,0,1,1,0,0,1,-1,1,0,0,-1,-1,2,-1,-1,-1,-1,-1,-1,-1
89014,56,108,97,A,95.0,91.66666667,3.5,31,-1,-1,2,1,-1,-1,-1,1,-1,1,1,-1,1,-1,-1,-1,-1,-1,-1,1,2,-1,-1,1,-1,2,-1,1,0,-1,0,1,2,1,1,1,-1,1,0,0,-1,-1,1,-1,-1,-1,-1,-1,-1,-1
89104,106,165,333,B,95.0,87.0,4.0,9,-1,-1,1,0,-1,-1,-1,1,-1,0,0,-1,1,-1,-1,-1,-1,-1,-1,1,0,-1,-1,1,-1,1,-1,0,0,-1,0,1,2,0,-1,1,-1,-1,1,-1,-1,-1,-1,-1,-1,-1,-1,-1,-1,-1
89118,11,32,41,A,95.0,92.5,4.0,4,-1,-1,0,0,-1,-1,-1,1,-1,1,0,-1,1,-1,-1,-1,-1,-1,-1,1,0,-1,-1,1,-1,1,-1,1,0,-1,1,1,1,0,1,1,-1,-1,0,-1,-1,-1,-1,-1,-1,-1,-1,-1,-1,-1
89148,1,3,3,A,95.0,95.0,3.5,85,-1,-1,0,1,-1,-1,-1,1,-1,1,1,-1,0,-1,-1,-1,-1,0,-1,1,2,-1,-1,0,-1,1,-1,0,0,-1,0,1,1,0,0,1,-1,-1,1,-1,-1,-1,-1,-1,-1,-1,-1,-1,-1,-1
89103,39,3,55,B,95.0,86.25,4.0,220,-1,-1,1,1,-1,2,-1,1,-1,1,1,-1,1,-1,1,-1,-1,-1,-1,1,2,-1,-1,1,-1,0,-1,0,0,-1,1,1,2,1,1,1,-1,1,1,0,-1,1,2,-1,-1,-1,-1,-1,-1,1
89139,46,58,96,B,95.0,88.33333333,1.5,10,-1,-1,0,0,-1,-1,-1,0,-1,1,-1,-1,0,-1,-1,-1,-1,0,-1,1,0,-1,-1,0,-1,1,-1,0,0,-1,0,1,1,0,0,1,-1,-1,0,-1,-1,-1,-1,-1,-1,-1,-1,-1,-1,-1
89117,19,6,26,A,95.0,95.0,4.0,200,-1,-1,2,1,-1,-1,-1,1,-1,1,1,-1,0,-1,-1,-1,-1,-1,-1,1,4,-1,-1,1,-1,1,-1,0,0,-1,0,1,1,0,1,1,-1,1,0,0,0,-1,4,-1,-1,-1,-1,-1,-1,1
89102,57,78,147,A,95.0,90.38461538,3.0,687,-1,-1,0,1,-1,-1,-1,1,-1,1,1,-1,1,-1,-1,-1,-1,-1,-1,1,2,-1,-1,1,-1,1,-1,0,0,-1,0,1,1,0,0,1,-1,-1,1,0,0,-1,2,-1,1,-1,1,1,-1,0
89032,31,33,46,B,95.0,89.54545455,3.0,19,-1,-1,0,1,-1,-1,-1,1,-1,1,1,-1,1,-1,-1,-1,-1,-1,-1,1,1,-1,-1,1,-1,1,-1,0,0,-1,1,1,1,0,0,1,-1,-1,0,0,-1,-1,1,-1,-1,-1,-1,-1,-1,-1
89149,27,0,59,A,95.0,94.16666667,3.5,44,-1,-1,0,1,-1,-1,-1,1,-1,1,1,-1,0,-1,-1,-1,-1,-1,-1,1,-1,-1,-1,1,-1,1,-1,0,-1,-1,1,1,1,0,-1,1,-1,1,0,0,-1,-1,-1,-1,-1,-1,-1,-1,-1,-1
89146,90,144,185,B,95.0,89.73684211,4.0,45,-1,-1,2,1,-1,-1,-1,1,-1,1,1,-1,0,-1,-1,-1,-1,-1,-1,1,1,-1,-1,0,-1,0,-1,0,0,-1,0,1,1,0,0,1,-1,-1,0,-1,-1,-1,1,-1,-1,-1,-1,-1,-1,-1
89130,32,54,61,B,95.0,88.0,3.0,22,-1,-1,0,1,-1,-1,-1,0,-1,1,0,-1,1,-1,-1,-1,-1,0,-1,1,0,-1,-1,0,-1,1,-1,0,0,-1,0,1,1,0,0,1,-1,-1,0,-1,-1,-1,-1,-1,-1,-1,-1,-1,-1,-1
89117,42,54,100,C,95.0,78.88888889,3.5,10,-1,-1,1,0,-1,-1,-1,-1,-1,1,0,-1,0,-1,-1,-1,-1,-1,-1,1,1,-1,-1,1,-1,2,-1,0,0,-1,1,1,2,0,0,1,-1,1,-1,-1,-1,-1,-1,-1,-1,-1,-1,-1,-1,-1
89104,94,84,244,B,95.0,85.0,4.5,5,-1,-1,0,0,-1,-1,-1,-1,-1,1,1,-1,1,-1,-1,-1,-1,-1,-1,1,-1,-1,-1,0,-1,1,-1,1,0,-1,1,1,1,0,1,1,-1,-1,0,-1,-1,-1,-1,-1,-1,-1,-1,-1,-1,-1
89183,26,64,77,A,95.0,94.0,3.5,133,-1,-1,0,1,-1,-1,-1,1,-1,1,1,-1,1,-1,-1,-1,-1,-1,-1,1,3,-1,-1,1,-1,2,-1,0,0,-1,0,1,2,0,0,1,-1,1,1,0,0,-1,3,-1,-1,-1,-1,-1,-1,0
89128,57,55,193,A,95.0,91.11111111,3.5,119,-1,-1,0,1,-1,-1,-1,1,-1,1,1,-1,0,-1,-1,-1,0,-1,-1,1,1,-1,-1,1,-1,1,-1,1,0,-1,0,1,1,0,0,1,-1,1,1,0,0,-1,2,-1,-1,-1,1,1,-1,-1
89146,37,94,84,B,95.0,86.25,2.5,67,-1,-1,0,1,-1,-1,-1,1,-1,1,1,-1,0,-1,-1,-1,-1,-1,-1,1,3,-1,-1,1,-1,1,-1,0,0,-1,0,1,1,0,0,1,-1,-1,1,0,-1,1,3,-1,-1,-1,-1,-1,-1,-1
89130,121,132,245,B,95.0,86.81818182,2.5,29,-1,-1,0,0,-1,-1,-1,1,-1,1,0,-1,1,-1,-1,-1,-1,-1,-1,1,1,-1,-1,0,-1,-1,-1,0,0,-1,0,1,1,0,0,1,-1,1,0,-1,-1,-1,-1,-1,-1,-1,-1,-1,-1,-1
89128,53,6,122,B,95.0,87.94117647,3.5,75,-1,-1,0,1,-1,-1,-1,0,-1,1,1,-1,0,-1,-1,-1,-1,0,-1,1,3,-1,-1,1,-1,1,-1,0,0,-1,0,1,1,0,0,1,-1,-1,0,0,-1,-1,3,-1,-1,-1,-1,-1,-1,0
89146,3,6,6,A,95.0,95.0,3.5,3,-1,-1,-1,-1,-1,-1,-1,-1,-1,1,1,-1,-1,-1,-1,-1,-1,-1,-1,-1,-1,-1,-1,-1,-1,-1,-1,-1,-1,-1,-1,-1,-1,-1,-1,-1,-1,-1,-1,-1,-1,-1,-1,-1,-1,-1,-1,-1,-1,-1
89147,14,48,36,A,95.0,95.0,4.0,27,-1,-1,0,1,-1,-1,-1,-1,-1,1,1,-1,1,-1,-1,-1,-1,-1,-1,1,1,-1,-1,1,-1,1,-1,1,0,-1,1,1,2,0,0,1,-1,1,1,-1,-1,-1,-1,-1,-1,-1,-1,-1,-1,-1
89110,57,70,138,A,95.0,92.22222222,2.5,13,-1,-1,0,0,-1,-1,-1,1,-1,1,0,-1,0,-1,-1,-1,-1,1,-1,1,1,-1,-1,0,-1,1,-1,0,0,1,0,1,1,0,0,1,-1,-1,0,-1,-1,-1,1,-1,-1,-1,-1,-1,-1,-1
89110,57,70,138,A,95.0,92.22222222,4.0,16,-1,-1,0,0,-1,-1,-1,1,-1,1,0,-1,1,-1,-1,-1,-1,-1,-1,1,0,-1,-1,0,-1,1,-1,0,0,-1,0,1,1,0,0,1,-1,-1,0,0,-1,-1,-1,-1,-1,-1,-1,-1,-1,-1
89102,68,120,143,B,95.0,86.0,3.0,97,-1,-1,0,1,-1,-1,-1,1,-1,1,1,-1,1,0,-1,-1,-1,-1,0,1,1,-1,-1,0,-1,1,-1,0,0,-1,1,1,1,0,1,1,1,1,1,-1,-1,-1,-1,-1,-1,-1,-1,-1,-1,-1
89148,23,45,48,A,95.0,95.0,4.0,32,-1,-1,1,3,-1,-1,-1,-1,-1,1,1,-1,0,-1,-1,-1,0,-1,-1,1,-1,-1,0,0,-1,1,-1,0,0,-1,0,1,1,1,-1,1,-1,1,1,-1,-1,-1,-1,-1,-1,-1,-1,-1,-1,-1
89123,1,8,8,A,95.0,95.0,4.0,33,-1,-1,2,-1,-1,-1,-1,-1,-1,1,1,-1,1,-1,-1,-1,-1,-1,-1,1,-1,-1,-1,1,-1,-1,-1,0,0,-1,0,1,1,-1,-1,1,-1,1,-1,-1,-1,-1,-1,-1,-1,-1,-1,-1,-1,-1
89110,64,263,129,A,86.17647059,92.05882353,4.5,44,-1,-1,0,0,-1,-1,-1,1,-1,1,0,-1,1,-1,-1,-1,-1,-1,-1,1,2,-1,-1,1,-1,1,-1,0,0,-1,0,1,1,0,0,1,-1,-1,0,0,-1,1,2,-1,-1,-1,-1,-1,-1,0
89148,82,126,166,A,95.0,92.22222222,3.5,141,-1,-1,1,1,-1,-1,-1,1,-1,1,1,-1,1,-1,-1,-1,-1,-1,-1,1,2,-1,-1,1,-1,1,-1,0,0,-1,0,1,1,0,1,1,-1,-1,0,1,-1,1,2,-1,-1,-1,-1,-1,-1,-1
89108,56,121,134,B,95.0,88.52941176,4.0,5,-1,-1,0,1,-1,-1,-1,-1,-1,1,0,-1,1,-1,-1,-1,-1,-1,-1,1,0,-1,-1,1,-1,1,-1,1,0,-1,0,1,1,0,0,1,-1,1,0,-1,-1,-1,-1,-1,-1,-1,-1,-1,-1,-1
89108,56,121,134,B,95.0,88.52941176,3.0,53,-1,-1,0,0,-1,-1,-1,1,-1,1,1,-1,0,-1,-1,-1,-1,0,-1,1,3,-1,-1,0,-1,1,-1,0,0,-1,0,1,1,0,0,1,-1,-1,0,-1,0,-1,3,-1,-1,-1,-1,-1,-1,0
89117,79,84,137,A,95.0,93.0,4.0,375,-1,-1,0,1,-1,-1,-1,1,0,1,1,-1,1,-1,-1,-1,1,-1,-1,1,2,-1,1,1,-1,1,-1,1,0,-1,0,1,2,0,0,1,-1,1,1,0,0,-1,2,-1,1,-1,1,1,-1,0
89117,20,69,37,A,95.0,95.0,3.5,40,-1,-1,0,1,-1,-1,-1,1,0,1,1,-1,1,-1,-1,-1,-1,-1,-1,1,-1,-1,-1,0,-1,1,-1,0,0,-1,0,1,1,0,-1,1,-1,1,1,0,-1,-1,-1,-1,-1,-1,-1,-1,1,-1
89103,32,39,72,A,95.0,94.16666667,2.5,8,-1,-1,2,0,-1,-1,2,1,-1,1,1,-1,0,0,-1,-1,-1,-1,0,0,-1,-1,1,1,1,1,-1,0,0,-1,0,1,1,1,0,1,1,1,1,-1,1,-1,-1,-1,-1,1,-1,-1,-1,0
89139,1,5,5,A,95.0,95.0,4.5,6,-1,-1,-1,0,-1,-1,-1,1,-1,1,0,-1,0,-1,-1,-1,0,-1,-1,1,-1,-1,-1,0,-1,-1,-1,0,-1,-1,0,1,1,1,1,1,-1,1,0,0,-1,1,3,-1,1,-1,1,-1,-1,1
89117,33,60,105,B,95.0,86.66666667,4.0,22,-1,-1,2,0,-1,-1,-1,1,0,1,0,-1,1,-1,-1,-1,-1,-1,-1,1,1,-1,-1,1,-1,1,-1,0,0,-1,0,1,2,0,1,1,-1,1,1,-1,-1,-1,-1,-1,-1,-1,-1,-1,-1,-1
89178,7,12,12,A,95.0,95.0,2.5,7,-1,-1,-1,-1,-1,-1,-1,-1,-1,1,1,-1,-1,-1,-1,-1,-1,-1,-1,-1,-1,-1,-1,-1,-1,-1,-1,-1,-1,-1,-1,-1,-1,-1,-1,-1,-1,-1,-1,-1,-1,-1,-1,-1,-1,-1,-1,-1,-1,-1
89118,142,6,285,B,95.0,84.34782609,3.5,71,-1,-1,0,2,-1,-1,-1,1,-1,1,1,-1,0,-1,-1,-1,-1,-1,-1,1,4,-1,-1,1,-1,1,-1,0,0,-1,0,1,1,0,0,1,-1,1,0,0,0,-1,4,-1,-1,-1,-1,-1,-1,-1
89103,32,100,105,B,95.0,89.0,3.0,93,-1,-1,1,1,-1,-1,3,1,-1,1,1,-1,1,-1,-1,-1,-1,-1,-1,1,2,-1,1,1,-1,1,-1,0,0,-1,0,1,2,1,1,1,-1,1,0,-1,-1,-1,-1,-1,-1,-1,-1,-1,-1,-1
89104,50,50,105,A,95.0,91.0,2.5,19,-1,-1,1,1,-1,-1,-1,1,-1,1,1,-1,1,-1,-1,-1,-1,-1,-1,1,1,-1,-1,1,-1,1,-1,0,0,-1,1,1,2,0,1,1,-1,-1,0,-1,-1,-1,-1,-1,-1,-1,-1,-1,-1,-1
89145,7,21,21,A,95.0,95.0,3.5,26,-1,-1,2,0,-1,-1,-1,1,-1,1,1,-1,0,-1,-1,-1,-1,-1,-1,1,1,-1,-1,1,-1,1,-1,1,0,-1,0,1,2,1,1,1,-1,-1,1,-1,-1,-1,-1,-1,-1,-1,-1,-1,-1,-1
89119,24,3,44,A,95.0,95.0,4.0,47,-1,-1,0,2,-1,-1,-1,1,0,1,1,-1,1,-1,-1,-1,-1,-1,-1,1,3,-1,-1,0,-1,1,-1,0,0,-1,0,1,1,0,0,1,-1,-1,1,0,1,-1,1,-1,-1,-1,-1,-1,-1,-1
89129,30,72,60,A,95.0,95.0,2.5,18,-1,-1,0,1,-1,-1,-1,1,-1,1,1,-1,0,-1,-1,-1,-1,-1,-1,1,2,-1,-1,1,-1,0,-1,0,0,-1,1,1,2,0,0,1,-1,-1,0,-1,-1,-1,-1,-1,-1,-1,-1,-1,-1,-1
89119,34,8,65,A,95.0,93.33333333,4.0,150,-1,-1,1,1,-1,-1,-1,1,-1,1,4,-1,0,-1,-1,-1,-1,-1,-1,1,-1,-1,-1,1,-1,0,-1,0,0,-1,1,1,1,-1,-1,1,-1,1,1,0,0,-1,-1,-1,-1,-1,1,1,-1,-1
89123,18,24,30,A,95.0,95.0,4.5,1014,-1,-1,0,3,-1,-1,-1,1,0,1,1,0,1,-1,-1,-1,1,-1,-1,1,1,-1,-1,1,-1,1,-1,1,0,-1,0,1,1,0,0,1,-1,1,1,1,0,1,2,1,-1,-1,-1,1,1,0
89147,39,21,76,A,95.0,90.71428571,4.0,14,-1,-1,1,1,-1,-1,-1,1,-1,1,1,-1,0,-1,-1,-1,-1,-1,-1,1,-1,-1,-1,0,-1,1,-1,0,0,-1,0,1,1,0,-1,1,-1,1,0,-1,-1,-1,-1,-1,-1,-1,-1,-1,-1,-1
89109,132,57,232,B,95.0,89.70588235,4.0,124,-1,-1,2,1,-1,-1,-1,1,0,1,1,-1,1,-1,-1,-1,0,-1,-1,1,2,-1,-1,0,-1,0,-1,0,0,-1,0,1,2,0,1,1,-1,1,0,0,0,-1,2,-1,-1,-1,-1,-1,-1,1
89178,21,54,45,A,95.0,95.0,3.5,30,-1,-1,2,1,-1,-1,3,1,0,1,0,-1,1,0,-1,-1,-1,-1,0,-1,-1,-1,1,1,1,1,-1,0,-1,-1,1,1,1,0,-1,1,1,-1,-1,0,-1,-1,-1,-1,-1,1,-1,-1,-1,-1
89123,25,13,53,A,95.0,95.0,3.5,279,-1,-1,0,1,-1,-1,-1,1,-1,1,1,-1,1,-1,-1,-1,-1,-1,-1,1,2,-1,-1,1,-1,1,-1,1,0,-1,1,1,2,0,0,1,-1,1,0,0,-1,-1,2,-1,-1,-1,-1,1,-1,-1
89118,25,88,64,B,95.0,86.36363636,3.5,253,-1,-1,0,1,-1,-1,-1,1,-1,1,1,-1,0,-1,-1,-1,-1,1,-1,1,4,-1,-1,0,-1,1,-1,1,0,-1,0,1,1,0,0,1,-1,1,1,0,1,1,4,-1,1,-1,1,1,-1,-1
89118,25,88,64,B,95.0,86.36363636,3.0,196,-1,-1,0,1,-1,-1,-1,1,-1,1,1,-1,0,-1,-1,-1,-1,1,-1,1,2,-1,-1,0,-1,1,-1,0,0,-1,0,1,1,0,0,1,-1,-1,1,0,-1,-1,2,-1,-1,-1,1,1,-1,0
89128,70,88,133,A,95.0,91.15384615,3.5,343,-1,-1,0,1,-1,-1,-1,1,-1,1,1,-1,0,-1,-1,-1,-1,-1,-1,1,2,-1,-1,0,-1,1,-1,0,0,-1,0,1,1,0,1,1,-1,-1,0,0,0,-1,2,-1,-1,-1,-1,-1,-1,-1
89108,34,18,119,C,95.0,78.88888889,2.5,13,-1,-1,1,1,-1,-1,-1,-1,-1,1,0,-1,-1,-1,-1,-1,-1,-1,-1,1,0,-1,-1,1,-1,0,-1,0,0,-1,1,1,2,1,1,1,-1,-1,0,-1,-1,-1,-1,-1,-1,-1,-1,-1,-1,-1
89149,6,24,18,A,95.0,95.0,3.0,43,-1,-1,0,1,-1,-1,-1,-1,-1,1,1,-1,0,-1,-1,-1,-1,-1,-1,1,2,-1,-1,0,-1,0,-1,0,0,-1,0,1,2,1,1,1,-1,1,0,-1,-1,-1,-1,-1,-1,-1,-1,-1,-1,-1
89103,104,160,305,B,95.0,88.0,3.5,291,-1,-1,1,1,-1,-1,-1,1,-1,1,1,-1,0,-1,-1,-1,0,-1,-1,1,2,-1,-1,0,-1,1,-1,0,0,-1,0,1,2,0,1,1,-1,1,0,0,0,1,2,-1,-1,-1,-1,-1,-1,-1
89102,135,86,268,B,95.0,89.76190476,4.0,1291,-1,-1,1,1,-1,-1,-1,0,-1,1,1,-1,0,-1,-1,-1,-1,-1,-1,1,2,-1,-1,1,-1,1,-1,0,0,-1,0,1,1,0,1,1,-1,-1,0,0,0,-1,2,-1,-1,-1,-1,1,-1,1
89147,24,91,30,A,95.0,94.16666667,4.0,220,-1,-1,0,1,-1,-1,-1,1,0,1,1,-1,1,-1,-1,-1,0,-1,-1,1,-1,-1,-1,1,-1,1,-1,1,-1,-1,0,1,2,0,-1,1,-1,1,0,0,-1,1,-1,-1,-1,-1,-1,-1,1,-1
89104,142,36,319,B,94.58333333,88.75,3.5,13,-1,-1,0,0,-1,-1,3,0,-1,1,1,-1,1,-1,-1,-1,-1,0,0,1,0,-1,-1,1,-1,0,-1,0,0,-1,0,1,1,0,-1,1,-1,-1,1,-1,-1,-1,-1,-1,-1,-1,-1,-1,-1,-1
89102,14,60,40,A,85.0,91.66666667,4.5,19,-1,-1,1,1,-1,-1,-1,1,-1,1,1,-1,1,-1,-1,-1,-1,-1,-1,1,-1,-1,-1,0,-1,0,-1,1,0,-1,1,1,1,1,-1,1,-1,1,0,-1,-1,-1,-1,-1,-1,-1,-1,-1,-1,-1
89128,5,10,10,A,95.0,95.0,4.5,17,-1,-1,0,1,-1,-1,-1,-1,-1,1,1,-1,0,-1,-1,-1,-1,-1,-1,1,2,-1,-1,0,-1,1,-1,0,0,-1,0,1,1,0,0,1,-1,1,0,-1,-1,-1,-1,-1,-1,-1,-1,-1,-1,-1
89139,22,8,44,A,95.0,90.0,4.0,7,-1,-1,0,0,-1,-1,-1,-1,-1,1,0,-1,1,-1,-1,-1,-1,-1,-1,1,-1,-1,-1,1,-1,1,-1,0,0,-1,1,1,1,0,-1,1,-1,-1,1,-1,-1,-1,-1,-1,-1,-1,-1,-1,-1,-1
89134,20,0,44,A,95.0,93.33333333,3.5,73,-1,-1,2,1,-1,-1,-1,1,-1,1,1,-1,1,-1,-1,-1,-1,-1,-1,1,2,-1,-1,1,-1,0,-1,1,0,-1,0,1,2,1,1,1,-1,1,0,-1,-1,-1,-1,-1,-1,-1,-1,-1,-1,-1
89101,3,8,8,A,95.0,95.0,4.0,4,-1,-1,0,1,-1,-1,-1,1,-1,1,0,-1,1,-1,-1,-1,0,-1,-1,1,-1,-1,-1,1,-1,1,-1,1,0,-1,1,1,1,0,-1,1,-1,1,1,-1,-1,-1,-1,-1,-1,-1,-1,-1,-1,-1
89118,96,66,231,B,95.0,88.33333333,3.5,1750,-1,-1,1,1,-1,-1,-1,1,-1,1,1,-1,0,-1,-1,-1,-1,-1,-1,1,2,-1,-1,1,-1,1,-1,0,0,-1,0,1,2,0,1,1,-1,-1,0,0,1,-1,2,-1,-1,-1,-1,-1,-1,-1
89119,37,86,80,A,95.0,95.0,4.0,194,-1,-1,0,1,-1,-1,-1,0,-1,1,1,-1,1,-1,-1,-1,-1,-1,-1,1,2,-1,-1,0,-1,0,-1,0,0,-1,1,1,1,0,0,1,-1,1,0,1,1,-1,2,-1,1,-1,-1,-1,-1,-1
89141,67,133,146,A,95.0,91.66666667,2.5,107,-1,-1,0,1,-1,-1,-1,1,-1,1,1,-1,1,-1,-1,-1,-1,-1,-1,1,1,-1,1,1,-1,1,-1,1,0,-1,0,1,1,0,0,1,-1,0,0,-1,-1,-1,-1,-1,-1,-1,-1,-1,-1,-1
89108,25,57,43,A,95.0,95.0,4.5,44,-1,-1,2,0,-1,-1,3,1,-1,1,1,-1,1,0,-1,-1,0,-1,0,0,3,-1,1,1,0,1,-1,0,0,-1,0,1,2,0,1,1,1,1,1,0,-1,-1,3,-1,-1,1,-1,-1,-1,-1
89145,44,30,70,A,95.0,94.16666667,3.5,59,-1,-1,1,1,-1,-1,-1,1,-1,1,1,-1,1,-1,-1,-1,-1,-1,-1,1,2,-1,-1,0,-1,0,-1,0,0,-1,1,1,1,1,1,1,-1,1,0,-1,-1,-1,2,-1,-1,-1,-1,1,-1,-1
89102,46,14,106,B,95.0,87.85714286,3.5,103,-1,-1,1,1,-1,-1,-1,0,-1,1,1,-1,0,-1,-1,-1,-1,-1,-1,1,2,-1,-1,0,-1,1,-1,0,0,-1,0,1,2,1,1,0,-1,1,0,-1,-1,-1,-1,-1,-1,-1,-1,-1,-1,-1
89123,14,8,41,A,95.0,92.5,3.5,10,-1,-1,0,1,-1,-1,-1,1,-1,1,1,-1,1,-1,-1,-1,0,-1,-1,1,1,-1,-1,1,-1,1,-1,0,0,-1,1,1,2,0,0,1,-1,1,1,-1,-1,-1,-1,-1,-1,-1,-1,-1,-1,-1
89156,27,30,49,A,95.0,94.0,3.5,48,-1,-1,0,1,-1,-1,-1,1,-1,1,1,-1,1,-1,-1,-1,-1,-1,-1,1,1,-1,-1,1,-1,1,-1,0,0,-1,0,1,1,0,0,1,-1,-1,0,0,-1,-1,1,-1,-1,-1,-1,-1,-1,0
89103,68,84,155,A,95.0,91.0,4.5,147,-1,-1,0,1,-1,-1,-1,1,-1,1,2,-1,1,-1,-1,-1,0,-1,-1,1,3,-1,-1,1,-1,1,-1,0,0,-1,1,1,1,0,1,1,-1,1,1,0,-1,-1,3,-1,-1,-1,-1,-1,-1,1
89129,69,112,164,B,95.0,89.70588235,4.0,315,-1,-1,2,1,-1,-1,-1,1,-1,1,1,-1,1,-1,-1,-1,-1,-1,-1,1,1,-1,-1,1,-1,0,-1,0,0,-1,0,1,2,0,1,1,-1,1,0,0,-1,-1,1,-1,-1,-1,1,1,-1,-1
89117,45,9,80,A,95.0,91.0,4.0,75,-1,-1,2,2,-1,-1,3,0,-1,1,1,-1,0,0,-1,-1,-1,-1,0,0,1,-1,1,1,1,1,-1,0,0,-1,0,1,1,0,1,1,1,-1,1,1,-1,-1,1,-1,-1,1,-1,-1,-1,-1
89147,26,0,45,A,95.0,93.75,3.5,238,-1,-1,2,1,-1,-1,-1,1,-1,1,1,-1,0,-1,-1,-1,0,-1,-1,0,2,-1,-1,1,-1,1,-1,1,0,-1,0,1,2,1,1,1,-1,1,1,-1,-1,-1,2,-1,-1,-1,-1,-1,-1,-1
89104,93,135,256,B,95.0,88.88888889,4.0,262,-1,-1,0,1,0,0,-1,1,-1,1,2,-1,0,-1,-1,-1,-1,-1,-1,1,2,-1,-1,1,-1,1,-1,1,0,-1,0,1,1,0,0,1,-1,1,0,0,0,-1,2,-1,-1,-1,-1,-1,-1,-1
89103,74,68,135,B,93.33333333,89.16666667,3.5,127,-1,-1,0,1,-1,-1,-1,1,-1,1,0,-1,0,-1,-1,-1,-1,-1,-1,1,2,-1,-1,0,-1,1,-1,0,0,-1,1,1,1,0,0,1,-1,-1,0,0,-1,1,2,-1,-1,-1,-1,-1,-1,0
89130,45,153,103,A,95.0,93.125,3.5,17,-1,-1,0,0,-1,-1,-1,0,-1,1,1,-1,1,-1,-1,-1,1,-1,-1,1,3,-1,-1,0,-1,2,-1,0,0,-1,0,1,1,0,0,1,-1,1,0,0,0,-1,-1,-1,-1,-1,-1,1,-1,-1
89130,45,153,103,A,95.0,93.125,4.0,84,-1,-1,0,1,-1,-1,-1,1,-1,1,1,-1,1,-1,-1,-1,-1,-1,-1,1,1,-1,-1,0,-1,1,-1,0,0,-1,1,1,1,0,0,1,-1,-1,0,-1,-1,1,1,-1,-1,-1,-1,-1,-1,-1
89115,46,133,108,A,95.0,92.33333333,4.5,114,-1,-1,0,1,-1,-1,-1,0,-1,1,1,-1,0,-1,-1,-1,-1,-1,-1,1,2,-1,-1,1,-1,1,-1,0,0,-1,0,1,1,0,1,1,-1,1,0,0,0,-1,2,-1,-1,-1,-1,-1,-1,1
89113,35,0,79,A,95.0,93.0,4.5,21,-1,-1,0,0,-1,-1,-1,0,-1,1,0,-1,1,-1,-1,-1,-1,-1,-1,1,0,-1,-1,0,-1,0,-1,0,0,-1,0,0,1,0,0,1,-1,-1,0,-1,-1,-1,-1,-1,-1,-1,-1,-1,-1,-1
89119,7,8,51,B,95.0,87.5,2.5,14,-1,-1,0,0,-1,-1,-1,1,-1,1,1,-1,0,-1,-1,-1,-1,-1,-1,1,0,-1,-1,0,-1,1,-1,0,0,-1,0,0,2,0,-1,1,-1,-1,0,-1,-1,-1,-1,-1,-1,-1,-1,-1,-1,-1
89119,7,8,51,B,95.0,87.5,3.5,40,-1,-1,0,1,-1,-1,-1,1,-1,1,1,-1,1,-1,-1,-1,0,-1,-1,1,1,-1,-1,0,-1,0,-1,1,0,-1,1,1,1,0,0,1,-1,1,1,1,1,1,-1,-1,-1,-1,-1,-1,-1,-1
89119,7,8,51,B,95.0,87.5,4.0,29,-1,-1,0,1,-1,-1,-1,1,-1,1,1,-1,1,-1,-1,-1,-1,-1,-1,1,1,-1,-1,0,-1,0,-1,0,0,-1,1,1,1,0,0,1,-1,1,0,0,-1,-1,-1,-1,-1,-1,-1,-1,-1,-1
89103,67,128,175,B,95.0,88.125,3.0,61,-1,-1,0,1,-1,-1,-1,1,-1,1,1,-1,0,-1,-1,-1,-1,-1,-1,1,2,-1,-1,0,-1,0,-1,0,0,-1,1,0,1,0,0,1,-1,1,0,0,0,-1,2,-1,-1,-1,-1,-1,-1,-1
89119,43,73,116,A,95.0,91.36363636,4.5,3,-1,-1,1,1,-1,-1,-1,1,0,1,1,-1,1,-1,-1,-1,1,-1,-1,0,-1,-1,-1,1,-1,1,-1,1,-1,-1,0,0,-1,0,-1,1,-1,1,1,-1,-1,-1,-1,-1,-1,-1,-1,-1,-1,-1
89110,56,33,130,C,95.0,79.54545455,3.5,11,-1,-1,0,0,-1,-1,-1,1,-1,1,0,-1,1,-1,-1,-1,-1,-1,-1,0,0,-1,-1,0,-1,0,-1,0,0,-1,0,1,1,0,1,1,-1,-1,0,-1,-1,-1,-1,-1,-1,-1,-1,-1,-1,-1
89113,67,47,143,A,95.0,91.42857143,4.5,1146,-1,-1,0,1,-1,-1,-1,1,-1,1,1,0,1,-1,-1,-1,1,-1,-1,1,3,-1,-1,0,-1,1,-1,1,0,-1,0,1,1,0,0,1,-1,1,1,0,0,1,3,1,-1,-1,1,1,-1,-1
89128,16,24,36,A,95.0,95.0,4.5,99,-1,-1,0,-1,-1,-1,-1,1,-1,1,0,-1,0,-1,-1,-1,-1,-1,-1,1,-1,-1,-1,0,-1,1,-1,0,-1,-1,0,1,1,0,-1,1,-1,-1,0,0,0,-1,-1,-1,-1,-1,-1,1,-1,-1
89104,90,62,170,B,95.0,87.89473684,2.5,40,-1,-1,0,1,-1,-1,-1,1,-1,1,1,-1,1,-1,-1,-1,-1,-1,-1,1,1,-1,-1,0,-1,1,-1,0,0,-1,1,0,1,0,0,1,-1,1,0,-1,-1,-1,-1,-1,-1,-1,-1,-1,-1,-1
89107,85,5,195,B,95.0,83.88888889,3.0,88,-1,-1,0,0,-1,-1,-1,1,-1,1,0,-1,1,-1,-1,-1,-1,-1,-1,1,4,-1,-1,0,-1,0,-1,0,0,-1,1,1,2,0,1,1,-1,-1,0,1,-1,-1,4,-1,-1,-1,-1,-1,-1,-1
89120,47,107,99,B,95.0,85.41666667,3.0,54,-1,-1,0,1,-1,-1,-1,1,-1,1,1,-1,0,-1,-1,-1,-1,0,-1,1,3,-1,-1,0,-1,1,-1,0,0,-1,0,1,1,0,0,1,-1,1,0,0,0,-1,3,-1,-1,-1,-1,-1,-1,-1
89129,72,57,166,A,95.0,92.5,3.0,141,-1,-1,1,1,-1,-1,-1,1,-1,1,1,-1,1,-1,-1,-1,-1,-1,-1,1,2,-1,-1,1,-1,1,-1,1,0,-1,1,1,2,0,1,1,-1,-1,1,0,-1,-1,2,-1,-1,-1,-1,1,-1,1
89102,89,63,220,B,95.0,87.38095238,4.0,341,-1,-1,0,1,-1,-1,-1,1,-1,1,1,-1,0,-1,-1,-1,0,-1,-1,1,2,-1,-1,1,-1,1,-1,1,0,-1,0,1,1,0,0,1,-1,1,0,0,0,-1,2,-1,-1,-1,-1,-1,-1,-1
89115,34,36,99,B,95.0,86.25,4.5,4,-1,-1,2,0,-1,-1,-1,0,-1,1,1,-1,1,0,-1,-1,-1,-1,1,1,-1,-1,1,1,-1,1,-1,1,-1,-1,1,1,2,0,-1,1,-1,1,0,-1,-1,-1,-1,-1,-1,1,-1,-1,-1,-1
89147,38,0,92,A,95.0,91.66666667,3.5,183,-1,-1,0,1,-1,-1,-1,1,-1,1,1,-1,1,-1,-1,-1,-1,0,-1,1,2,-1,-1,1,-1,1,-1,1,0,-1,0,1,1,0,1,1,-1,1,1,-1,0,-1,3,-1,-1,-1,-1,-1,1,1
89178,23,45,47,A,95.0,94.09090909,3.5,108,-1,-1,0,1,-1,-1,-1,1,-1,1,1,-1,1,-1,-1,-1,-1,-1,-1,1,2,-1,-1,0,-1,1,-1,1,0,-1,1,1,1,0,0,1,-1,0,0,-1,-1,-1,2,-1,-1,-1,-1,-1,-1,-1
89106,33,101,83,A,95.0,94.16666667,2.5,38,-1,-1,0,1,-1,-1,-1,1,-1,1,0,-1,1,-1,-1,-1,-1,1,-1,1,0,-1,-1,0,-1,2,-1,0,0,-1,0,0,1,0,0,1,-1,-1,0,0,-1,-1,-1,-1,-1,-1,-1,-1,-1,-1
89106,33,101,83,A,95.0,94.16666667,3.5,56,-1,-1,0,0,-1,-1,-1,1,-1,1,0,-1,0,-1,-1,-1,-1,0,-1,1,2,-1,-1,0,-1,1,-1,0,0,-1,0,1,1,0,0,1,-1,1,0,-1,-1,-1,2,-1,-1,-1,-1,-1,-1,-1
89121,89,0,149,B,95.0,83.75,4.0,31,-1,-1,0,1,-1,-1,-1,1,-1,1,0,-1,0,-1,-1,-1,-1,-1,-1,1,1,-1,-1,0,-1,1,-1,0,0,-1,1,1,2,0,0,1,-1,-1,0,-1,-1,-1,1,-1,-1,-1,-1,-1,-1,-1
89131,12,0,16,A,95.0,95.0,2.5,3,-1,-1,-1,-1,-1,-1,-1,0,-1,1,0,-1,-1,-1,-1,-1,-1,-1,-1,0,-1,-1,0,1,-1,-1,-1,0,-1,-1,-1,1,-1,0,-1,-1,-1,-1,0,-1,-1,-1,-1,-1,-1,-1,-1,-1,-1,-1
89121,22,36,42,A,95.0,92.5,4.0,34,-1,-1,0,1,-1,-1,-1,0,-1,1,1,-1,1,-1,-1,-1,-1,-1,-1,1,2,-1,-1,1,-1,0,-1,0,0,-1,1,1,2,0,1,1,-1,-1,0,-1,-1,-1,-1,-1,-1,-1,-1,-1,-1,-1
89117,48,8,115,A,95.0,91.92307692,4.5,277,-1,-1,1,1,-1,-1,-1,1,-1,1,1,-1,1,-1,-1,-1,-1,-1,-1,1,2,-1,-1,1,-1,1,-1,0,0,-1,1,1,1,0,1,1,-1,1,1,0,1,-1,2,-1,-1,-1,-1,1,-1,1
89129,28,0,49,A,95.0,95.0,2.5,32,-1,-1,0,0,-1,-1,-1,1,0,1,0,-1,1,-1,-1,-1,-1,0,-1,1,1,-1,-1,0,-1,1,-1,0,0,-1,0,1,1,0,1,1,-1,-1,0,-1,-1,-1,1,-1,-1,-1,-1,-1,-1,-1
89129,28,0,49,A,95.0,95.0,2.5,18,-1,-1,0,0,-1,-1,-1,0,0,1,1,-1,1,-1,-1,-1,-1,0,-1,1,0,-1,-1,0,-1,0,-1,1,0,-1,0,1,1,0,0,1,-1,1,0,0,-1,-1,-1,-1,-1,-1,-1,-1,-1,-1
89129,28,0,49,A,95.0,95.0,2.0,20,-1,-1,0,0,-1,-1,-1,1,-1,1,1,-1,1,-1,-1,-1,-1,0,-1,1,1,-1,-1,0,-1,0,-1,0,0,-1,0,1,1,0,0,1,-1,-1,0,-1,-1,-1,1,-1,-1,-1,-1,-1,-1,-1
89129,28,0,49,A,95.0,95.0,2.5,12,-1,-1,0,0,-1,-1,-1,1,-1,1,0,-1,1,-1,-1,-1,-1,0,-1,1,1,-1,-1,0,-1,1,-1,0,0,-1,0,1,1,0,0,1,-1,-1,0,-1,-1,-1,1,-1,-1,-1,-1,-1,-1,-1
89129,28,0,49,A,95.0,95.0,2.5,25,-1,-1,0,0,-1,-1,3,0,0,1,0,-1,1,-1,-1,-1,-1,0,-1,1,0,-1,-1,0,-1,0,-1,0,0,-1,0,1,1,0,0,1,-1,-1,0,-1,-1,-1,-1,-1,-1,-1,-1,1,-1,-1
89121,11,2,24,A,95.0,90.0,4.5,3,-1,-1,0,1,-1,-1,-1,0,-1,1,0,-1,1,-1,-1,-1,-1,-1,-1,1,0,-1,-1,0,-1,1,-1,0,0,-1,1,1,1,0,0,1,-1,1,0,-1,-1,-1,-1,-1,-1,-1,-1,-1,-1,-1
89123,167,279,403,B,95.0,87.0,3.5,126,-1,-1,0,1,-1,-1,-1,1,-1,1,1,-1,1,-1,-1,-1,-1,-1,-1,1,2,-1,-1,0,-1,1,-1,0,0,-1,0,1,1,0,1,1,-1,-1,0,0,0,-1,2,-1,-1,-1,1,1,-1,-1
89156,19,30,31,A,95.0,95.0,4.0,5,-1,-1,0,0,-1,-1,-1,0,-1,1,-1,-1,1,-1,-1,-1,-1,-1,0,1,-1,-1,1,1,-1,0,-1,0,-1,-1,1,1,1,0,-1,1,-1,-1,0,-1,-1,-1,-1,-1,-1,-1,-1,-1,-1,-1
89119,38,81,81,A,95.0,92.77777778,3.0,100,-1,-1,0,0,-1,1,-1,0,-1,1,1,-1,0,-1,0,-1,-1,0,-1,1,2,-1,-1,0,-1,1,-1,0,0,-1,0,1,1,0,0,1,-1,1,0,0,0,-1,-1,-1,-1,-1,-1,-1,-1,-1
89123,84,126,185,B,95.0,89.28571429,3.5,69,-1,-1,1,1,-1,-1,-1,1,-1,1,1,-1,1,-1,-1,-1,-1,-1,-1,1,1,-1,-1,1,-1,0,-1,0,0,-1,0,1,2,1,1,1,-1,1,0,-1,-1,-1,-1,-1,-1,-1,-1,-1,-1,-1
89103,89,12,235,B,95.0,85.25,2.5,325,-1,-1,0,1,-1,-1,-1,1,0,1,2,-1,1,-1,-1,-1,-1,-1,-1,1,3,-1,-1,1,-1,0,-1,1,0,-1,1,1,2,1,1,1,-1,1,1,0,0,-1,3,-1,-1,-1,-1,1,-1,-1
89118,42,3,72,A,95.0,93.66666667,4.5,148,-1,-1,2,1,-1,-1,-1,1,0,1,1,-1,1,-1,-1,-1,-1,-1,-1,1,-1,-1,-1,1,-1,1,-1,1,0,-1,-1,1,1,1,-1,1,-1,1,0,0,0,1,-1,-1,-1,-1,-1,-1,1,-1
89104,67,72,113,B,95.0,83.75,3.5,5,-1,-1,0,0,-1,-1,-1,0,-1,1,0,-1,0,-1,-1,-1,-1,-1,-1,1,0,-1,-1,0,-1,1,-1,1,0,-1,0,1,1,0,0,1,-1,-1,0,-1,-1,-1,-1,-1,-1,-1,-1,-1,-1,-1
89149,22,0,52,A,95.0,95.0,3.0,234,-1,-1,2,1,-1,-1,-1,1,-1,1,1,-1,1,-1,-1,-1,-1,-1,-1,1,5,-1,-1,0,-1,1,-1,1,0,-1,0,1,2,1,1,1,-1,1,0,0,-1,-1,5,-1,-1,-1,-1,1,-1,1
89101,45,66,95,A,95.0,92.27272727,3.0,211,-1,2,2,1,-1,-1,3,1,0,1,1,-1,0,0,-1,-1,0,-1,1,0,-1,-1,1,0,1,3,-1,1,0,-1,0,1,2,0,-1,0,1,1,0,0,-1,-1,-1,-1,-1,0,-1,-1,-1,-1
89103,27,0,57,A,95.0,95.0,4.0,129,-1,-1,0,1,-1,-1,-1,0,-1,1,1,-1,1,-1,-1,-1,-1,-1,-1,1,2,-1,-1,0,-1,1,-1,0,0,-1,1,1,1,0,0,1,-1,1,0,0,-1,-1,2,-1,-1,-1,-1,-1,-1,-1
89103,180,198,466,B,95.0,86.07142857,3.5,519,-1,-1,1,1,-1,2,-1,0,-1,1,1,-1,0,-1,1,-1,0,-1,-1,1,2,-1,-1,0,-1,1,0,0,0,-1,0,1,2,1,1,1,-1,1,1,0,0,-1,2,-1,-1,-1,-1,1,-1,-1
89102,25,48,59,A,95.0,93.88888889,4.5,8,-1,-1,0,0,-1,-1,-1,1,-1,1,0,-1,1,-1,-1,-1,-1,-1,-1,1,0,-1,1,0,-1,0,-1,1,0,-1,1,1,1,0,1,1,-1,-1,0,0,-1,-1,-1,-1,-1,-1,-1,-1,-1,-1
89113,10,15,19,A,95.0,95.0,3.0,65,-1,-1,2,1,-1,-1,-1,1,-1,1,1,-1,1,-1,-1,-1,-1,-1,-1,1,3,-1,-1,1,-1,1,-1,1,0,-1,0,1,2,1,1,1,-1,1,0,-1,-1,-1,-1,-1,-1,-1,-1,-1,-1,-1
89146,99,73,202,A,94.375,90.0,4.0,256,-1,-1,1,1,-1,-1,-1,1,0,1,1,-1,1,-1,-1,-1,-1,-1,-1,1,2,-1,-1,1,-1,1,-1,0,0,-1,1,1,1,0,1,1,-1,1,1,0,0,-1,2,-1,-1,-1,1,1,-1,-1
89145,41,6,94,A,95.0,93.18181818,4.0,832,-1,-1,0,2,-1,-1,-1,1,-1,1,1,-1,0,-1,-1,-1,-1,-1,-1,1,2,-1,-1,1,-1,1,-1,1,0,-1,0,1,1,0,0,1,-1,1,1,0,-1,-1,2,1,-1,-1,-1,1,-1,0
89101,19,24,44,B,95.0,88.33333333,3.0,33,-1,-1,2,1,-1,-1,-1,1,-1,1,1,-1,1,0,-1,-1,-1,-1,0,1,0,-1,-1,1,-1,1,-1,1,0,-1,0,1,2,1,1,1,2,1,1,-1,-1,-1,-1,-1,-1,-1,-1,-1,-1,-1
89102,33,33,72,A,95.0,95.0,4.0,209,-1,-1,-1,-1,-1,-1,-1,1,-1,1,1,-1,1,-1,-1,-1,0,-1,-1,-1,-1,-1,-1,-1,-1,-1,-1,1,-1,-1,1,-1,2,-1,-1,1,-1,1,1,1,1,1,-1,-1,-1,-1,-1,-1,-1,-1
89147,59,0,152,A,95.0,90.625,4.0,150,-1,-1,0,1,-1,-1,-1,1,-1,1,1,-1,1,-1,-1,-1,-1,-1,-1,1,2,-1,-1,1,-1,0,-1,0,0,-1,1,1,2,0,1,1,-1,1,0,1,-1,1,-1,-1,-1,-1,-1,-1,-1,-1
89102,120,106,253,B,95.0,89.5,3.5,669,-1,-1,1,1,0,1,-1,0,-1,1,1,-1,0,-1,0,-1,-1,-1,-1,1,3,-1,-1,1,-1,1,-1,0,0,-1,0,1,2,0,1,0,-1,1,0,0,0,-1,3,-1,-1,-1,-1,1,-1,1
89148,40,51,58,A,95.0,95.0,3.5,163,-1,-1,0,1,-1,-1,-1,1,-1,1,1,-1,1,-1,-1,-1,-1,-1,-1,1,2,-1,-1,0,-1,1,-1,0,0,-1,1,0,2,0,0,1,-1,1,0,1,-1,-1,2,-1,-1,-1,-1,-1,-1,-1
89106,23,45,53,A,95.0,91.0,3.5,5,-1,-1,2,-1,-1,-1,-1,-1,-1,1,0,-1,-1,-1,-1,-1,-1,-1,-1,1,-1,-1,-1,1,-1,1,-1,0,0,-1,0,1,2,0,-1,1,-1,-1,-1,-1,-1,-1,-1,-1,-1,-1,-1,-1,-1,-1
89119,7,20,34,A,95.0,92.5,2.5,69,-1,-1,2,1,-1,-1,3,1,-1,1,3,-1,0,0,-1,-1,-1,-1,1,0,1,-1,1,1,2,1,-1,1,0,-1,0,1,3,1,1,1,1,1,0,-1,-1,-1,-1,-1,-1,-1,-1,-1,-1,-1
89104,1,0,0,A,95.0,95.0,5.0,4,-1,-1,2,2,-1,-1,-1,0,-1,1,0,-1,1,-1,-1,-1,-1,-1,-1,1,-1,-1,-1,1,-1,0,-1,0,0,-1,1,1,1,0,-1,1,-1,-1,0,0,-1,-1,2,-1,-1,-1,1,1,-1,1
89123,4,9,7,A,95.0,95.0,4.5,205,-1,-1,0,-1,-1,-1,-1,1,0,1,1,0,1,-1,-1,-1,-1,-1,-1,0,0,-1,-1,1,-1,1,-1,0,0,-1,0,1,1,0,-1,1,-1,1,1,1,0,-1,-1,-1,-1,-1,-1,-1,-1,-1
89147,57,84,124,A,95.0,92.5,3.0,99,-1,-1,0,1,-1,-1,-1,1,-1,1,0,-1,1,-1,-1,-1,-1,-1,-1,1,2,-1,-1,0,-1,1,-1,0,0,-1,0,1,1,0,0,1,-1,-1,0,1,-1,1,2,-1,-1,-1,-1,1,-1,-1
89123,2,0,1,A,95.0,95.0,4.0,19,-1,-1,0,0,-1,-1,-1,1,-1,1,0,-1,1,-1,-1,-1,-1,-1,-1,1,1,-1,-1,0,-1,0,-1,1,0,-1,0,1,1,0,0,1,-1,-1,1,-1,-1,-1,-1,-1,-1,-1,-1,-1,-1,-1
89135,45,47,85,A,95.0,93.33333333,3.0,100,-1,-1,0,-1,-1,-1,-1,1,0,1,1,0,0,-1,-1,-1,0,-1,-1,-1,-1,-1,-1,-1,-1,-1,-1,1,-1,-1,0,-1,1,-1,-1,1,-1,1,1,1,1,-1,-1,1,-1,-1,-1,-1,-1,-1
89117,28,40,51,A,95.0,95.0,4.0,85,-1,-1,0,1,-1,-1,-1,1,-1,1,1,-1,1,-1,-1,-1,-1,0,-1,1,1,-1,-1,1,-1,1,-1,1,0,-1,0,1,1,0,0,1,-1,1,0,1,1,1,1,-1,-1,-1,-1,-1,-1,-1
89139,55,36,105,A,95.0,90.83333333,3.5,280,-1,-1,0,1,-1,-1,-1,1,-1,1,1,-1,1,-1,-1,-1,-1,0,-1,1,3,-1,-1,1,-1,1,-1,1,0,-1,1,1,1,0,1,1,-1,1,1,0,-1,-1,3,-1,1,-1,1,1,-1,-1
89103,35,108,80,B,95.0,84.58333333,3.5,22,-1,-1,0,-1,-1,-1,-1,0,-1,1,2,-1,0,-1,-1,-1,-1,-1,-1,1,-1,-1,-1,-1,-1,-1,-1,0,0,-1,1,0,2,0,-1,1,-1,1,0,0,-1,-1,-1,-1,-1,-1,-1,-1,-1,-1
89130,21,0,24,A,95.0,92.5,4.0,12,-1,-1,2,0,-1,-1,-1,1,-1,1,1,-1,0,-1,-1,-1,-1,-1,-1,1,0,-1,-1,1,-1,1,-1,0,0,-1,0,1,1,0,1,1,-1,-1,0,-1,-1,-1,-1,-1,-1,-1,-1,-1,-1,-1
89145,52,134,129,A,95.0,92.33333333,3.0,42,-1,-1,0,1,-1,-1,-1,1,-1,1,0,-1,0,-1,-1,-1,-1,-1,-1,1,1,-1,-1,0,-1,1,-1,0,0,-1,0,1,1,0,0,1,-1,-1,0,-1,-1,-1,1,-1,-1,-1,-1,-1,-1,-1
89103,53,42,121,A,95.0,91.66666667,3.5,96,-1,-1,2,1,0,1,-1,0,-1,1,1,-1,1,-1,0,-1,-1,-1,-1,1,3,-1,-1,1,-1,0,-1,0,0,-1,1,1,1,0,0,1,-1,1,0,-1,-1,-1,3,-1,-1,-1,-1,-1,-1,-1
89103,42,3,68,A,95.0,94.09090909,3.5,10,-1,-1,2,0,-1,-1,-1,1,-1,1,1,-1,1,-1,-1,-1,-1,-1,-1,0,0,-1,-1,1,-1,1,-1,0,0,-1,0,1,1,0,-1,1,-1,-1,1,-1,-1,-1,-1,-1,-1,-1,-1,-1,-1,-1
89169,51,60,89,A,95.0,92.5,4.5,86,-1,-1,2,1,-1,-1,-1,1,-1,1,1,-1,0,-1,-1,-1,-1,-1,-1,1,-1,-1,0,1,-1,1,-1,0,0,-1,0,1,1,1,-1,1,-1,1,1,0,0,-1,-1,-1,-1,-1,-1,-1,-1,-1
89103,34,36,89,A,95.0,92.5,4.0,202,-1,-1,0,1,-1,-1,-1,1,-1,1,1,-1,1,-1,-1,-1,0,-1,-1,1,1,-1,-1,0,-1,0,-1,1,0,-1,0,0,2,1,0,1,-1,1,0,0,0,-1,-1,-1,-1,-1,-1,-1,-1,-1
89135,7,21,15,A,95.0,95.0,3.5,320,-1,-1,0,1,-1,-1,-1,1,0,1,1,0,0,-1,-1,-1,0,-1,-1,1,0,-1,-1,0,-1,1,-1,0,0,-1,0,0,1,0,-1,1,-1,1,1,0,0,-1,-1,-1,1,-1,1,1,-1,-1
89135,23,6,20,A,95.0,95.0,4.5,32,-1,-1,1,-1,-1,-1,-1,1,0,1,1,-1,0,-1,-1,-1,-1,-1,-1,1,-1,-1,-1,1,-1,1,-1,0,0,-1,0,1,2,0,-1,1,-1,-1,0,-1,-1,-1,-1,-1,-1,-1,-1,-1,-1,-1
89102,83,153,192,A,95.0,91.0,3.0,71,-1,-1,0,1,-1,-1,-1,0,-1,1,0,-1,1,-1,-1,-1,-1,-1,-1,1,2,-1,-1,0,-1,0,-1,1,0,-1,1,1,1,0,0,1,-1,1,0,0,-1,-1,-1,-1,-1,-1,-1,-1,-1,-1
89117,7,32,24,A,85.0,90.0,2.0,9,-1,-1,0,1,-1,-1,-1,1,-1,1,0,-1,0,-1,-1,-1,0,-1,-1,1,0,-1,-1,1,-1,1,-1,0,0,-1,1,0,2,0,0,1,-1,-1,0,-1,-1,-1,-1,-1,-1,-1,-1,-1,-1,-1
89115,54,96,120,A,95.0,91.66666667,4.5,26,-1,-1,1,1,-1,-1,-1,1,-1,1,1,-1,0,-1,-1,-1,0,-1,-1,1,1,-1,-1,1,-1,1,-1,0,0,-1,0,1,2,1,1,1,-1,1,0,1,-1,-1,1,-1,-1,-1,-1,-1,-1,-1
89128,90,142,228,B,95.0,85.71428571,3.5,111,-1,-1,0,1,-1,-1,-1,1,-1,1,1,-1,1,-1,-1,-1,-1,-1,-1,1,2,-1,-1,0,-1,0,-1,0,0,-1,0,1,1,0,1,1,-1,-1,0,-1,0,-1,2,-1,-1,-1,-1,-1,-1,1
89122,58,117,119,A,95.0,92.69230769,3.5,93,-1,-1,0,1,-1,-1,-1,0,-1,1,1,-1,1,-1,-1,-1,-1,-1,-1,1,1,-1,-1,1,-1,1,-1,0,0,-1,1,0,2,0,0,1,-1,0,0,0,-1,-1,-1,-1,-1,-1,-1,-1,-1,-1
89117,55,82,144,A,95.0,91.92307692,4.0,688,-1,-1,0,1,-1,-1,-1,1,-1,1,1,0,1,-1,-1,-1,0,-1,-1,1,3,-1,-1,0,-1,1,-1,1,0,-1,0,1,1,1,0,1,-1,1,1,0,0,-1,-1,-1,-1,-1,-1,-1,-1,-1
89146,103,6,256,B,95.0,83.33333333,3.5,503,-1,-1,2,1,0,1,-1,1,-1,1,1,-1,0,-1,0,-1,-1,-1,-1,1,2,-1,-1,1,-1,1,-1,0,0,-1,0,1,1,1,1,1,-1,0,0,0,1,-1,2,-1,-1,-1,-1,1,-1,1
89102,30,245,94,B,75.0,89.28571429,4.0,342,-1,-1,2,1,-1,-1,-1,1,0,1,1,0,1,-1,-1,-1,-1,-1,-1,1,0,-1,-1,1,-1,1,-1,0,0,-1,0,1,1,1,-1,1,-1,1,1,1,0,-1,-1,1,-1,-1,-1,1,-1,-1
89146,98,60,231,B,95.0,86.90476190000003,4.0,2499,-1,-1,1,1,-1,-1,-1,0,-1,1,1,-1,0,-1,-1,-1,-1,-1,-1,1,2,-1,-1,0,-1,1,-1,0,0,-1,0,0,1,0,1,1,-1,1,0,0,0,-1,2,-1,-1,-1,-1,1,-1,-1
89122,55,99,100,A,95.0,92.27272727,4.5,22,-1,-1,1,0,-1,-1,-1,0,0,0,1,-1,1,-1,-1,-1,0,-1,-1,1,2,-1,-1,1,-1,1,-1,0,0,-1,0,1,1,0,1,1,-1,1,0,0,0,-1,2,-1,-1,-1,-1,-1,-1,-1
89115,76,132,147,A,94.41176471,92.05882353,3.5,24,-1,-1,0,1,-1,-1,-1,1,-1,1,0,-1,1,-1,-1,-1,-1,-1,-1,1,1,-1,-1,1,-1,1,-1,0,0,-1,1,1,1,0,1,1,-1,-1,0,-1,-1,-1,-1,-1,-1,-1,-1,-1,-1,-1
89149,33,0,39,A,95.0,94.09090909,4.0,526,-1,-1,1,1,-1,-1,-1,1,-1,1,0,-1,1,-1,-1,-1,-1,-1,-1,1,2,-1,-1,1,-1,1,-1,1,0,-1,0,1,2,1,1,1,-1,1,0,0,0,-1,2,-1,-1,-1,1,1,-1,1
89103,93,338,199,B,77.5,88.75,3.5,320,-1,-1,0,1,-1,-1,-1,1,-1,1,1,-1,0,-1,-1,-1,0,-1,-1,1,2,-1,-1,1,-1,0,-1,0,0,-1,0,1,2,0,1,1,-1,1,1,0,0,-1,2,-1,-1,-1,-1,-1,-1,-1
89145,117,128,267,B,95.0,89.54545455,3.5,115,-1,-1,0,0,-1,-1,-1,1,-1,1,0,-1,1,-1,-1,-1,-1,-1,-1,1,2,-1,-1,0,-1,1,-1,0,0,-1,1,1,1,0,1,1,-1,-1,0,0,-1,1,2,-1,-1,-1,-1,-1,-1,-1
89147,61,113,112,A,95.0,91.92307692,3.5,314,-1,-1,0,1,-1,-1,-1,1,0,1,1,-1,0,-1,-1,-1,0,-1,-1,1,2,-1,1,0,-1,1,-1,1,0,-1,0,1,2,0,0,1,-1,1,0,0,0,-1,2,-1,1,-1,1,1,-1,0
89139,13,10,24,A,95.0,90.0,3.5,150,-1,-1,1,1,-1,-1,-1,1,0,0,1,-1,1,-1,-1,1,-1,-1,1,1,2,-1,-1,1,-1,0,-1,0,0,-1,1,1,1,0,1,1,-1,1,0,0,0,1,2,-1,-1,-1,-1,-1,-1,-1
89121,65,115,166,A,95.0,90.38461538,4.5,765,-1,-1,2,1,-1,-1,-1,1,0,1,1,-1,0,-1,-1,-1,0,-1,-1,1,1,-1,-1,1,-1,1,-1,1,0,1,0,1,2,1,1,1,-1,1,1,0,0,-1,1,-1,-1,-1,-1,1,-1,1
89130,9,40,34,A,95.0,93.0,3.0,7,-1,-1,-1,-1,-1,-1,-1,1,0,1,1,-1,1,-1,-1,-1,-1,-1,-1,-1,-1,-1,-1,-1,-1,-1,-1,-1,-1,-1,-1,-1,1,-1,-1,1,-1,-1,1,-1,-1,-1,-1,-1,-1,-1,-1,-1,-1,-1
89123,5,9,11,A,95.0,95.0,4.5,16,-1,-1,2,1,-1,-1,-1,1,-1,1,1,-1,-1,-1,-1,-1,-1,-1,-1,-1,-1,-1,1,0,-1,3,-1,1,-1,-1,-1,1,1,0,-1,-1,-1,1,1,-1,-1,-1,-1,-1,-1,-1,-1,-1,-1,-1
89117,31,33,64,B,95.0,87.0,3.5,92,-1,-1,0,1,-1,-1,-1,1,-1,1,0,-1,1,-1,-1,-1,-1,-1,-1,1,2,-1,-1,0,-1,1,-1,0,0,-1,1,1,1,0,0,1,-1,0,0,0,-1,-1,2,-1,-1,-1,-1,1,-1,-1
89146,89,167,254,B,95.0,86.05263158,4.5,132,-1,-1,0,1,-1,-1,-1,0,-1,1,1,-1,1,-1,-1,-1,-1,-1,-1,1,2,-1,-1,1,-1,1,-1,0,0,-1,0,1,1,0,0,1,-1,1,0,0,0,1,2,-1,-1,-1,-1,-1,-1,-1
89139,43,75,110,A,95.0,92.5,3.0,70,-1,-1,0,1,-1,-1,-1,1,-1,1,1,-1,0,-1,-1,-1,-1,0,-1,1,2,-1,-1,0,-1,2,-1,0,0,-1,0,1,2,0,1,1,-1,1,0,0,0,-1,3,-1,-1,-1,-1,-1,-1,-1
89130,3,6,6,A,95.0,95.0,4.0,11,-1,-1,1,1,-1,-1,-1,-1,-1,1,1,-1,0,-1,-1,-1,-1,-1,-1,1,2,-1,-1,1,-1,1,-1,0,0,-1,0,1,2,0,1,1,-1,1,-1,-1,-1,-1,-1,-1,-1,-1,-1,-1,-1,-1
89123,73,128,186,A,95.0,91.25,4.0,957,-1,-1,1,1,-1,-1,-1,1,0,1,2,-1,1,-1,-1,-1,-1,-1,-1,1,2,-1,-1,1,-1,1,0,0,0,-1,1,1,2,1,1,1,-1,1,1,0,0,-1,2,-1,-1,-1,-1,1,-1,-1
89121,70,130,158,B,95.0,88.84615385,2.5,24,-1,-1,2,1,-1,-1,3,0,0,1,1,-1,-1,0,-1,-1,-1,-1,1,1,-1,-1,1,1,1,1,-1,0,-1,-1,1,1,1,0,-1,1,1,1,1,0,-1,-1,-1,-1,-1,1,-1,-1,-1,-1
89119,45,243,191,C,75.0,75.0,3.5,65,-1,-1,2,1,-1,-1,-1,1,-1,1,1,-1,1,-1,-1,-1,-1,-1,-1,1,3,-1,-1,1,-1,2,-1,0,0,-1,0,1,1,0,1,1,-1,1,0,0,-1,1,3,-1,-1,-1,-1,-1,-1,-1
89131,35,91,85,A,95.0,92.5,2.5,81,-1,-1,-1,-1,-1,-1,-1,1,0,1,1,-1,1,-1,-1,-1,0,-1,-1,-1,-1,-1,-1,-1,-1,-1,-1,1,-1,-1,1,-1,2,-1,-1,1,-1,1,1,0,0,-1,-1,-1,-1,-1,1,1,1,-1
89101,50,38,114,A,95.0,91.66666667,4.0,212,-1,-1,2,1,-1,-1,3,1,-1,1,1,-1,0,0,-1,-1,-1,-1,0,1,-1,-1,1,0,1,3,-1,0,0,-1,1,1,2,0,-1,1,1,1,0,0,-1,-1,-1,-1,-1,0,-1,-1,-1,-1
89117,7,0,0,A,95.0,95.0,4.5,157,-1,-1,-1,-1,-1,-1,-1,1,-1,1,1,-1,0,-1,-1,-1,-1,-1,-1,-1,-1,-1,-1,-1,-1,-1,-1,-1,-1,-1,-1,-1,1,-1,-1,0,-1,1,-1,1,1,-1,-1,-1,-1,-1,-1,-1,-1,-1
89101,45,30,146,B,95.0,80.0,4.0,110,-1,-1,0,1,-1,-1,-1,0,-1,1,1,-1,0,-1,-1,-1,-1,-1,-1,1,3,-1,-1,1,-1,1,-1,0,0,-1,1,1,1,0,0,1,-1,1,0,-1,-1,-1,-1,-1,-1,-1,-1,-1,-1,-1
89108,64,171,153,A,95.0,92.36842105,3.0,31,-1,-1,0,0,-1,-1,-1,1,-1,1,0,-1,1,-1,-1,-1,-1,-1,-1,1,0,-1,-1,0,-1,3,-1,0,0,-1,0,1,1,0,0,1,-1,1,0,-1,-1,-1,-1,-1,-1,-1,-1,-1,-1,-1
89104,58,45,122,A,95.0,93.0,4.0,88,-1,-1,-1,-1,-1,-1,-1,0,-1,1,1,-1,0,-1,-1,-1,-1,-1,-1,-1,-1,-1,-1,-1,-1,-1,-1,-1,-1,-1,-1,-1,1,-1,-1,1,-1,1,-1,0,0,-1,-1,-1,-1,-1,-1,-1,-1,-1
89183,19,15,54,A,95.0,91.0,3.0,32,-1,-1,0,1,-1,-1,-1,0,-1,1,1,-1,0,-1,-1,-1,-1,-1,-1,1,1,-1,-1,1,-1,1,-1,1,0,-1,0,1,1,0,0,1,-1,1,-1,-1,-1,-1,-1,-1,-1,-1,-1,-1,-1,-1
89147,13,32,26,A,95.0,95.0,3.0,22,-1,-1,1,0,-1,-1,-1,0,-1,1,1,-1,1,-1,-1,-1,-1,-1,-1,1,2,-1,-1,0,-1,0,-1,0,0,-1,0,1,2,1,1,1,-1,-1,0,-1,-1,-1,-1,-1,-1,-1,-1,-1,-1,-1
89118,14,18,38,B,95.0,88.33333333,3.5,62,-1,-1,0,0,-1,-1,-1,0,-1,1,1,-1,0,-1,-1,-1,-1,-1,-1,1,2,-1,-1,1,-1,-1,-1,0,0,-1,1,1,1,1,1,1,-1,1,1,-1,-1,-1,2,-1,-1,-1,-1,-1,-1,-1
89134,9,32,26,A,95.0,95.0,3.0,11,-1,-1,0,0,-1,-1,-1,1,-1,1,0,-1,1,-1,-1,-1,-1,-1,-1,1,2,-1,-1,0,-1,1,-1,1,0,-1,0,1,1,0,0,1,-1,1,0,-1,-1,-1,-1,-1,-1,-1,-1,-1,-1,-1
89178,33,27,75,A,95.0,91.66666667,4.0,320,-1,-1,0,1,-1,-1,-1,1,-1,1,1,-1,1,-1,-1,-1,-1,-1,-1,1,-1,-1,-1,0,-1,1,-1,1,-1,-1,1,1,1,0,-1,1,-1,1,1,1,1,-1,-1,1,-1,-1,-1,-1,-1,-1
89117,66,62,148,A,95.0,91.15384615,3.5,207,-1,-1,1,1,-1,-1,-1,1,-1,1,1,-1,0,-1,-1,-1,-1,-1,-1,1,2,-1,-1,1,-1,1,-1,0,0,-1,0,1,2,1,1,1,-1,1,1,0,-1,-1,2,-1,-1,-1,-1,-1,-1,-1
89101,67,102,188,A,95.0,91.66666667,3.0,8,-1,-1,0,-1,-1,-1,-1,1,-1,1,1,-1,-1,-1,-1,-1,-1,-1,-1,1,-1,-1,-1,0,-1,1,-1,0,-1,-1,0,1,-1,0,-1,1,-1,-1,0,-1,-1,-1,-1,-1,-1,-1,-1,-1,-1,-1
89123,1,0,0,A,95.0,95.0,2.5,3,-1,-1,0,1,-1,-1,-1,0,-1,1,0,-1,1,-1,-1,-1,-1,-1,-1,1,-1,-1,-1,0,-1,1,-1,0,-1,-1,0,1,1,0,-1,1,-1,-1,0,-1,-1,-1,-1,-1,-1,-1,-1,-1,-1,-1
89123,1,0,0,A,95.0,95.0,3.5,9,-1,-1,2,2,-1,-1,-1,0,-1,1,0,-1,0,-1,-1,-1,-1,-1,-1,0,-1,-1,1,1,-1,1,-1,1,0,-1,0,1,1,1,-1,1,-1,1,0,0,-1,-1,-1,-1,-1,-1,-1,-1,-1,-1
89117,26,105,70,A,95.0,93.88888889,2.5,82,-1,-1,0,0,-1,-1,-1,0,-1,1,0,-1,1,-1,-1,-1,0,-1,-1,1,2,-1,-1,1,-1,0,-1,1,0,-1,1,1,2,1,1,1,-1,-1,1,-1,-1,-1,2,-1,-1,-1,-1,-1,-1,-1
89115,64,36,158,A,95.0,91.47058824,4.0,9,-1,-1,0,1,-1,-1,-1,0,-1,1,1,-1,0,-1,-1,-1,-1,0,-1,1,0,-1,-1,1,-1,1,-1,0,0,-1,0,1,1,0,-1,1,-1,-1,0,-1,-1,-1,-1,-1,-1,-1,-1,-1,-1,-1
89115,64,36,158,A,95.0,91.47058824,2.0,24,-1,-1,0,0,-1,-1,-1,1,-1,1,1,-1,-1,-1,-1,-1,-1,1,-1,1,1,-1,-1,0,-1,1,-1,0,0,1,0,1,1,0,0,1,-1,1,0,-1,-1,-1,-1,-1,-1,-1,-1,-1,-1,-1
89115,64,36,158,A,95.0,91.47058824,3.0,37,-1,-1,0,1,-1,-1,-1,0,-1,1,1,-1,1,-1,-1,-1,-1,0,-1,1,4,-1,-1,0,-1,1,-1,0,0,-1,0,1,1,0,0,1,-1,-1,0,0,0,1,-1,-1,-1,-1,-1,-1,-1,-1
89117,11,12,25,A,95.0,95.0,4.0,96,-1,-1,2,2,-1,-1,-1,-1,-1,1,1,-1,-1,-1,-1,-1,-1,-1,-1,0,1,-1,-1,1,-1,1,-1,1,0,-1,0,1,3,1,1,1,-1,1,0,-1,-1,-1,-1,-1,-1,-1,-1,-1,-1,-1
89148,37,27,91,A,95.0,91.66666667,4.0,264,-1,-1,2,1,-1,-1,-1,1,-1,1,1,-1,1,-1,-1,-1,0,-1,-1,1,2,-1,-1,0,-1,1,-1,1,0,-1,0,1,2,1,1,1,-1,1,1,0,0,1,3,-1,-1,-1,1,1,-1,1
89121,13,36,63,B,95.0,80.0,4.0,10,-1,-1,0,0,-1,-1,-1,1,-1,1,1,-1,0,-1,-1,-1,-1,1,-1,1,3,-1,-1,1,-1,1,-1,1,0,-1,0,1,1,0,0,1,-1,1,1,-1,-1,-1,-1,-1,-1,-1,-1,-1,-1,0
89118,89,247,241,B,86.90476190000003,89.76190476,4.0,733,-1,-1,1,1,-1,-1,-1,1,-1,1,1,-1,1,-1,-1,-1,-1,-1,-1,1,2,-1,-1,0,-1,1,-1,0,0,-1,0,1,2,1,1,1,-1,1,0,0,-1,-1,2,-1,-1,-1,1,1,-1,-1
89113,28,34,55,A,95.0,95.0,3.5,170,-1,-1,0,1,-1,-1,-1,1,-1,1,1,-1,1,-1,-1,-1,-1,0,-1,1,2,-1,-1,1,-1,1,-1,0,0,-1,1,1,1,0,0,1,-1,1,0,0,0,-1,2,-1,-1,-1,-1,1,-1,0
89117,14,45,32,A,95.0,95.0,4.5,9,-1,-1,0,-1,-1,-1,-1,1,-1,1,0,-1,0,-1,-1,-1,-1,-1,-1,1,0,-1,-1,0,-1,1,-1,0,-1,-1,0,0,-1,0,1,1,-1,-1,1,-1,-1,-1,-1,-1,-1,-1,-1,-1,-1,-1
89121,47,8,84,A,95.0,92.5,3.0,4,-1,-1,0,-1,-1,-1,-1,-1,-1,0,-1,-1,0,-1,-1,-1,-1,-1,-1,0,-1,-1,-1,-1,-1,-1,-1,-1,-1,-1,0,1,1,0,-1,1,-1,-1,1,-1,-1,-1,-1,-1,-1,-1,-1,-1,-1,-1
89102,157,120,344,B,95.0,86.66666667,4.0,338,-1,-1,0,1,-1,-1,-1,1,-1,1,1,-1,0,-1,-1,-1,-1,1,-1,1,2,-1,-1,1,-1,1,-1,0,0,-1,0,1,1,0,1,1,-1,1,1,0,0,-1,2,-1,-1,-1,1,1,-1,1
89103,10,27,19,A,95.0,95.0,3.5,15,-1,-1,0,1,-1,-1,-1,1,-1,1,1,-1,-1,-1,-1,-1,-1,-1,-1,1,-1,-1,-1,1,-1,1,-1,0,-1,-1,0,1,1,0,-1,1,-1,-1,1,-1,-1,-1,-1,-1,-1,-1,-1,-1,-1,-1
89119,61,108,121,B,95.0,87.14285714,3.0,119,-1,-1,0,1,-1,-1,-1,1,-1,1,1,-1,1,-1,-1,-1,-1,0,-1,1,4,-1,-1,0,-1,1,-1,0,0,-1,0,1,1,0,0,1,-1,0,0,0,0,-1,5,-1,-1,-1,-1,1,-1,-1
89119,11,16,16,A,95.0,95.0,4.0,12,-1,-1,0,0,-1,-1,-1,1,-1,1,1,-1,0,-1,-1,-1,-1,-1,-1,1,0,-1,-1,1,-1,0,-1,0,0,-1,0,1,1,0,0,1,-1,1,1,-1,-1,-1,-1,-1,-1,-1,-1,-1,-1,-1
89121,21,0,59,C,95.0,74.16666667,1.5,12,-1,-1,0,1,-1,-1,-1,1,0,1,0,-1,0,-1,-1,-1,0,1,-1,0,-1,-1,-1,1,-1,1,-1,0,0,-1,0,1,2,0,0,1,-1,1,1,-1,-1,-1,-1,-1,-1,-1,-1,-1,-1,-1
89121,21,0,59,C,95.0,74.16666667,2.0,21,-1,-1,0,1,-1,-1,-1,1,-1,1,0,-1,0,-1,-1,-1,-1,1,-1,1,1,-1,-1,0,-1,3,-1,0,0,-1,0,1,1,0,0,1,-1,-1,1,-1,-1,-1,1,-1,-1,-1,-1,-1,-1,0
89121,21,0,59,C,95.0,74.16666667,2.5,36,-1,-1,0,1,-1,-1,-1,1,-1,1,1,-1,-1,-1,-1,-1,-1,1,-1,1,1,-1,-1,1,-1,1,-1,0,0,-1,0,1,1,0,0,1,-1,-1,1,-1,-1,-1,1,-1,-1,-1,-1,-1,-1,-1
89121,21,0,59,C,95.0,74.16666667,2.0,6,-1,-1,0,0,-1,-1,-1,0,-1,1,0,-1,0,-1,-1,-1,-1,0,-1,1,0,-1,-1,0,-1,3,-1,0,0,-1,0,1,1,0,0,1,-1,-1,0,-1,-1,-1,-1,-1,-1,-1,-1,-1,-1,0
89121,21,0,59,C,95.0,74.16666667,2.0,23,-1,-1,0,0,-1,-1,-1,1,-1,1,0,-1,0,-1,-1,-1,-1,1,-1,1,0,-1,-1,0,-1,3,-1,0,0,-1,0,0,1,0,0,1,-1,-1,1,-1,-1,-1,-1,-1,-1,-1,-1,-1,-1,-1
89146,123,146,253,A,95.0,90.0,4.0,543,-1,-1,1,1,-1,-1,-1,1,0,1,1,-1,1,-1,-1,-1,0,-1,-1,1,2,-1,-1,1,-1,1,-1,0,0,-1,0,1,1,1,1,1,-1,1,1,0,0,-1,2,-1,-1,-1,1,1,-1,1
89103,16,42,49,A,95.0,95.0,4.0,23,-1,-1,2,0,-1,-1,3,1,-1,1,1,-1,1,0,-1,-1,-1,-1,0,1,0,-1,1,1,1,1,-1,0,0,-1,0,1,2,0,1,0,1,1,0,-1,-1,-1,-1,-1,-1,-1,-1,-1,-1,-1
89121,35,88,100,A,95.0,92.5,3.0,12,-1,-1,0,0,-1,-1,-1,1,-1,1,-1,-1,0,-1,-1,-1,-1,-1,-1,0,0,-1,-1,0,-1,3,-1,0,0,-1,0,1,2,0,0,1,-1,-1,1,-1,-1,-1,-1,-1,-1,-1,-1,-1,-1,-1
89148,36,54,79,A,95.0,92.77777778,3.0,35,-1,-1,1,1,-1,-1,-1,-1,-1,1,1,-1,1,-1,-1,-1,-1,-1,-1,1,2,-1,-1,1,-1,0,-1,0,0,-1,1,1,1,0,1,1,-1,-1,0,-1,-1,-1,-1,-1,-1,-1,-1,-1,-1,-1
89130,70,104,147,A,95.0,91.875,4.0,82,-1,-1,0,1,-1,-1,-1,1,-1,1,1,-1,0,-1,-1,-1,-1,0,-1,1,3,-1,-1,1,-1,0,-1,0,0,-1,0,1,2,0,1,1,-1,-1,0,-1,0,-1,3,-1,-1,-1,-1,-1,-1,-1
89115,47,39,87,A,95.0,92.69230769,3.5,54,-1,-1,0,0,-1,-1,-1,0,-1,1,1,-1,1,-1,-1,-1,-1,0,-1,1,2,-1,-1,1,-1,1,-1,0,0,-1,1,1,2,0,0,1,-1,-1,0,-1,-1,-1,2,-1,-1,-1,-1,-1,-1,-1
89108,85,24,211,B,95.0,89.44444444,4.0,12,-1,-1,0,0,-1,-1,-1,0,-1,1,0,-1,0,-1,-1,-1,-1,-1,-1,1,0,-1,-1,1,-1,1,-1,0,0,-1,0,1,2,0,1,1,-1,-1,0,-1,-1,-1,-1,-1,-1,-1,-1,-1,-1,-1
89109,40,89,82,A,95.0,95.0,2.5,12,-1,-1,0,-1,-1,-1,-1,1,-1,1,0,-1,1,-1,-1,-1,-1,-1,-1,1,0,-1,-1,1,-1,0,-1,0,0,-1,1,1,1,0,0,1,-1,-1,0,-1,-1,-1,-1,-1,-1,-1,-1,-1,-1,-1
89109,40,89,82,A,95.0,95.0,4.0,18,-1,-1,0,0,-1,-1,-1,1,-1,1,0,-1,1,-1,-1,-1,-1,0,-1,1,1,-1,-1,1,-1,1,-1,0,0,-1,0,0,1,0,-1,1,-1,1,1,-1,-1,-1,2,-1,-1,-1,-1,-1,-1,-1
89128,16,36,39,A,95.0,93.33333333,3.0,73,-1,-1,2,2,-1,-1,-1,1,-1,1,1,-1,1,-1,-1,-1,-1,0,-1,0,1,-1,-1,1,-1,1,-1,1,0,-1,0,1,3,1,1,1,-1,1,0,-1,-1,-1,-1,-1,-1,-1,-1,-1,-1,-1
89106,42,47,96,B,95.0,86.07142857,4.5,415,-1,-1,0,1,-1,-1,-1,1,-1,1,1,-1,1,-1,-1,-1,-1,-1,-1,1,3,-1,-1,0,-1,1,-1,0,0,-1,0,0,2,0,0,1,-1,1,0,0,0,-1,3,-1,-1,-1,-1,1,-1,0
89118,42,80,92,A,95.0,92.27272727,4.0,168,-1,-1,1,1,-1,-1,-1,1,-1,1,0,-1,1,-1,-1,-1,-1,-1,-1,1,2,-1,-1,1,-1,1,-1,0,0,-1,1,1,2,0,1,1,-1,-1,1,0,1,-1,2,-1,-1,-1,-1,-1,-1,1
89131,7,16,16,A,95.0,95.0,3.0,72,-1,-1,0,0,-1,-1,-1,1,0,1,0,-1,0,-1,-1,-1,0,-1,-1,1,1,-1,-1,0,-1,1,-1,0,0,-1,0,1,1,0,-1,1,-1,1,1,-1,-1,-1,1,-1,-1,-1,-1,-1,-1,-1
89128,31,42,77,A,95.0,90.71428571,4.0,9,-1,-1,0,1,-1,-1,-1,1,-1,1,1,-1,1,-1,-1,-1,-1,-1,-1,1,-1,-1,-1,0,-1,0,-1,1,0,-1,0,1,1,0,-1,1,-1,1,0,-1,-1,-1,-1,-1,-1,-1,-1,-1,-1,-1
89119,26,45,50,A,95.0,91.0,4.0,44,-1,-1,0,1,-1,-1,3,1,-1,1,0,0,1,0,-1,-1,-1,0,1,1,2,-1,1,1,-1,1,-1,0,0,-1,0,1,1,0,0,1,1,1,0,-1,-1,-1,2,-1,-1,-1,-1,-1,-1,-1
89118,41,122,85,B,95.0,87.5,3.0,97,-1,-1,0,1,-1,-1,-1,1,-1,1,1,-1,1,-1,-1,-1,-1,-1,-1,1,1,-1,0,0,-1,1,-1,1,0,-1,1,0,1,0,0,1,-1,1,0,-1,-1,-1,-1,-1,-1,-1,-1,-1,-1,-1
89123,33,72,66,A,95.0,95.0,4.0,232,-1,-1,0,1,-1,-1,-1,1,-1,1,1,-1,1,-1,-1,-1,0,-1,-1,1,2,-1,-1,1,-1,1,-1,0,0,-1,1,1,2,0,0,1,-1,1,0,1,-1,1,2,-1,-1,-1,-1,1,-1,-1
89119,46,107,111,B,95.0,86.15384615,3.5,93,-1,-1,0,0,-1,-1,-1,1,-1,1,1,-1,0,-1,-1,-1,-1,-1,-1,1,3,-1,-1,0,-1,1,-1,1,0,-1,0,1,1,0,0,1,-1,1,0,0,-1,-1,3,-1,-1,-1,-1,-1,-1,-1
89123,16,0,29,A,95.0,95.0,3.5,129,-1,-1,0,1,-1,-1,-1,1,-1,1,1,-1,1,-1,-1,-1,-1,0,-1,1,1,-1,-1,1,-1,1,-1,1,0,-1,0,1,1,0,0,1,-1,1,0,1,0,-1,1,-1,-1,-1,-1,-1,-1,0
89101,36,30,96,B,95.0,88.33333333,3.5,24,-1,-1,0,1,-1,-1,-1,1,-1,1,1,-1,1,-1,-1,-1,-1,-1,-1,1,1,-1,-1,0,-1,0,-1,0,0,-1,1,1,1,0,1,1,-1,1,0,-1,-1,-1,-1,-1,-1,-1,-1,-1,-1,-1
89143,91,6,208,A,95.0,90.5,3.5,240,-1,-1,2,1,-1,-1,-1,1,-1,1,1,-1,1,-1,-1,-1,-1,-1,-1,1,2,-1,-1,1,-1,1,-1,1,0,-1,1,1,2,0,1,1,-1,1,1,0,0,-1,2,-1,-1,-1,1,1,-1,1
89110,35,68,81,A,95.0,94.23076923,4.0,30,-1,-1,1,0,-1,-1,-1,1,0,1,2,-1,1,-1,-1,-1,0,-1,-1,1,5,-1,-1,1,-1,1,-1,0,0,-1,1,1,2,1,1,1,-1,1,1,-1,-1,-1,5,-1,-1,-1,-1,-1,-1,1
89123,43,70,127,A,95.0,90.71428571,4.0,180,-1,-1,0,1,-1,1,-1,1,-1,1,1,-1,1,-1,0,-1,-1,-1,-1,1,1,-1,-1,0,-1,0,-1,1,0,-1,0,1,2,0,0,1,-1,1,0,0,-1,-1,-1,-1,-1,-1,1,1,-1,-1
89101,24,36,43,A,95.0,95.0,4.0,122,-1,-1,2,1,-1,-1,3,1,-1,1,2,-1,1,0,-1,-1,-1,-1,1,0,-1,-1,1,0,1,1,-1,0,0,-1,1,1,2,1,-1,1,1,1,0,0,-1,-1,-1,-1,-1,0,-1,-1,-1,-1
89147,41,118,90,B,95.0,88.84615385,4.5,578,-1,-1,0,1,-1,-1,-1,1,-1,1,1,-1,1,-1,-1,-1,-1,-1,-1,1,2,-1,-1,1,-1,1,-1,0,0,-1,1,1,2,1,1,1,-1,1,1,1,1,1,2,-1,1,-1,1,1,1,1
89119,132,0,322,B,95.0,81.81818182,3.5,28,-1,-1,1,1,-1,-1,-1,1,-1,1,1,-1,0,-1,-1,-1,-1,-1,-1,1,2,-1,-1,1,-1,3,-1,0,0,-1,0,1,1,0,1,1,-1,-1,0,0,-1,-1,-1,-1,-1,-1,-1,-1,-1,-1
89119,5,10,10,A,95.0,95.0,2.5,13,-1,-1,2,1,-1,-1,-1,1,-1,1,1,-1,1,-1,-1,-1,0,0,-1,1,1,-1,-1,1,-1,1,-1,0,0,-1,0,1,2,0,1,1,-1,1,1,-1,-1,-1,-1,-1,-1,-1,-1,-1,-1,-1
89119,82,0,190,B,95.0,89.375,4.0,156,-1,-1,2,1,-1,-1,-1,1,-1,1,1,-1,0,-1,-1,-1,-1,-1,-1,1,3,-1,-1,1,-1,1,-1,0,0,-1,0,1,1,0,1,1,-1,-1,0,-1,-1,-1,3,-1,-1,-1,-1,-1,-1,1
89103,54,14,109,A,95.0,93.0,4.0,487,-1,-1,1,1,-1,-1,-1,1,-1,1,1,-1,1,-1,-1,-1,-1,-1,-1,1,2,-1,-1,0,-1,1,-1,0,0,-1,1,1,2,1,1,1,-1,1,0,0,0,1,2,-1,-1,-1,-1,-1,-1,1
89102,38,83,84,D,95.0,67.72727273,4.0,1617,-1,-1,1,1,-1,-1,-1,0,-1,1,1,-1,0,-1,-1,-1,-1,-1,-1,1,2,-1,-1,1,-1,1,-1,0,0,-1,0,1,2,0,1,1,-1,1,0,0,0,-1,2,-1,-1,-1,-1,-1,-1,1
89102,38,83,84,D,95.0,67.72727273,4.0,726,-1,-1,1,1,-1,-1,-1,0,-1,1,1,-1,0,-1,-1,-1,-1,-1,-1,1,2,-1,-1,1,-1,1,-1,0,0,-1,0,1,2,0,1,1,-1,-1,0,0,0,-1,2,-1,-1,-1,-1,1,-1,1
89119,35,35,79,B,95.0,84.5,4.0,194,-1,-1,0,1,-1,-1,-1,1,-1,1,1,-1,1,-1,-1,-1,-1,-1,-1,1,2,-1,-1,0,-1,1,-1,0,0,-1,1,1,1,0,0,1,-1,-1,0,0,0,1,2,-1,-1,-1,-1,1,-1,0
89110,28,33,53,A,95.0,94.09090909,3.5,3,-1,-1,2,1,-1,-1,3,1,-1,1,1,-1,0,0,-1,-1,-1,0,1,0,-1,-1,1,1,1,1,-1,1,0,-1,0,1,1,1,-1,1,1,-1,1,-1,-1,-1,-1,-1,-1,-1,-1,-1,-1,-1
89123,17,0,42,A,95.0,95.0,4.5,138,-1,-1,1,-1,-1,-1,-1,1,-1,1,1,-1,0,-1,-1,-1,-1,-1,-1,1,-1,-1,-1,1,-1,1,-1,0,0,-1,0,1,1,0,-1,1,-1,1,0,0,1,-1,-1,-1,-1,-1,-1,-1,-1,-1
89103,46,60,103,B,95.0,85.38461538,4.0,688,-1,-1,2,1,0,1,3,1,-1,1,1,-1,1,-1,0,-1,-1,0,-1,1,4,-1,-1,1,-1,1,-1,0,0,-1,0,1,2,1,1,1,-1,1,1,0,1,-1,4,-1,-1,-1,1,1,-1,1
89147,5,4,13,C,95.0,71.25,3.5,29,-1,-1,0,1,-1,-1,-1,1,-1,1,1,-1,1,-1,-1,-1,-1,-1,-1,1,-1,-1,-1,1,-1,1,-1,0,-1,-1,1,1,1,0,-1,1,-1,1,1,-1,-1,-1,-1,-1,-1,-1,-1,-1,-1,-1
89183,18,24,43,A,95.0,92.5,3.5,66,-1,-1,0,1,-1,-1,-1,1,-1,1,1,-1,1,-1,-1,-1,0,-1,-1,1,1,-1,-1,0,-1,0,-1,1,0,-1,0,1,1,0,0,1,-1,1,0,-1,-1,-1,-1,-1,-1,-1,-1,-1,-1,-1
89156,41,80,106,A,95.0,91.42857143,3.5,63,-1,-1,0,1,-1,-1,-1,1,-1,1,1,-1,1,-1,-1,-1,0,-1,-1,1,3,-1,-1,1,-1,1,-1,0,0,-1,1,1,2,1,0,1,-1,1,1,0,-1,-1,3,-1,-1,-1,-1,-1,-1,-1
89109,34,33,71,A,95.0,91.92307692,2.0,60,-1,-1,0,0,-1,-1,-1,1,-1,1,1,-1,0,-1,-1,-1,-1,-1,-1,1,1,-1,-1,0,-1,1,-1,0,0,-1,0,1,1,0,0,1,-1,-1,0,0,-1,-1,1,-1,-1,-1,-1,-1,-1,-1
89147,53,36,96,A,95.0,92.5,4.5,542,-1,-1,1,1,-1,-1,-1,1,-1,1,1,-1,0,-1,-1,-1,-1,-1,-1,1,2,-1,-1,1,-1,1,-1,0,0,-1,0,1,2,1,1,1,-1,1,0,0,0,-1,2,-1,-1,-1,1,1,-1,-1
89147,70,156,185,A,95.0,90.29411765,4.0,381,-1,-1,2,1,-1,-1,-1,1,-1,1,1,-1,1,-1,-1,-1,-1,-1,-1,1,2,-1,-1,0,-1,1,-1,0,0,-1,0,1,2,1,1,1,-1,1,0,0,0,-1,2,-1,-1,-1,-1,1,-1,-1
89102,50,96,101,A,95.0,92.69230769,4.0,99,-1,-1,0,2,-1,-1,-1,1,-1,1,1,-1,1,-1,-1,-1,-1,-1,-1,1,1,-1,-1,0,-1,1,-1,0,0,-1,0,1,1,0,1,1,-1,-1,0,0,0,-1,2,-1,-1,-1,-1,-1,-1,-1
89117,31,96,84,A,95.0,92.5,4.0,96,-1,-1,2,1,-1,-1,3,1,-1,1,1,-1,0,0,-1,-1,-1,-1,0,0,3,-1,1,1,1,1,-1,0,0,-1,0,1,2,0,1,1,1,1,1,0,-1,-1,3,-1,-1,1,-1,-1,-1,-1
89121,77,51,197,A,95.0,90.0,4.0,45,-1,-1,1,0,-1,-1,-1,1,-1,1,0,-1,1,-1,-1,-1,-1,0,-1,1,0,-1,-1,1,-1,1,-1,0,0,-1,0,1,1,0,1,1,-1,-1,0,1,-1,-1,-1,-1,-1,-1,-1,-1,-1,-1
89124,77,165,170,A,95.0,92.36842105,3.5,315,-1,-1,2,1,-1,-1,3,1,-1,1,1,-1,1,0,-1,-1,1,0,0,1,4,-1,1,1,0,1,-1,1,0,-1,0,1,2,1,1,1,0,1,1,0,0,-1,4,-1,-1,0,1,1,-1,1
89121,33,81,70,A,95.0,95.0,3.5,118,-1,-1,0,1,-1,-1,-1,1,-1,1,1,-1,1,-1,-1,-1,-1,-1,-1,1,1,-1,-1,1,-1,1,-1,0,0,-1,1,1,1,0,0,1,-1,0,1,0,-1,-1,1,-1,-1,-1,-1,1,-1,0
89148,80,94,204,B,94.44444444,86.66666667,4.0,495,-1,-1,1,1,-1,-1,-1,1,-1,1,1,-1,1,-1,-1,-1,-1,-1,-1,1,2,-1,-1,1,-1,1,-1,0,0,-1,1,1,2,1,1,1,-1,0,0,0,0,-1,2,-1,-1,-1,1,1,-1,1
89183,7,32,17,A,95.0,95.0,4.0,58,-1,-1,0,1,-1,0,-1,-1,-1,1,1,-1,1,-1,-1,-1,-1,0,-1,1,1,-1,-1,1,-1,1,-1,0,0,-1,1,1,1,0,0,1,-1,1,0,-1,-1,-1,-1,-1,-1,-1,-1,-1,-1,-1
89102,85,70,194,A,95.0,90.29411765,4.5,34,-1,-1,0,0,-1,-1,-1,0,-1,1,1,-1,1,-1,-1,-1,-1,-1,-1,1,2,-1,-1,1,-1,1,-1,0,0,-1,0,1,1,0,1,1,-1,1,0,0,0,1,2,-1,-1,-1,-1,-1,-1,1
89102,11,15,33,A,95.0,95.0,4.0,33,-1,-1,2,1,-1,-1,3,0,-1,1,1,-1,-1,0,-1,-1,0,-1,1,0,-1,-1,1,1,1,2,-1,1,-1,-1,-1,1,1,0,-1,-1,1,-1,-1,0,0,-1,-1,-1,-1,1,-1,-1,-1,-1
89141,1,8,8,A,95.0,95.0,3.0,9,-1,-1,2,0,-1,-1,-1,-1,-1,1,0,-1,-1,-1,-1,-1,-1,-1,-1,1,1,-1,-1,1,-1,-1,-1,0,0,-1,0,1,2,1,1,1,-1,-1,0,-1,-1,-1,-1,-1,-1,-1,-1,-1,-1,-1
89118,4,18,15,A,95.0,95.0,4.0,21,-1,-1,0,1,-1,-1,-1,-1,-1,1,1,-1,1,-1,-1,-1,-1,-1,-1,1,2,-1,-1,1,-1,1,-1,0,0,-1,0,1,1,1,0,1,-1,1,1,-1,-1,-1,-1,-1,-1,-1,-1,-1,-1,-1
89134,117,6,255,A,95.0,90.83333333,3.0,142,-1,-1,0,1,-1,-1,-1,0,-1,1,1,-1,1,-1,-1,-1,-1,-1,-1,1,2,-1,-1,0,-1,1,-1,0,0,-1,1,0,1,0,1,1,-1,1,0,0,-1,1,2,-1,-1,-1,-1,-1,-1,-1
89030,91,216,226,B,95.0,88.7037037,3.5,56,-1,-1,0,1,-1,-1,-1,1,0,1,0,-1,0,-1,-1,-1,0,0,-1,1,2,-1,0,0,-1,1,-1,0,0,-1,0,1,1,0,0,1,-1,1,0,0,-1,-1,2,-1,-1,-1,-1,-1,-1,0
89141,34,0,80,A,95.0,93.46153846,3.0,109,-1,-1,0,1,-1,-1,-1,1,-1,1,1,-1,0,-1,-1,-1,-1,0,-1,1,4,-1,-1,0,-1,1,-1,0,0,-1,0,1,1,0,0,1,-1,1,0,0,-1,-1,4,-1,-1,-1,-1,-1,-1,0
89147,13,40,32,A,95.0,95.0,4.5,26,-1,-1,0,-1,-1,-1,-1,-1,-1,1,1,-1,-1,-1,-1,-1,-1,-1,-1,1,-1,-1,-1,-1,-1,-1,-1,0,0,-1,0,1,1,-1,-1,1,-1,1,-1,-1,-1,-1,-1,-1,-1,-1,-1,-1,-1,-1
89183,93,0,223,A,95.0,91.66666667,3.5,141,-1,-1,0,2,-1,-1,-1,1,-1,1,1,-1,0,-1,-1,-1,-1,-1,-1,1,2,-1,-1,1,-1,1,-1,0,0,-1,1,0,1,0,0,1,-1,-1,0,0,0,-1,2,-1,-1,-1,-1,-1,-1,0
89121,76,0,153,B,95.0,85.0,3.5,8,-1,-1,0,0,-1,-1,-1,1,0,1,0,-1,0,-1,-1,-1,0,1,-1,1,-1,-1,-1,1,-1,1,-1,0,-1,-1,0,1,-1,0,-1,1,-1,1,0,-1,-1,-1,-1,-1,-1,-1,-1,-1,-1,-1
89134,48,122,93,A,95.0,91.42857143,3.5,134,-1,-1,0,1,-1,-1,-1,1,-1,1,1,-1,1,-1,-1,-1,-1,-1,-1,1,2,-1,-1,1,-1,1,-1,1,0,-1,0,1,1,0,0,1,-1,1,0,1,-1,-1,2,-1,-1,-1,-1,-1,-1,0
89108,17,66,35,A,95.0,91.36363636,3.0,27,-1,-1,2,1,-1,-1,0,0,-1,1,3,-1,0,0,-1,-1,0,-1,0,1,-1,-1,1,1,0,1,-1,0,0,-1,0,1,2,0,-1,1,1,1,0,0,-1,-1,-1,-1,-1,1,-1,-1,-1,-1
89108,17,66,35,A,95.0,91.36363636,3.0,7,-1,-1,2,0,-1,-1,-1,-1,-1,1,3,-1,-1,1,-1,-1,0,-1,-1,0,-1,-1,1,1,-1,-1,-1,0,0,-1,0,1,2,1,0,1,1,1,1,-1,-1,-1,-1,-1,-1,-1,-1,-1,-1,-1
89103,11,40,28,A,95.0,95.0,3.0,4,-1,-1,0,-1,-1,-1,3,-1,-1,1,-1,-1,-1,0,-1,-1,-1,-1,0,1,-1,-1,0,-1,-1,1,-1,-1,0,-1,0,1,-1,0,-1,1,1,-1,-1,-1,-1,-1,-1,-1,-1,-1,-1,-1,-1,-1
89118,50,85,82,B,95.0,85.45454545,3.0,98,-1,-1,-1,-1,-1,-1,-1,0,-1,1,1,-1,1,-1,-1,-1,-1,-1,-1,-1,-1,-1,-1,-1,-1,-1,-1,0,-1,-1,0,-1,1,-1,-1,1,-1,1,1,0,-1,-1,-1,1,-1,-1,-1,-1,-1,-1
89148,63,53,163,B,95.0,88.75,4.5,384,-1,-1,1,1,-1,-1,-1,1,0,1,1,-1,1,-1,-1,-1,0,0,-1,1,2,-1,-1,0,-1,0,-1,0,0,-1,1,1,2,1,1,1,-1,1,1,0,0,-1,2,-1,1,-1,1,1,-1,1
89123,7,12,14,A,95.0,95.0,4.0,4,-1,-1,0,-1,-1,-1,-1,-1,-1,1,0,-1,-1,-1,-1,-1,-1,-1,-1,1,-1,-1,-1,0,-1,1,-1,0,0,-1,1,1,1,0,-1,1,-1,-1,-1,-1,-1,-1,-1,-1,-1,-1,-1,-1,-1,-1
89123,4,7,7,A,95.0,95.0,3.5,4,-1,-1,0,1,-1,-1,-1,1,-1,1,0,-1,0,-1,-1,-1,-1,0,-1,1,2,-1,-1,0,-1,1,-1,0,0,-1,0,1,1,0,0,1,-1,1,0,-1,-1,-1,-1,-1,-1,-1,-1,-1,-1,-1
89117,7,30,19,A,95.0,95.0,3.5,41,-1,-1,0,1,-1,-1,-1,1,-1,1,1,-1,1,-1,-1,-1,-1,-1,-1,1,2,-1,-1,1,-1,0,-1,0,0,-1,1,1,1,0,1,1,-1,1,0,-1,-1,-1,-1,-1,-1,-1,-1,-1,-1,-1
89102,79,102,173,A,95.0,91.875,2.0,48,-1,-1,0,1,-1,-1,-1,1,0,1,1,-1,0,-1,-1,-1,0,1,-1,1,2,-1,-1,1,-1,1,-1,0,0,-1,0,1,1,0,0,1,-1,1,0,0,0,1,-1,-1,-1,-1,-1,-1,1,0
89102,51,102,109,A,95.0,92.69230769,4.0,553,-1,-1,2,1,-1,-1,-1,1,-1,1,1,-1,1,-1,-1,-1,-1,-1,-1,0,2,-1,-1,1,-1,1,-1,0,0,-1,1,1,2,0,0,1,-1,1,1,0,-1,-1,2,-1,-1,-1,1,1,-1,-1
89115,129,54,279,B,95.0,88.5,4.0,25,-1,-1,0,1,-1,-1,-1,0,-1,1,1,-1,0,-1,-1,-1,-1,-1,-1,1,2,-1,-1,1,-1,0,-1,1,0,-1,0,1,1,0,0,1,-1,1,0,0,-1,-1,2,-1,-1,-1,-1,-1,-1,-1
89146,54,36,101,A,95.0,92.5,4.5,3,-1,-1,0,1,-1,-1,-1,1,-1,1,1,-1,0,-1,-1,-1,-1,-1,-1,1,-1,-1,-1,0,-1,1,-1,0,0,-1,0,1,-1,0,-1,1,-1,-1,0,-1,-1,-1,-1,-1,-1,-1,-1,-1,-1,-1
89106,37,0,113,B,95.0,89.0,2.0,8,-1,-1,0,0,-1,-1,-1,1,0,1,0,-1,1,-1,-1,-1,0,-1,-1,1,0,-1,-1,1,-1,1,-1,0,0,-1,0,1,1,0,0,1,-1,1,0,-1,-1,-1,-1,-1,-1,-1,-1,-1,-1,-1
89108,9,24,20,A,95.0,95.0,3.5,57,-1,-1,0,1,-1,-1,-1,1,-1,1,0,-1,1,-1,-1,-1,-1,-1,-1,1,-1,-1,-1,1,-1,1,-1,0,0,-1,0,1,1,0,-1,1,-1,1,0,0,-1,-1,-1,-1,-1,-1,-1,-1,-1,-1
89103,35,78,80,B,95.0,84.5,3.0,136,-1,-1,2,1,-1,-1,-1,1,-1,1,1,-1,0,-1,-1,-1,-1,-1,-1,1,3,-1,-1,1,-1,1,-1,0,0,-1,0,1,2,0,1,1,-1,1,1,0,0,-1,5,-1,-1,-1,-1,-1,-1,1
89103,3,16,14,A,95.0,95.0,4.0,16,-1,-1,0,0,-1,-1,-1,1,0,1,1,-1,1,-1,-1,-1,-1,-1,-1,1,1,-1,-1,0,-1,1,-1,0,0,-1,1,1,1,0,0,1,-1,1,0,-1,-1,-1,-1,-1,-1,-1,-1,-1,-1,-1
89147,36,69,76,A,95.0,93.46153846,3.5,143,-1,-1,0,1,-1,-1,-1,1,0,1,0,-1,0,-1,-1,-1,-1,0,-1,1,3,-1,-1,0,-1,1,-1,1,0,-1,0,1,1,0,0,1,-1,1,0,0,-1,-1,3,-1,-1,-1,-1,-1,-1,0
89147,36,69,76,A,95.0,93.46153846,2.5,64,-1,-1,0,0,-1,-1,-1,1,-1,1,0,-1,0,-1,-1,-1,-1,0,-1,1,5,-1,-1,0,-1,1,-1,0,0,-1,0,1,1,0,0,1,-1,-1,0,0,-1,1,5,-1,-1,-1,-1,-1,-1,-1
89149,96,12,194,B,95.0,88.80952381,3.5,75,-1,-1,0,1,-1,-1,-1,1,-1,1,0,-1,0,-1,-1,-1,-1,-1,-1,1,6,-1,-1,0,-1,1,-1,1,0,-1,0,1,2,0,1,1,-1,-1,0,0,-1,-1,4,-1,-1,-1,-1,-1,-1,-1
89123,48,88,117,A,95.0,90.45454545,3.5,146,-1,-1,0,1,-1,-1,-1,1,-1,1,1,-1,1,-1,-1,-1,-1,-1,-1,1,2,-1,-1,0,-1,1,-1,0,0,-1,1,1,1,0,1,1,-1,-1,0,0,-1,-1,2,-1,-1,-1,-1,-1,-1,-1
89108,19,4,50,A,95.0,90.0,4.5,6,-1,-1,-1,0,-1,-1,-1,1,-1,1,0,-1,0,-1,-1,-1,-1,-1,-1,1,-1,-1,-1,-1,-1,-1,-1,0,0,-1,-1,-1,2,0,0,1,-1,-1,0,0,0,-1,-1,-1,-1,-1,-1,-1,-1,-1
89108,33,40,55,A,95.0,94.23076923,3.5,254,-1,-1,0,1,-1,0,-1,1,-1,1,1,-1,0,-1,-1,-1,-1,-1,-1,1,2,-1,-1,0,-1,1,-1,0,0,-1,0,1,2,0,0,1,-1,1,0,0,0,-1,2,-1,1,-1,1,1,-1,0
89147,21,80,35,C,95.0,76.0,4.0,99,-1,-1,0,1,-1,-1,-1,1,0,1,1,-1,1,-1,-1,-1,0,-1,-1,1,2,-1,-1,1,-1,1,-1,0,0,-1,0,1,1,0,0,1,-1,1,0,1,-1,1,2,-1,-1,-1,-1,1,-1,0
89123,38,75,93,A,95.0,93.0,3.5,111,-1,-1,0,1,-1,-1,-1,1,-1,1,1,-1,1,-1,-1,-1,-1,-1,-1,1,2,-1,-1,1,-1,1,-1,0,0,-1,1,1,1,0,0,1,-1,1,0,0,-1,-1,2,-1,-1,-1,-1,-1,-1,-1
89129,54,39,105,A,95.0,93.46153846,2.0,14,-1,-1,0,1,-1,-1,-1,1,-1,1,0,-1,0,-1,-1,-1,0,1,-1,1,1,-1,-1,0,-1,1,-1,0,0,-1,0,1,1,0,0,1,-1,-1,0,-1,-1,-1,-1,-1,-1,-1,-1,-1,-1,-1
89108,77,122,185,A,95.0,90.55555556,3.5,113,-1,-1,0,1,-1,-1,-1,1,0,1,1,-1,1,-1,-1,-1,0,-1,-1,1,2,-1,-1,1,-1,1,-1,1,0,-1,1,1,1,0,0,1,-1,1,0,0,1,-1,2,-1,-1,-1,1,1,-1,-1
89147,28,51,68,A,95.0,93.75,4.0,108,-1,-1,0,1,-1,-1,-1,1,0,1,1,-1,1,-1,-1,-1,0,-1,-1,1,2,-1,-1,1,-1,1,-1,0,0,-1,1,1,2,1,1,1,-1,1,0,1,1,-1,2,-1,-1,-1,-1,1,-1,-1
89117,59,105,92,A,95.0,92.85714286,3.5,121,-1,-1,2,-1,-1,-1,-1,1,-1,1,0,-1,0,0,-1,-1,-1,-1,-1,-1,-1,-1,1,1,-1,1,-1,0,-1,-1,0,1,1,0,-1,1,1,1,1,0,0,1,-1,-1,1,-1,-1,1,-1,-1
89103,53,63,130,B,95.0,82.14285714,2.5,3,-1,-1,0,1,-1,-1,-1,1,-1,1,0,-1,1,-1,-1,-1,-1,-1,-1,1,-1,-1,-1,1,-1,0,-1,0,0,-1,1,1,-1,0,-1,1,-1,-1,0,-1,-1,-1,-1,-1,-1,-1,-1,-1,-1,-1
89101,13,21,16,A,95.0,95.0,3.5,3,-1,-1,0,-1,-1,-1,-1,-1,-1,1,0,-1,-1,-1,-1,-1,-1,-1,-1,1,-1,-1,-1,1,-1,1,-1,0,0,-1,-1,1,2,-1,-1,1,-1,-1,-1,-1,-1,-1,-1,-1,-1,-1,-1,-1,-1,-1
89101,13,21,16,A,95.0,95.0,4.0,12,-1,-1,0,1,-1,-1,-1,1,-1,1,0,-1,0,-1,-1,-1,-1,-1,-1,1,-1,-1,-1,1,-1,1,-1,0,0,-1,1,0,1,0,-1,1,-1,-1,0,-1,-1,-1,-1,1,-1,-1,-1,-1,-1,-1
89119,26,78,69,A,95.0,92.27272727,3.5,12,-1,-1,0,-1,-1,-1,-1,1,-1,1,1,-1,1,-1,-1,-1,-1,-1,-1,1,-1,-1,-1,1,-1,1,-1,1,0,-1,0,1,1,0,-1,1,-1,-1,0,-1,-1,-1,-1,-1,-1,-1,-1,-1,-1,-1
89146,54,101,151,B,95.0,88.52941176,3.5,173,-1,-1,0,1,-1,-1,-1,1,-1,1,1,-1,0,-1,-1,-1,-1,1,-1,1,2,-1,-1,0,-1,1,-1,1,0,-1,0,0,1,0,0,1,-1,1,0,0,0,-1,2,-1,-1,-1,-1,-1,-1,0
89107,60,0,146,A,95.0,90.0,3.0,9,-1,-1,-1,0,-1,-1,-1,1,-1,1,0,-1,1,-1,-1,-1,-1,-1,-1,-1,0,-1,-1,0,-1,2,-1,0,0,-1,1,0,1,0,0,0,-1,1,0,-1,-1,-1,-1,-1,-1,-1,-1,-1,-1,-1
89102,28,12,64,B,95.0,87.5,4.0,8,-1,-1,0,0,-1,-1,-1,-1,-1,1,0,-1,0,-1,-1,-1,-1,-1,-1,1,2,-1,-1,1,-1,1,-1,0,0,-1,1,1,1,0,1,1,-1,1,0,-1,-1,-1,-1,-1,-1,-1,-1,-1,-1,-1
89110,27,0,49,A,95.0,94.28571429,4.0,28,-1,-1,2,0,-1,-1,-1,1,0,1,0,-1,1,0,-1,-1,0,-1,1,1,-1,-1,1,1,0,1,-1,0,-1,-1,1,1,1,0,-1,1,1,1,0,-1,-1,-1,-1,-1,-1,-1,-1,-1,-1,-1
89110,98,148,215,A,95.0,91.0,4.0,178,-1,-1,0,1,-1,-1,-1,1,-1,1,1,-1,1,-1,-1,-1,-1,-1,-1,1,2,-1,-1,1,-1,0,-1,0,0,-1,1,1,2,0,1,1,-1,1,0,1,-1,1,2,-1,-1,-1,1,1,-1,-1
89117,6,24,10,A,95.0,95.0,3.5,9,-1,-1,0,0,-1,-1,3,0,0,1,0,-1,0,0,-1,-1,0,-1,-1,1,1,-1,1,1,-1,1,-1,0,0,-1,1,1,1,0,0,1,1,1,1,-1,-1,-1,-1,-1,-1,-1,-1,-1,-1,-1
89115,31,0,52,A,95.0,90.0,2.5,37,-1,-1,0,1,-1,-1,3,1,-1,1,0,-1,1,0,-1,-1,-1,-1,0,1,0,-1,1,1,-1,1,-1,0,0,-1,1,0,1,0,1,1,-1,0,0,-1,-1,-1,-1,-1,-1,-1,-1,-1,-1,-1
89108,48,66,121,A,95.0,91.36363636,4.0,39,-1,-1,0,1,-1,-1,-1,-1,-1,1,1,-1,1,-1,-1,-1,-1,-1,-1,1,1,-1,-1,0,-1,1,-1,0,0,-1,0,1,1,0,1,1,-1,1,0,-1,-1,-1,-1,-1,-1,-1,-1,-1,-1,-1
89103,44,36,133,B,95.0,89.16666667,3.5,56,-1,-1,0,1,-1,-1,-1,1,-1,1,1,-1,0,-1,-1,-1,-1,-1,-1,1,1,-1,1,0,-1,1,-1,0,0,-1,1,1,2,0,1,1,-1,1,0,-1,-1,-1,-1,-1,-1,-1,-1,-1,-1,-1
89103,98,24,236,B,95.0,89.73684211,4.0,45,-1,-1,0,1,-1,-1,-1,0,-1,1,0,-1,1,-1,-1,-1,-1,-1,-1,1,1,-1,-1,1,-1,1,-1,1,0,-1,0,1,1,0,1,1,-1,-1,0,-1,-1,-1,1,-1,-1,-1,-1,-1,-1,-1
89103,57,14,128,A,95.0,92.5,2.5,41,-1,-1,0,1,-1,-1,-1,0,-1,1,1,-1,0,-1,-1,-1,-1,0,-1,1,3,-1,-1,0,-1,1,-1,0,0,-1,0,1,1,0,0,1,-1,1,0,0,0,1,3,-1,-1,-1,-1,-1,-1,0
89101,50,112,129,A,95.0,92.14285714,4.5,43,-1,-1,0,1,-1,-1,-1,1,1,1,1,-1,1,-1,-1,-1,0,-1,-1,1,-1,-1,-1,1,-1,1,-1,0,0,-1,1,1,2,0,-1,1,-1,1,0,-1,-1,-1,-1,-1,-1,-1,-1,-1,-1,-1
89119,35,48,70,A,95.0,90.0,3.5,9,-1,-1,0,0,-1,-1,-1,-1,-1,1,0,-1,0,-1,-1,-1,-1,1,-1,1,-1,-1,-1,0,-1,3,-1,0,0,-1,0,1,4,0,0,1,-1,-1,0,-1,-1,-1,-1,-1,-1,-1,-1,-1,-1,-1
89146,76,113,193,A,95.0,91.66666667,3.5,350,-1,-1,1,1,-1,-1,-1,1,0,1,1,-1,1,-1,-1,-1,0,-1,-1,1,2,-1,-1,1,-1,1,-1,1,0,-1,1,1,2,0,0,1,-1,1,0,0,0,-1,2,-1,-1,-1,-1,-1,-1,-1
89145,37,98,73,A,95.0,95.0,4.0,505,-1,-1,2,1,-1,-1,-1,1,-1,1,0,-1,0,-1,-1,-1,-1,-1,-1,1,2,-1,-1,1,-1,1,-1,1,0,-1,0,1,2,1,1,1,-1,1,0,0,0,-1,2,-1,-1,-1,-1,-1,-1,1
89146,20,48,32,A,95.0,95.0,4.0,101,-1,-1,2,1,-1,-1,3,0,0,1,1,-1,0,0,-1,-1,0,-1,0,0,2,-1,1,1,0,1,-1,0,0,-1,1,1,1,0,1,1,1,1,1,0,0,-1,2,-1,-1,1,-1,-1,-1,1
89123,25,56,34,C,95.0,72.85714286,4.0,38,-1,-1,2,1,-1,-1,3,1,-1,1,1,-1,0,0,-1,-1,-1,-1,0,0,2,-1,1,1,0,1,-1,0,0,-1,0,1,1,0,1,1,-1,-1,0,1,0,-1,2,-1,-1,0,-1,-1,-1,1
89119,8,20,20,A,95.0,95.0,3.5,16,-1,-1,-1,-1,-1,-1,-1,1,-1,1,1,-1,0,-1,-1,-1,-1,-1,-1,-1,-1,-1,-1,-1,-1,-1,-1,-1,-1,-1,-1,-1,1,-1,-1,1,-1,-1,1,-1,-1,-1,-1,-1,-1,-1,-1,-1,-1,-1
89119,78,99,155,A,95.0,91.875,4.5,272,-1,-1,0,1,-1,-1,-1,1,-1,1,1,-1,1,-1,-1,-1,-1,-1,-1,1,2,-1,-1,1,-1,0,-1,0,0,-1,0,1,1,1,0,1,-1,1,0,1,0,-1,2,-1,-1,-1,1,1,-1,0
89169,30,72,98,A,95.0,91.66666667,2.5,10,-1,-1,1,0,-1,-1,-1,1,-1,1,1,-1,1,-1,-1,-1,-1,-1,-1,1,2,-1,-1,0,-1,1,-1,0,0,-1,1,1,2,1,1,1,-1,-1,0,0,0,-1,1,-1,-1,-1,-1,-1,-1,1
89146,33,80,120,B,95.0,86.25,3.5,28,-1,-1,0,0,-1,-1,-1,1,-1,1,1,-1,0,-1,-1,-1,-1,-1,-1,1,1,-1,-1,0,-1,0,-1,0,0,-1,0,1,1,0,1,1,-1,1,-1,-1,-1,-1,-1,-1,-1,-1,-1,-1,-1,-1
89117,45,11,100,A,95.0,94.23076923,4.0,169,-1,-1,0,1,-1,-1,-1,1,-1,1,1,-1,1,-1,-1,-1,0,-1,-1,1,2,-1,-1,1,-1,1,-1,0,0,-1,1,1,2,0,0,1,-1,1,0,1,0,-1,2,-1,1,-1,-1,1,-1,0
89102,8,20,20,A,95.0,95.0,4.0,17,-1,-1,0,0,-1,-1,-1,-1,-1,1,1,-1,1,-1,-1,-1,-1,-1,-1,1,0,-1,-1,1,-1,1,-1,0,0,-1,-1,1,1,0,1,1,-1,-1,-1,-1,-1,-1,-1,-1,-1,-1,-1,-1,-1,-1
89110,42,74,98,A,95.0,92.69230769,3.5,57,-1,-1,0,1,-1,-1,-1,1,0,1,1,-1,1,-1,-1,-1,0,-1,-1,1,1,-1,-1,0,-1,1,-1,0,0,-1,1,1,2,0,0,1,-1,1,0,0,-1,1,1,-1,-1,-1,-1,1,-1,-1
89123,26,28,90,B,95.0,89.28571429,4.0,12,-1,-1,1,1,-1,-1,-1,1,1,1,1,-1,1,-1,-1,-1,-1,-1,-1,1,2,-1,-1,1,-1,1,-1,0,0,-1,1,1,2,0,0,1,-1,-1,0,-1,-1,-1,-1,-1,-1,-1,-1,-1,-1,-1
89146,88,122,168,A,95.0,92.27272727,3.5,832,-1,-1,1,1,-1,-1,-1,1,-1,1,1,-1,0,-1,-1,-1,-1,-1,-1,1,2,-1,-1,1,-1,1,-1,0,0,-1,0,1,2,0,1,1,-1,1,0,0,0,-1,2,-1,-1,-1,1,1,-1,-1
89148,23,27,53,B,95.0,84.44444444,3.5,42,-1,-1,0,1,-1,-1,-1,1,-1,1,1,-1,1,-1,-1,-1,-1,-1,-1,1,-1,-1,-1,1,-1,1,-1,1,0,-1,1,1,1,0,-1,1,-1,1,0,-1,-1,-1,-1,-1,-1,-1,-1,-1,-1,-1
89178,18,3,31,A,95.0,95.0,4.5,132,-1,-1,0,1,-1,-1,-1,1,-1,1,1,-1,0,-1,-1,-1,0,-1,-1,1,-1,-1,-1,1,-1,1,-1,0,0,-1,0,1,1,0,-1,1,-1,1,1,0,-1,-1,-1,-1,-1,-1,-1,-1,-1,-1
89102,121,151,244,B,95.0,88.68421053,3.0,24,-1,-1,0,1,-1,-1,-1,1,-1,1,0,-1,1,-1,-1,-1,-1,-1,-1,1,1,-1,-1,1,-1,0,-1,0,0,-1,0,1,1,0,1,1,-1,-1,0,0,-1,-1,-1,-1,-1,-1,-1,-1,-1,1
89104,62,80,150,A,95.0,91.42857143,4.0,38,-1,-1,0,0,-1,-1,-1,1,-1,1,1,-1,0,-1,-1,-1,-1,-1,-1,1,3,-1,-1,1,-1,0,-1,0,0,-1,0,1,1,0,1,1,-1,1,0,-1,-1,1,3,-1,-1,-1,-1,-1,-1,-1
89104,29,53,52,A,95.0,95.0,4.0,20,-1,-1,0,-1,-1,-1,-1,1,-1,0,1,-1,0,-1,-1,-1,-1,-1,-1,1,-1,-1,-1,1,-1,0,-1,0,0,-1,0,1,1,0,-1,1,-1,1,0,0,-1,-1,-1,-1,-1,-1,-1,-1,-1,-1
89101,38,117,107,A,95.0,93.46153846,4.0,79,-1,-1,0,1,-1,-1,-1,1,-1,1,0,-1,1,-1,-1,-1,-1,-1,-1,1,3,-1,-1,1,-1,1,-1,0,0,-1,1,1,1,1,1,1,-1,1,1,1,-1,1,3,-1,-1,-1,-1,-1,-1,1
89118,1,5,5,A,95.0,95.0,3.5,6,-1,-1,0,0,-1,-1,-1,1,-1,1,1,-1,1,-1,-1,-1,-1,-1,-1,1,-1,-1,-1,0,-1,1,-1,0,0,-1,0,0,1,0,-1,1,-1,-1,0,-1,-1,-1,-1,-1,-1,-1,-1,-1,-1,-1
89139,5,12,12,A,95.0,95.0,4.0,189,-1,-1,0,1,-1,-1,-1,0,0,1,0,-1,1,-1,-1,-1,0,-1,-1,1,2,-1,-1,0,-1,1,-1,0,0,-1,0,1,2,1,1,1,-1,1,0,0,-1,-1,2,-1,-1,-1,-1,-1,-1,1
89147,40,102,82,A,95.0,93.33333333,4.0,155,-1,-1,1,1,-1,-1,3,1,1,1,1,-1,1,0,-1,-1,0,-1,0,1,2,-1,1,1,-1,1,-1,0,0,-1,1,1,2,1,1,1,1,1,1,0,1,1,2,-1,-1,-1,-1,1,-1,-1
89128,53,107,126,A,95.0,92.14285714,4.0,242,-1,-1,1,1,-1,-1,-1,1,0,1,0,-1,0,-1,-1,-1,-1,-1,-1,1,3,-1,-1,1,-1,1,-1,0,0,-1,0,1,2,0,1,1,-1,1,0,0,-1,-1,3,-1,1,-1,-1,1,-1,-1
89123,55,74,108,A,95.0,92.5,4.0,678,-1,-1,0,1,-1,-1,1,1,-1,1,1,-1,1,0,-1,-1,-1,0,1,1,3,-1,1,1,-1,1,-1,1,0,-1,0,1,2,0,0,1,1,1,1,0,1,-1,3,-1,1,-1,1,1,-1,-1
89117,78,123,177,A,95.0,91.5,2.5,188,-1,-1,0,1,-1,-1,-1,1,-1,1,1,-1,1,-1,-1,-1,-1,1,-1,1,4,-1,-1,1,-1,1,-1,0,0,-1,0,1,1,0,0,1,-1,1,1,0,0,-1,4,-1,-1,-1,-1,-1,-1,-1
89102,33,3,60,B,95.0,82.5,3.0,81,-1,-1,1,1,-1,-1,-1,1,-1,1,1,-1,1,-1,-1,-1,-1,0,-1,1,1,-1,-1,0,-1,1,-1,1,0,-1,0,1,1,0,0,1,-1,-1,0,0,0,-1,-1,-1,-1,-1,-1,-1,-1,-1
89102,96,0,211,B,95.0,89.70588235,3.5,147,-1,-1,1,1,-1,-1,-1,1,-1,1,1,-1,0,-1,-1,-1,0,-1,-1,1,1,-1,-1,1,-1,1,-1,0,0,-1,0,1,2,0,1,1,-1,1,0,-1,-1,-1,-1,-1,-1,-1,-1,-1,-1,-1
89147,57,301,148,B,65.0,83.57142857,3.5,16,-1,-1,0,0,-1,-1,-1,-1,-1,1,1,-1,1,-1,-1,-1,-1,-1,-1,1,2,-1,-1,1,-1,0,-1,0,0,-1,1,1,1,0,0,1,-1,1,0,-1,-1,-1,-1,-1,-1,-1,-1,-1,-1,-1
89183,17,28,46,A,95.0,95.0,4.0,47,-1,-1,1,1,-1,-1,-1,1,-1,1,1,-1,1,-1,-1,-1,-1,-1,-1,1,2,-1,-1,1,-1,1,-1,0,0,-1,0,1,1,0,0,1,-1,1,0,-1,-1,-1,-1,-1,-1,-1,-1,-1,-1,-1
89139,56,19,117,A,95.0,92.36842105,3.5,38,-1,-1,0,0,-1,-1,-1,1,-1,1,1,-1,0,-1,-1,-1,-1,-1,-1,1,1,-1,-1,0,-1,1,-1,0,0,-1,0,1,1,0,0,1,-1,-1,0,0,0,-1,-1,-1,-1,-1,-1,-1,-1,0
89123,1,9,9,A,95.0,95.0,3.0,32,-1,-1,2,1,-1,-1,-1,1,-1,1,1,-1,1,-1,-1,-1,-1,-1,-1,1,-1,-1,-1,1,-1,1,-1,1,0,-1,0,1,2,1,-1,1,-1,1,1,-1,-1,-1,-1,-1,-1,-1,-1,-1,-1,-1
89169,33,32,61,A,95.0,93.88888889,3.5,50,-1,-1,2,1,-1,-1,3,0,-1,1,2,-1,1,0,-1,-1,0,-1,0,-1,-1,-1,1,1,1,1,-1,0,-1,-1,-1,1,1,0,-1,1,1,0,-1,0,-1,1,-1,-1,-1,1,-1,-1,-1,-1
89102,149,30,364,B,95.0,87.5,4.5,782,-1,-1,0,1,-1,-1,-1,1,0,1,1,-1,1,-1,-1,-1,-1,-1,-1,1,2,-1,-1,1,-1,1,-1,0,0,-1,0,1,2,1,1,1,-1,1,1,0,0,-1,2,-1,-1,-1,1,1,-1,1
89122,28,47,38,B,95.0,86.25,4.0,6,-1,-1,2,0,-1,-1,1,0,-1,1,0,-1,1,0,-1,-1,-1,-1,1,0,-1,-1,1,1,0,1,-1,0,-1,-1,0,1,1,0,-1,1,1,-1,0,-1,-1,-1,-1,-1,-1,0,-1,-1,-1,-1
89102,7,6,25,A,95.0,91.66666667,4.0,17,-1,-1,0,0,-1,-1,-1,1,-1,1,0,-1,0,-1,-1,-1,-1,-1,-1,1,0,-1,-1,1,-1,1,-1,1,0,-1,1,1,1,0,0,1,-1,1,1,-1,-1,-1,-1,-1,-1,-1,-1,-1,-1,-1
89102,21,42,46,A,95.0,95.0,3.0,13,-1,-1,0,1,-1,-1,-1,1,-1,1,1,-1,1,-1,-1,-1,-1,-1,-1,1,-1,-1,-1,0,-1,0,-1,1,0,-1,0,1,2,0,-1,1,-1,-1,0,-1,-1,-1,-1,-1,-1,-1,-1,-1,-1,-1
89130,30,42,93,B,95.0,88.33333333,4.0,18,-1,-1,1,0,-1,-1,-1,0,-1,1,1,-1,-1,-1,-1,-1,-1,-1,-1,1,1,-1,-1,1,-1,1,-1,0,0,-1,0,1,2,0,1,1,-1,1,0,-1,-1,-1,-1,-1,-1,-1,-1,-1,-1,-1
89169,50,54,98,B,95.0,88.33333333,3.5,16,-1,-1,2,0,-1,-1,-1,1,-1,1,1,-1,0,-1,-1,-1,-1,-1,-1,1,0,-1,-1,0,-1,0,-1,0,0,-1,1,1,1,0,1,1,-1,1,1,-1,-1,-1,-1,-1,-1,-1,-1,-1,-1,-1
89103,91,0,222,B,95.0,87.94117647,3.5,29,-1,-1,1,1,-1,-1,-1,1,-1,1,0,-1,1,-1,-1,-1,-1,-1,-1,1,1,-1,-1,1,-1,0,-1,0,0,-1,0,1,2,1,1,1,-1,-1,1,-1,-1,-1,-1,-1,-1,-1,-1,-1,-1,-1
89129,38,21,75,A,95.0,94.375,3.0,54,-1,-1,0,0,-1,-1,-1,1,-1,1,1,-1,1,-1,-1,-1,-1,-1,-1,1,2,-1,-1,1,-1,0,-1,0,0,-1,1,1,2,0,0,1,-1,-1,0,-1,-1,-1,-1,-1,-1,-1,-1,-1,-1,-1
89117,36,27,84,A,95.0,92.0,3.5,246,-1,-1,2,1,0,1,-1,1,-1,1,1,-1,1,-1,0,-1,-1,-1,-1,1,1,-1,-1,1,-1,1,-1,1,0,-1,0,1,2,1,1,1,-1,1,0,0,-1,-1,1,-1,-1,-1,1,1,-1,1
89117,34,81,70,B,95.0,85.5,4.5,190,-1,-1,0,-1,-1,-1,-1,1,-1,1,1,-1,1,-1,-1,-1,-1,-1,-1,1,-1,-1,-1,0,-1,1,-1,0,-1,-1,1,1,1,0,-1,1,-1,1,-1,0,1,-1,-1,-1,-1,-1,-1,-1,-1,-1
89104,64,64,176,B,95.0,83.75,4.0,87,-1,-1,0,1,-1,-1,-1,0,-1,1,1,-1,1,-1,-1,-1,-1,-1,-1,1,2,-1,-1,0,-1,1,-1,0,0,-1,1,1,2,0,1,1,-1,0,0,-1,-1,-1,-1,-1,-1,-1,-1,-1,-1,-1
89131,10,21,22,A,95.0,95.0,3.5,5,-1,-1,0,1,-1,-1,-1,1,-1,1,1,-1,1,-1,-1,-1,-1,-1,-1,1,2,-1,-1,0,-1,0,-1,0,0,-1,0,1,2,0,0,1,-1,1,0,-1,-1,-1,-1,-1,-1,-1,-1,-1,-1,-1
89130,31,54,66,A,95.0,93.33333333,3.0,38,-1,-1,1,1,-1,-1,-1,1,-1,1,1,-1,1,-1,-1,-1,-1,-1,-1,1,2,-1,-1,0,-1,0,-1,0,0,-1,1,1,2,1,1,1,-1,-1,0,0,-1,1,3,-1,-1,-1,-1,-1,-1,1
89117,40,108,98,A,95.0,91.66666667,4.0,174,-1,-1,0,1,-1,-1,-1,1,-1,1,1,-1,1,-1,-1,-1,-1,-1,-1,1,1,-1,-1,0,-1,0,-1,1,0,1,0,1,2,0,1,1,-1,1,0,-1,-1,-1,-1,-1,-1,-1,-1,-1,-1,-1
89117,28,88,61,A,95.0,94.09090909,3.5,24,-1,-1,0,1,-1,-1,-1,0,-1,1,1,-1,1,-1,-1,-1,-1,0,-1,1,-1,-1,-1,1,-1,0,-1,1,0,-1,0,0,1,0,-1,1,-1,1,0,-1,-1,-1,-1,-1,-1,-1,-1,-1,-1,-1
89146,112,24,269,B,95.0,84.31818182,4.0,210,-1,-1,0,1,-1,-1,-1,1,-1,1,1,-1,0,-1,-1,-1,-1,-1,-1,1,2,-1,-1,0,-1,0,-1,0,0,-1,0,1,1,0,1,1,-1,1,0,0,-1,-1,2,-1,-1,-1,1,1,-1,1
89142,42,27,100,B,95.0,81.11111111,4.0,79,-1,-1,0,1,-1,-1,-1,1,-1,1,1,-1,1,-1,-1,-1,-1,-1,-1,1,2,-1,-1,1,-1,1,-1,1,0,-1,0,1,1,0,0,1,-1,-1,0,0,0,-1,2,-1,-1,-1,-1,-1,-1,-1
89123,57,108,142,B,95.0,86.66666667,4.0,106,-1,-1,0,1,-1,-1,-1,1,-1,1,1,-1,1,-1,-1,-1,-1,-1,-1,1,2,-1,1,1,-1,1,-1,0,0,-1,1,1,2,0,1,1,-1,0,0,-1,-1,-1,-1,-1,-1,-1,-1,-1,-1,-1
89104,34,112,100,A,95.0,93.57142857,3.0,68,-1,-1,2,1,-1,-1,-1,1,-1,1,1,-1,1,-1,-1,-1,-1,-1,-1,1,2,-1,-1,0,-1,1,-1,0,0,-1,0,1,2,1,1,1,-1,1,0,0,0,-1,2,-1,-1,-1,-1,-1,-1,1
89139,38,33,75,B,95.0,83.63636364,2.5,82,-1,-1,0,0,-1,-1,-1,1,-1,1,0,-1,1,-1,-1,-1,-1,-1,-1,1,3,-1,-1,0,-1,1,-1,0,0,-1,1,1,1,0,0,1,-1,-1,0,-1,-1,-1,3,-1,-1,-1,-1,-1,-1,0
89102,121,136,283,B,95.0,88.68421053,3.0,724,-1,-1,0,1,0,1,-1,0,-1,1,1,-1,0,-1,0,-1,-1,1,-1,1,2,-1,-1,0,-1,1,-1,1,0,-1,0,1,1,0,1,1,-1,1,1,0,0,-1,-1,-1,-1,-1,-1,1,-1,-1
89130,62,12,92,B,95.0,87.66666667,2.5,59,-1,-1,0,0,-1,-1,-1,1,-1,1,1,-1,0,-1,-1,-1,-1,1,-1,1,2,-1,-1,0,-1,1,0,1,0,-1,0,1,2,0,0,1,-1,-1,0,0,-1,1,2,-1,-1,-1,-1,-1,-1,-1
89130,62,12,92,B,95.0,87.66666667,2.5,18,-1,-1,0,0,-1,-1,-1,1,-1,1,0,-1,1,-1,-1,-1,-1,1,-1,1,1,-1,-1,0,-1,1,1,0,0,-1,0,1,1,0,0,1,-1,-1,0,-1,-1,-1,1,-1,-1,-1,-1,-1,-1,-1
89146,47,78,95,B,95.0,83.5,4.0,905,-1,-1,0,1,-1,-1,-1,0,-1,1,1,-1,0,-1,-1,-1,1,-1,-1,1,2,-1,0,0,-1,1,-1,0,0,-1,0,1,1,0,1,1,-1,-1,0,0,0,-1,2,-1,-1,-1,-1,-1,-1,1
89131,48,48,88,A,95.0,91.25,4.0,222,-1,-1,0,1,-1,-1,-1,1,-1,1,1,-1,1,-1,-1,-1,-1,0,-1,1,4,-1,-1,1,-1,0,-1,1,0,-1,0,0,2,0,1,1,-1,-1,1,1,0,-1,4,-1,-1,-1,-1,-1,-1,1
89119,103,510,297,C,65.0,78.0,1.5,15,-1,-1,0,0,-1,-1,-1,1,-1,1,1,-1,1,-1,-1,-1,-1,-1,-1,1,1,-1,1,0,-1,0,-1,0,0,-1,0,1,1,0,1,0,-1,1,0,-1,-1,-1,-1,-1,-1,-1,-1,-1,-1,-1
89101,99,95,289,B,95.0,89.78260870000003,2.0,16,-1,-1,1,1,-1,-1,-1,0,-1,1,1,-1,1,-1,-1,-1,-1,-1,-1,1,2,-1,-1,1,-1,0,-1,0,0,-1,0,1,1,0,1,1,-1,1,0,-1,-1,-1,-1,-1,-1,-1,-1,-1,-1,-1
89147,94,78,225,B,95.0,84.28571429,2.0,333,-1,-1,0,1,-1,-1,-1,1,-1,1,1,-1,1,-1,-1,-1,-1,0,-1,0,2,-1,-1,0,-1,1,-1,1,0,-1,1,0,2,0,0,1,-1,0,0,-1,-1,-1,2,-1,-1,-1,-1,-1,-1,-1
89110,107,75,255,B,95.0,89.28571429,3.5,28,-1,-1,0,1,-1,-1,-1,1,-1,1,0,-1,1,-1,-1,-1,-1,-1,-1,1,1,-1,-1,0,-1,1,-1,0,0,-1,0,1,1,0,0,1,-1,1,0,0,-1,-1,1,-1,-1,-1,-1,-1,-1,0
89131,4,20,17,A,95.0,95.0,3.0,4,-1,-1,0,1,-1,-1,-1,1,0,1,1,-1,1,-1,-1,-1,0,-1,-1,1,-1,-1,0,1,-1,1,-1,1,0,-1,0,0,-1,0,0,1,-1,1,0,-1,-1,-1,-1,-1,-1,-1,-1,-1,-1,-1
89113,32,8,86,A,95.0,94.09090909,2.5,75,-1,-1,0,1,-1,-1,-1,1,-1,1,1,-1,0,-1,-1,-1,-1,1,-1,1,4,-1,-1,0,-1,1,-1,0,0,-1,0,1,1,0,0,1,-1,1,1,-1,-1,-1,2,1,-1,-1,-1,-1,-1,0
89113,32,8,86,A,95.0,94.09090909,2.5,17,-1,-1,0,1,-1,-1,-1,1,-1,1,1,-1,0,-1,-1,-1,-1,1,-1,1,5,-1,-1,0,-1,3,-1,1,0,-1,0,1,1,0,0,1,-1,-1,1,-1,-1,-1,5,-1,-1,-1,-1,-1,-1,-1
89108,90,150,188,A,95.0,90.5,3.0,193,-1,-1,2,1,-1,-1,-1,1,-1,1,1,-1,1,-1,-1,-1,-1,-1,-1,1,3,-1,-1,0,-1,1,-1,0,0,-1,0,1,2,1,1,1,-1,0,1,0,0,-1,3,-1,-1,-1,-1,-1,-1,1
89120,42,68,94,A,95.0,94.09090909,4.5,1045,-1,-1,0,1,-1,-1,-1,1,-1,1,1,0,0,-1,-1,-1,1,-1,-1,1,3,-1,-1,0,-1,1,-1,1,0,-1,0,1,1,0,0,1,-1,1,1,1,0,1,3,1,-1,-1,1,1,-1,-1
89121,78,108,138,A,95.0,90.71428571,4.0,51,-1,-1,0,0,-1,-1,-1,0,-1,1,0,-1,1,-1,-1,-1,-1,-1,-1,1,0,-1,1,0,-1,0,-1,0,0,-1,1,1,1,0,1,1,-1,-1,0,-1,-1,-1,-1,-1,-1,-1,-1,-1,-1,-1
89141,67,73,155,B,95.0,89.28571429,4.0,434,-1,-1,2,1,-1,-1,-1,1,-1,1,1,-1,1,-1,-1,-1,0,0,-1,1,1,-1,-1,1,-1,1,-1,1,0,-1,1,1,2,1,1,1,-1,1,1,0,1,-1,1,-1,-1,-1,-1,-1,-1,-1
89119,85,162,215,A,95.0,90.78947368,3.0,67,-1,-1,0,1,-1,-1,-1,1,-1,1,1,-1,1,-1,-1,-1,-1,0,-1,1,4,-1,-1,0,-1,1,-1,0,0,-1,0,1,1,0,0,1,-1,-1,0,0,0,-1,4,-1,-1,-1,-1,-1,-1,-1
89119,85,162,215,A,95.0,90.78947368,3.5,111,-1,-1,0,0,-1,-1,-1,1,-1,1,0,-1,0,-1,-1,-1,0,0,-1,1,3,-1,-1,0,-1,1,-1,0,0,-1,0,1,1,0,0,1,-1,1,0,0,-1,-1,3,-1,-1,-1,-1,-1,-1,0
89120,119,129,322,B,95.0,88.80952381,3.5,241,-1,-1,1,1,-1,-1,-1,1,-1,1,1,-1,1,-1,-1,-1,-1,-1,-1,1,2,-1,0,0,-1,1,-1,0,0,-1,1,1,2,0,1,1,-1,1,0,0,-1,1,2,-1,-1,-1,1,1,-1,1
89113,47,96,97,A,95.0,93.18181818,4.5,1264,-1,-1,0,1,-1,-1,-1,1,0,1,1,-1,1,-1,-1,-1,0,-1,-1,1,2,-1,-1,0,-1,1,-1,0,0,-1,0,1,2,0,1,1,-1,1,0,0,1,-1,2,-1,-1,-1,-1,1,1,1
89108,138,78,268,A,95.0,90.6,4.0,191,-1,-1,0,1,-1,-1,-1,0,-1,1,1,-1,1,-1,-1,-1,-1,-1,-1,1,2,-1,-1,0,-1,0,-1,0,0,-1,1,1,1,0,1,1,-1,1,0,0,-1,1,2,-1,-1,-1,-1,-1,-1,1
89146,2,3,3,A,95.0,95.0,1.5,27,-1,-1,0,0,-1,-1,-1,1,-1,1,0,-1,0,-1,-1,-1,-1,1,-1,1,0,-1,-1,1,-1,3,-1,0,0,-1,0,1,1,0,0,1,-1,-1,0,1,-1,-1,-1,-1,-1,-1,-1,-1,-1,-1
89145,64,0,126,A,95.0,92.5,3.5,29,-1,-1,0,0,-1,-1,-1,1,-1,1,0,-1,1,-1,-1,-1,-1,-1,-1,1,0,-1,-1,0,-1,1,-1,0,0,-1,1,1,1,0,-1,1,-1,-1,0,-1,-1,-1,-1,-1,-1,-1,-1,-1,-1,-1
89115,56,113,122,A,95.0,92.14285714,3.0,8,-1,-1,2,1,-1,-1,3,0,-1,1,0,-1,-1,0,-1,-1,-1,-1,1,-1,-1,-1,1,1,0,1,-1,0,-1,-1,-1,1,1,0,-1,-1,1,-1,0,-1,-1,-1,-1,-1,-1,-1,-1,-1,-1,-1
89123,76,52,199,B,95.0,81.66666667,4.0,3250,-1,-1,2,1,-1,-1,-1,0,-1,1,1,-1,0,-1,-1,-1,0,0,-1,1,2,-1,-1,1,-1,1,-1,1,0,-1,0,1,2,0,1,1,-1,1,1,0,0,-1,2,-1,-1,-1,-1,1,-1,-1
89130,65,138,147,A,95.0,91.25,2.5,33,-1,-1,0,0,-1,-1,-1,1,-1,1,0,-1,0,-1,-1,-1,0,0,-1,1,2,-1,-1,0,-1,2,-1,0,0,-1,0,1,1,0,0,1,-1,1,0,0,-1,1,2,-1,-1,-1,-1,-1,-1,0
89108,63,108,133,A,95.0,92.5,3.0,186,-1,-1,0,1,-1,-1,-1,1,-1,1,1,-1,0,-1,-1,-1,-1,-1,-1,1,2,-1,-1,0,-1,1,-1,0,0,-1,0,1,2,0,1,1,-1,1,0,0,1,-1,2,-1,-1,-1,1,1,-1,1
89119,43,41,100,A,95.0,93.46153846,3.5,127,-1,-1,0,1,-1,-1,-1,0,-1,1,1,-1,1,-1,-1,-1,-1,-1,0,1,1,-1,-1,0,-1,1,-1,0,0,-1,1,1,1,0,0,1,-1,1,1,0,1,-1,1,-1,-1,-1,-1,-1,-1,0
89139,17,39,21,A,95.0,95.0,4.5,107,-1,-1,0,1,-1,-1,-1,1,0,1,1,-1,1,-1,-1,-1,-1,-1,-1,1,-1,-1,-1,0,-1,1,-1,1,0,-1,1,1,1,0,-1,1,-1,1,0,0,0,-1,-1,-1,-1,-1,-1,-1,-1,-1
89169,96,176,228,A,95.0,90.45454545,3.0,61,-1,-1,0,1,-1,0,-1,1,-1,1,1,-1,1,-1,-1,-1,-1,0,-1,1,4,-1,-1,0,-1,1,-1,0,0,-1,0,1,1,0,0,1,-1,1,0,0,-1,1,4,-1,-1,-1,-1,-1,-1,-1
89169,96,176,228,A,95.0,90.45454545,3.0,75,-1,-1,0,1,-1,-1,-1,0,-1,1,2,-1,0,-1,-1,-1,-1,0,-1,1,3,-1,-1,0,-1,1,-1,0,0,-1,0,1,1,0,0,1,-1,1,0,0,-1,-1,3,-1,-1,-1,-1,-1,-1,0
89169,96,176,228,A,95.0,90.45454545,3.5,4,-1,-1,1,1,-1,-1,-1,0,-1,1,0,-1,0,-1,-1,-1,-1,-1,-1,1,-1,-1,-1,0,-1,1,-1,0,0,-1,0,0,1,0,0,1,-1,-1,0,-1,-1,-1,-1,-1,-1,-1,-1,-1,-1,-1
89103,83,81,185,B,95.0,85.83333333,4.0,252,-1,-1,1,1,-1,-1,-1,1,-1,1,1,-1,1,-1,-1,-1,0,-1,-1,1,2,-1,-1,0,-1,1,-1,1,0,-1,0,1,2,1,1,1,-1,1,0,0,0,-1,2,-1,-1,-1,-1,-1,-1,1
89146,78,120,198,B,95.0,84.33333333,3.5,31,-1,-1,-1,-1,-1,-1,-1,-1,-1,1,1,-1,-1,-1,-1,-1,-1,-1,-1,1,-1,-1,-1,-1,-1,2,-1,-1,-1,-1,-1,-1,1,0,-1,-1,-1,-1,-1,0,-1,-1,-1,-1,-1,-1,-1,-1,-1,-1
89113,18,24,35,A,95.0,95.0,4.0,291,-1,-1,0,1,-1,-1,-1,1,-1,1,0,-1,0,-1,-1,-1,-1,0,-1,1,2,-1,-1,1,-1,1,-1,1,0,-1,0,1,2,0,1,1,-1,1,0,0,1,-1,2,-1,-1,-1,1,1,-1,1
89113,18,24,35,A,95.0,95.0,4.0,122,-1,-1,0,1,-1,-1,-1,1,-1,1,1,-1,1,-1,-1,-1,-1,-1,-1,1,1,-1,-1,0,-1,0,-1,1,0,-1,0,1,1,0,0,1,-1,1,0,0,1,-1,2,-1,-1,-1,1,1,-1,1
89134,14,50,44,A,95.0,95.0,3.0,52,-1,-1,1,1,-1,-1,-1,-1,-1,1,1,-1,1,-1,-1,-1,-1,-1,-1,1,1,-1,-1,1,-1,1,-1,1,0,-1,0,1,1,0,0,1,-1,1,0,-1,-1,-1,-1,-1,-1,-1,-1,-1,-1,-1
89146,37,48,74,B,95.0,84.5,3.5,5,-1,-1,2,0,-1,-1,-1,1,-1,1,0,-1,-1,-1,-1,-1,-1,-1,0,-1,-1,-1,1,1,0,-1,-1,0,-1,-1,-1,1,1,0,-1,-1,-1,-1,1,-1,-1,-1,-1,-1,-1,-1,-1,-1,-1,-1
89119,15,21,23,A,95.0,95.0,3.5,72,-1,-1,0,1,-1,-1,-1,1,-1,1,1,-1,1,-1,-1,-1,-1,-1,-1,1,1,-1,-1,0,-1,1,-1,1,0,-1,0,1,1,0,0,1,-1,1,0,-1,-1,-1,1,-1,-1,-1,-1,-1,-1,-1
89110,43,126,89,A,95.0,94.28571429,4.0,37,-1,-1,2,1,-1,-1,-1,1,-1,1,0,-1,-1,-1,-1,-1,-1,-1,-1,1,3,-1,-1,1,-1,0,-1,0,0,-1,0,1,2,0,0,1,-1,-1,0,0,-1,-1,3,-1,-1,-1,-1,-1,-1,-1
89149,46,59,117,A,95.0,93.0,4.0,121,-1,-1,0,1,-1,-1,-1,1,-1,1,1,-1,1,-1,-1,-1,-1,-1,-1,1,2,-1,-1,1,-1,1,-1,1,0,-1,0,1,1,0,0,1,-1,1,1,0,-1,-1,2,-1,-1,-1,-1,-1,-1,0
89101,44,3,125,B,95.0,83.57142857,3.0,193,-1,-1,1,1,-1,-1,-1,0,-1,1,1,-1,0,-1,-1,-1,-1,-1,-1,1,4,-1,-1,0,-1,1,-1,0,0,-1,0,1,1,0,1,1,-1,1,0,0,0,-1,4,-1,-1,-1,-1,-1,-1,1
89147,41,52,111,A,95.0,92.85714286,3.5,202,-1,-1,0,1,-1,-1,-1,1,-1,1,1,-1,1,-1,-1,-1,0,0,-1,1,2,-1,-1,1,-1,1,-1,1,0,-1,0,1,2,0,0,1,-1,1,1,1,0,-1,2,-1,-1,-1,-1,-1,1,-1
89106,47,60,134,B,95.0,87.0,3.0,5,-1,-1,-1,-1,-1,-1,-1,-1,-1,-1,0,-1,-1,-1,-1,-1,-1,-1,-1,1,-1,-1,-1,-1,-1,2,-1,-1,-1,-1,-1,-1,1,0,-1,-1,-1,-1,-1,-1,-1,-1,-1,-1,-1,-1,-1,-1,-1,-1
89101,50,87,115,B,95.0,85.90909091,3.0,974,-1,-1,2,1,-1,-1,-1,0,-1,0,0,-1,0,-1,-1,-1,-1,0,-1,0,2,-1,-1,1,-1,1,-1,1,0,-1,0,1,2,0,1,0,-1,1,0,0,0,-1,2,-1,-1,-1,-1,-1,-1,-1
89117,61,0,141,B,95.0,89.16666667,4.0,124,-1,-1,0,1,-1,-1,-1,1,-1,1,1,-1,1,-1,-1,-1,-1,-1,-1,1,2,-1,-1,1,-1,1,-1,1,0,-1,1,1,2,0,1,1,-1,-1,1,0,0,1,2,-1,-1,-1,-1,-1,-1,-1
