Accepts Apple Pay,Accepts Google Pay,Gender Neutral Restrooms,Good For,Good for Working,Has Gluten-free Options,Has Pool Table,Liked by Vegans,Liked by Vegetarians,Offers Military Discount,Waiter Service,business_id
Null,Null,Null,Null,Null,Null,Null,Null,Null,Null,Null,wtcMoqKiaxkFPZj0BC9jlw
Yes,Null,Yes,"Breakfast, Brunch, Lunch",Null,Null,Null,Null,Null,Null,Null,kJ_Rke1dt9zpbJp9lX6sXw
Yes,Yes,Null,"Breakfast, Lunch",Null,Null,Null,Yes,Yes,Null,No,6bgjcFOy4WHMyw62_1V9Pw
No,Null,Null,Null,Null,Null,Null,Null,Yes,Null,Null,4L3VJwVqUareUUIGPE2zcw
No,Null,Null,Null,Null,Null,Null,Null,Yes,Null,Null,4L3VJwVqUareUUIGPE2zcw
Null,Null,Null,Null,Null,Null,Yes,Null,Null,Null,Null,aEswvENK_RJnPbcJPSvAjA
Null,Null,Null,Null,Null,Null,Null,Null,Null,Null,Null,9M0cQtHWkLNhGxPYt1qakA
Null,Null,Yes,Null,Null,Null,Yes,Null,Null,Null,Null,BTPirhxv1swkOXzng3B-kA
No,No,Null,"Lunch, Dinner",Null,Null,Null,Null,Null,Null,Yes,bpHeCdmCRFAUZqXT2TMdig
Null,Null,Null,Null,Null,Null,Null,Null,Null,Null,Null,ten1jIj2JOoQMrl1yCmxFg
Null,Null,Null,Null,Null,Null,Null,Null,Null,Null,Null,oUso4QWH1OAXboD8IMjpFQ
No,Null,Null,Null,Yes,Null,Null,Null,Null,Null,Null,Q-dVQgyof9paXKJLwFsn3Q
No,No,Null,"Breakfast, Brunch, Lunch",Null,Null,Null,Null,Yes,Null,Yes,Qc0l8rZ3nvrcERitgxu8XA
No,Null,Null,Null,Null,Null,Null,Null,Null,Null,Null,iWox6NQVA76eH61toMhxfA
Null,Null,Null,Null,Null,Null,Null,Null,Null,Null,Null,p9WVPQVhVzbBh_KEWJ21Ug
No,Null,Null,Null,Null,Null,Null,Null,Null,Null,Null,ujBk7cdEvo5FkD1e0Gzq1Q
No,No,Null,"Breakfast, Brunch",Null,Yes,Null,Null,Yes,Null,Yes,XkvvUNCmLIvOts0OftXegw
Null,Null,Null,Null,Null,Null,Null,Null,Null,Null,Null,rLYDibyzkA4Dlreqf6YEQA
No,Null,Null,Lunch,Null,Null,Null,Null,Null,Null,Null,0rk2_lmbfpiYXGBFmyxx9Q
No,Null,Null,Lunch,Null,Null,Null,Null,Null,Null,Null,0rk2_lmbfpiYXGBFmyxx9Q
Null,Null,Null,Null,Null,Null,Null,Null,Null,Null,Null,B-4jb44K_qPdQUB_69gZGQ
No,No,Null,"Breakfast, Brunch, Lunch",Null,Null,Null,Null,Null,Null,Null,Yn-8zix5_blucvZo3G8kPw
No,No,Null,"Breakfast, Brunch, Lunch",Null,Null,Null,Null,Null,Null,Null,THadh2gExZ0AxzcLJbJf9g
No,No,Null,Lunch,Null,Null,Null,Null,Null,Null,Yes,0xtBEP5zCu1153SoqqemLw
Null,Null,Null,Lunch,Null,Null,Null,Null,Null,Null,Null,Z411-jn51XGq7Xym7oWkwQ
No,No,Null,Lunch,Null,Null,Null,Null,Yes,Null,No,EIeU3coTP9V2qcmHhr60Yw
Null,Null,Null,Null,Null,Null,Yes,Null,Null,Null,Null,vwfdoACBrXFTMA066gKEcQ
No,No,Null,"Lunch, Dinner",Null,Null,Null,Yes,Yes,Null,Yes,VrGI7_nRjXpn0415S3coGQ
Null,Null,Null,Null,Yes,Null,Null,Null,Null,Null,Null,8shxmij5d2IjGLI_1riVUw
Null,Null,Null,Null,Yes,Null,Null,Null,Null,Null,Null,Q91cYZDYdoUB6WeVB6U6Dg
Yes,Null,Null,Null,Yes,Null,Null,Null,Null,Null,Null,gg1Qw0HhF47DCRth8jUY0A
Null,Yes,Yes,Null,Yes,Null,Null,Null,Null,Null,Null,rbFN_V-vzHLSX0XOLrMkIw
No,Null,Null,Null,Null,Null,Null,Null,Null,Null,Null,9virZ-ORrLHsv0p8EORxeg
Null,Null,Null,Null,Null,Null,Null,Null,Null,Null,Null,hxvrzLFpNQQFKEMNSO6FlQ
Null,Null,Null,Null,Null,Null,Null,Null,Null,Null,Null,yrRzB4EZb15shCOt7axnzA
No,No,Null,"Lunch, Dinner",Null,Null,Null,Null,Null,Null,Null,T5UBAJt5Kod_wQGbH6m9hA
No,No,Null,"Brunch, Lunch, Dinner",Null,Null,Null,Null,Null,Yes,Yes,XdhJ7PjfMjBmZwvKikWlkA
No,Null,Null,Null,Null,Null,Null,Null,Null,Null,Null,Yu_WYzA4zIlCxAWqpDJchw
Null,Null,Null,Null,Null,Null,Null,Null,Null,Null,Null,QAXFkN4iDiC1HUrkOiAAKA
No,No,Null,"Lunch, Dinner, Dessert",Null,Null,Null,Yes,Yes,Null,Null,lG759ODx7tj6wbS7rYip1g
Null,Null,Null,"Lunch, Dinner",Null,Null,Null,Null,Null,Null,Null,yGCrsq0AYI8WN7goMVLHJA
Null,Null,Null,Null,Null,Null,Null,Null,Null,Null,Null,rMVi-Vn_mN_X9J1ZSl1lWA
No,Null,Null,Null,Null,Null,Yes,Null,Null,Null,Null,DQlLXcBYhKriBx0X4ssjvg
Yes,Yes,Null,"Lunch, Dinner",Null,Null,Null,Yes,Null,Null,Null,LXt2Aycp2ILMWQmKsjl4Wg
Null,Null,Null,Null,Null,Null,Null,Null,Null,Null,Null,4YxFjoS28WzggYyDxGkKBg
Null,Null,Null,Null,Null,Null,Null,Null,Null,Null,Null,VNOz_tOw_Hz3FAJeEHb_yg
No,No,Null,"Lunch, Dinner, Late Night",Null,Null,Null,Null,Null,Null,Null,CiYLq33nAyghFkUR15pP-Q
No,No,Null,"Lunch, Dinner",Null,Null,Null,Null,Null,Null,Null,DVfCbJhJUDWRlUfrKzaKOA
Null,Null,Null,Null,Null,Null,Null,Null,Null,Null,Null,CTN5Z3fs3jFHfyma8XxzVg
No,No,Null,"Breakfast, Brunch, Lunch",Null,Null,Null,Null,Null,Null,Null,EwxhzR-VghhMsRObXLMitw
No,Null,Null,Null,Null,Null,Null,Null,Null,Null,Null,h-9Kk7uTIud4_wM4RaxwrA
Yes,Null,Null,Lunch,Null,Null,Null,Null,Null,Null,Null,UVqelOc_xJwy6lfnOhiCLQ
Yes,Null,Null,Null,Null,Null,Null,Null,Null,Null,Null,YUE5S4ReiM4dq9qkKbDMwg
No,No,Null,"Breakfast, Brunch, Lunch",Null,Yes,Null,Null,Yes,Null,Null,PQER4ba8Q0zqB1G2QiXamQ
Null,Null,Null,Lunch,Null,Null,Null,Null,Yes,Null,No,dblGQtHAzNy1ACis1m2shw
Null,Null,Null,Lunch,Null,Null,Null,Null,Yes,Null,No,dblGQtHAzNy1ACis1m2shw
Null,Null,Null,Null,Null,Null,Null,Null,Null,Null,Null,Ijdoi6pDMK3Burw3TtAOZg
Null,Null,Null,Null,Null,Null,Null,Null,Null,Null,Null,eU_XJ4uNAlRoH4tNfWtz9g
No,Yes,Null,"Lunch, Dinner, Dessert",Null,Yes,Null,Yes,Yes,Null,Null,ZgWjkMSzIV9fAuJJQXSUvA
No,No,Null,"Lunch, Dinner",Null,Null,Null,Null,Yes,Null,Yes,YavRvjbLsvh4DYDJPAfJIA
Yes,Yes,Null,Null,Null,Null,Yes,Null,Null,Null,Null,wdLDTuAxZy2GY5NaQQ6GHQ
Null,Null,Null,Null,Null,Null,Null,Null,Null,Null,Null,NkuLKJJE_KxcxKs8Kj8thQ
Null,Null,Null,Null,Null,Null,Null,Null,Null,Null,Null,EkOqxlglUpw9YUdnTbbJKg
No,Null,Yes,"Lunch, Dinner",Null,Null,No,Null,Null,Null,Null,bPcqucuuClxYrIM8xWoArg
No,Null,Null,Null,Null,Null,Null,Null,Null,Null,Null,_OTl6V2oUfMMmoDWD2nXVg
Yes,Null,Null,Null,Yes,Null,Null,Null,Null,Null,Null,_axD8DiO1to9Am8xJjtKHw
No,Null,Null,Null,Null,Null,No,Null,Null,Null,Null,jkhEPQovg6JKPzUr43MC_g
No,Null,Null,"Breakfast, Lunch, Late Night",Null,Null,Null,Null,Null,Null,Null,eqRYda9F_4ziinRW-N6ixw
No,No,Null,"Breakfast, Lunch, Dinner, Late Night",Null,Null,Null,Null,Null,Null,No,RhV7sraRUB3km-gF-tmDow
No,Null,Null,"Breakfast, Brunch, Lunch, Dinner, Late Night",Null,Null,Null,Yes,Yes,Null,No,D74O-i-iEWo-e5BpwFMcUA
No,Null,Null,"Breakfast, Lunch, Late Night",Null,Null,Null,Null,Null,Null,Null,eqRYda9F_4ziinRW-N6ixw
No,No,Null,"Breakfast, Lunch, Dinner, Late Night",Null,Null,Null,Null,Null,Null,No,RhV7sraRUB3km-gF-tmDow
No,Null,Null,"Breakfast, Brunch, Lunch, Dinner, Late Night",Null,Null,Null,Yes,Yes,Null,No,D74O-i-iEWo-e5BpwFMcUA
No,Null,Null,"Breakfast, Lunch, Late Night",Null,Null,Null,Null,Null,Null,Null,eqRYda9F_4ziinRW-N6ixw
No,No,Null,"Breakfast, Lunch, Dinner, Late Night",Null,Null,Null,Null,Null,Null,No,RhV7sraRUB3km-gF-tmDow
No,Null,Null,"Breakfast, Brunch, Lunch, Dinner, Late Night",Null,Null,Null,Yes,Yes,Null,No,D74O-i-iEWo-e5BpwFMcUA
No,Null,Null,"Breakfast, Lunch, Late Night",Null,Null,Null,Null,Null,Null,Null,eqRYda9F_4ziinRW-N6ixw
No,No,Null,"Breakfast, Lunch, Dinner, Late Night",Null,Null,Null,Null,Null,Null,No,RhV7sraRUB3km-gF-tmDow
No,Null,Null,"Breakfast, Brunch, Lunch, Dinner, Late Night",Null,Null,Null,Yes,Yes,Null,No,D74O-i-iEWo-e5BpwFMcUA
Yes,No,Null,"Lunch, Dinner, Dessert",Null,Yes,Null,Null,Yes,Null,Yes,gqcJHVFCPeBRGnDf8bFzMw
No,No,Null,"Dinner, Late Night",Null,Null,Null,Null,Yes,Null,Null,j5nPiTwWEFr-VsePew7Sjg
Null,Null,Null,Null,Null,Null,Null,Null,Null,Null,Null,Wo_ZL7I3hS-eW6pJWg1V8A
No,Yes,Null,Null,Null,Null,Null,Null,Null,Null,Null,1Vn_lex3LGGwuTo-xeJnww
Null,Null,Null,Null,Null,Null,Null,Null,Null,Null,Null,FCP5hYaTtn6dkpmZ_NTvEw
Null,Null,Null,Null,Null,Null,Null,Null,Null,Null,Null,crGdKSRKi25R2vorZ7skzg
No,No,Null,Null,Null,Null,No,Null,Null,Null,Null,_WfdPyh065bo59USqPi9xQ
No,Null,Null,"Breakfast, Lunch",Null,Null,Null,Null,Null,Null,Null,dYZqJ2S1ND9KghLIKJg71g
Null,Null,Null,Null,Null,Null,Null,Null,Null,Null,Null,QOlGFm6M_33fzGgQ5I-Kgg
No,No,Null,Null,Null,Null,Null,Null,Null,Null,Null,HsrEbWCg8K06pUhx469uSw
No,No,Null,"Breakfast, Brunch, Lunch, Dinner, Late Night",Null,Null,Null,Null,Null,Null,Null,6HdzmAatFoB8UDep4n9QIw
Null,Null,Null,Null,Null,Null,Null,Null,Null,Null,Null,bcpCJ7q9_HXO53eaeuIZrw
No,Null,Null,Lunch,Null,Null,Null,Null,Null,Null,No,Rhz38lsptoxX9IWS641LFA
Null,Null,Null,Null,Null,Null,Null,Null,Yes,Null,Null,Yo8NIJEtc8UEbPd38L35ow
No,No,Null,"Breakfast, Brunch, Lunch",Yes,Null,Null,Yes,Yes,Null,Null,0XEqyl_lVaJNHRKxNcjJZg
Null,Null,Null,Null,Null,Null,Null,Null,Null,Null,Null,Ql_J2DSIE8QYp5rXf3721A
No,No,Null,Null,Null,Null,Null,Null,Null,Null,Null,QqE0ECLim5hA-sV-kJiIIA
Null,Null,Null,Null,Null,Null,Null,Null,Null,Null,Null,awAxthsSo0Y8KBQXJhNxvQ
No,Null,Null,"Lunch, Dinner",Null,Null,Null,Null,Null,Null,Null,Jl6_g-pZD5aQGg2y87myeQ
No,Null,Null,Null,Null,Null,No,Null,Null,Null,Null,HW7zxZhaq01rqphUvae7cA
Null,Null,Null,Null,Null,Null,Null,Null,Null,Null,Null,4VXIS8vpNzEysXZVN5xGDA
No,No,Null,Null,Null,Null,Yes,Null,Null,Null,Null,JpPlBOJg9fb4Ib_iQnnURw
Null,Null,Null,"Lunch, Dinner",Null,Null,Null,Null,Null,Null,Null,9J-Vg2-uqjreSRtITaDlMg
Null,Null,Null,Null,Null,Null,Null,Null,Null,Null,Null,oJujreJoOoskuA09JJ39FQ
Yes,Null,Null,Breakfast,Null,Null,Null,Null,Null,Null,Null,eJECvXFIUnfcDE6PzKS2Yw
Null,Null,Null,Null,Null,Null,Null,Null,Null,Null,Null,Qc-bULSBAyVh_qaKRWkF9A
No,Null,Null,"Lunch, Dinner, Dessert",Null,Null,Null,Null,Null,Null,Null,O9J0XoJR16wWbSZpXs9Uwg
Null,Null,Null,Null,Null,Null,Null,Null,Null,Null,Null,uwTzA758DKewtUJMe-C1fA
Null,Null,Null,Null,Null,Null,Null,Null,Null,Null,Null,YIbsxjyP2jNzoH9RlxaSYA
No,Null,Null,Null,Null,Null,Null,Null,Null,Null,Null,EomaPrsFLVSe9TLRtpevwA
No,Null,Null,"Lunch, Dinner, Late Night",Null,Null,Yes,Null,Null,Null,Null,fHo_ycJ1OQ_H7DyctJhr6A
No,No,Null,"Lunch, Dinner",Null,Null,Null,Yes,Yes,Null,Yes,qsJkjQoM3Hdg6Gtqp2S9_w
No,Null,Null,"Lunch, Dinner, Late Night",Null,Null,Null,Null,Null,Null,Null,q3SXDX-a-T_DMU2h2CJzcg
Yes,Null,Null,"Lunch, Dinner, Late Night",Null,Null,Null,Null,Null,Null,Null,21sGRVR7HEs_t6PdB9tGMw
Yes,Null,Null,Null,Null,Null,Null,Null,Null,Null,Null,BYKdkOGUGDsuYV9XW4_RGA
No,No,Null,Null,Null,Null,No,Null,Null,Null,Null,mcWAIj1u1S-QDBhB7CiIdQ
Yes,Yes,Null,"Brunch, Lunch, Dinner",Null,Null,Null,Null,Null,Null,Null,JgkfjCL1NfMBC_M_hax_3Q
Null,Null,Null,Null,Null,Null,Null,Null,Null,Null,Null,3m2XZFVraCiqjgLxHi5MdA
Null,Null,Null,"Breakfast, Brunch, Lunch",Null,Yes,Null,Yes,Yes,Null,Null,SuRxV4YkPsvyyqK57On0rQ
Null,Null,Null,"Lunch, Dinner",Null,Null,Null,Null,Null,Null,Null,KTDDw1gAV4G_YoKOdQ1Ygw
Yes,Null,Null,"Lunch, Dinner",Null,Null,Null,Null,Null,Null,Null,LZSyWy4IHgXg6QhW2jrBlw
No,Null,Null,"Lunch, Dinner",Null,Null,Null,Null,Null,Null,Null,_8yxceldCT7oe0wJC-yDPA
No,Null,Null,"Breakfast, Dinner, Late Night",Null,Null,Null,Null,Null,Null,Null,0Nb4piKDUVbedlrakwEUuw
Null,Null,Null,Null,Null,Null,No,Null,Null,Null,Null,C1fyoypOblHhDzSxXTRWKg
Null,Null,Null,Null,Null,Null,Null,Null,Null,Null,Null,Hg3pn4JwDD0Mm_Hxr-at2w
Null,Null,Null,Null,Null,Null,Null,Null,Null,Null,Null,vX-FwyJ7eINXn_Gn6CqMFg
Null,Null,Null,Null,Null,Null,Null,Null,Null,Null,Null,DO3FefiMYiPYsEl6O8W2dw
No,Null,Null,"Lunch, Dinner",Null,Null,Null,Null,Null,Null,No,zBD6zc8YU-TA0_KJmN1tpA
No,No,Null,Null,Null,Null,Yes,Null,Null,Null,Null,tX2UUyP3WCCsfqWGQcMBkA
Null,Null,Null,Null,Null,Null,Null,Null,Null,Null,Null,nQvn3VIhBqfD43Ag7QfflA
No,Null,Null,"Lunch, Dinner",Null,Null,Null,Null,Null,Null,Null,tVW7pefO8xIgWMF86oVhKQ
No,No,Null,"Breakfast, Lunch, Dinner, Late Night",Null,Null,Null,Null,Null,Null,No,Fkj8vJocYilePMZv2y54WA
Yes,No,Null,"Brunch, Lunch, Dinner, Dessert",Null,Null,Null,Null,Null,Null,Null,eBj_YyJU5jVu6tbZCkdtDA
No,No,Null,"Lunch, Dinner",Null,Null,Null,Null,Null,Null,No,h5qBxa_L-pIdNSOBQxTNGQ
No,Null,Null,"Breakfast, Lunch",Null,Null,Null,Null,Null,Null,No,a3vug2R5PvBCmzr6KU5RnA
No,Null,Null,Null,Null,Null,Null,Null,Null,Null,Null,UGy0QULAPPRcOUJQSiRmGQ
No,Null,Null,"Breakfast, Lunch",Null,Null,Null,Null,Null,Null,No,a3vug2R5PvBCmzr6KU5RnA
No,Null,Null,Null,Null,Null,Null,Null,Null,Null,Null,UGy0QULAPPRcOUJQSiRmGQ
No,Null,Null,Null,Null,Null,Null,Null,Null,Null,Null,rI1wtjri4NhO3V-hCsMCiA
No,Null,Null,Null,Null,Null,No,Null,Null,Null,Null,rTx5vu0zuhggAbgsx1uVtA
No,Null,Null,Null,Null,Null,Null,Null,Null,Null,No,txeee1LquHOaroqXodi4UQ
No,Null,Null,Null,Null,Null,Null,Null,Null,Null,Null,bU9RYLrF77bxO2pSA0Ba7Q
No,Null,Null,"Lunch, Dinner",Null,Null,Null,Yes,Yes,Null,Yes,MXC9pwIxovWUc9yu1F8OxA
Yes,Null,Null,"Breakfast, Brunch, Lunch",Yes,Null,Null,Null,Null,Null,Null,x71EvWJDVKZfM-OiYDWZ6A
No,No,Null,Dinner,Null,Null,Null,Null,Yes,Null,Null,6H8xfhoZ2IGa3eNiY5FqLA
No,Null,Null,"Lunch, Dinner",Null,Null,Null,Null,Null,Null,Null,ydUk0peVAOgiYq1l3U5SaQ
No,No,Null,Null,Null,Null,Null,Null,Null,Null,Null,M990h0-4g-wpJN-qlnqFAg
Null,Null,Null,Null,Null,Null,Null,Null,Null,Null,Null,Ea04rGA3H-ZqY1nHLpI2FQ
No,Null,Yes,Lunch,Null,Null,Null,Null,Null,Null,Null,ZgPnRzWjQR5NtiauGBww7g
No,No,Null,Null,Null,Null,Null,Null,Null,Null,Null,slVkMoNTCGI2rOhMaL5u5A
Null,Null,Null,Null,Null,Null,Null,Null,Null,Null,Null,4uMs5UbtIAaHhuKQlQhXEQ
Null,Null,Null,Null,Null,Null,Null,Null,Null,Null,Null,4uMs5UbtIAaHhuKQlQhXEQ
Null,Null,Null,Null,Null,Null,Null,Null,Null,Null,Null,vsGqvLu4OlL2GDmPWSVx_w
No,No,Null,"Lunch, Late Night",Null,Null,Null,Null,Null,Null,No,QIn3PuGUkinSibUn-NsljQ
Null,Null,Null,"Lunch, Dinner, Late Night",Null,Null,Null,Null,Yes,Null,No,5fpXjlC71y_mKORnPdX5zA
Null,Null,Null,"Lunch, Dinner",Null,Null,Null,Null,Null,Null,No,uTn8bL6sabHD2916u5mvkA
No,Null,Null,Null,Null,Null,Null,Null,Null,Null,No,wKI0q-WkPi0N3Mk_T3frmQ
Null,Null,Null,Null,Null,Null,Null,Null,Null,Null,Null,CcMi0EM4KFqa_4hVe1oN3g
Null,Null,Null,Null,Null,Null,Null,Null,Null,Null,Null,9Y0dDkFEe_spzPqccq2hIw
Null,Null,Null,Null,Null,Null,Null,Null,Null,Null,Null,CcMi0EM4KFqa_4hVe1oN3g
Null,Null,Null,Null,Null,Null,Null,Null,Null,Null,Null,9Y0dDkFEe_spzPqccq2hIw
No,Yes,Null,Null,Null,Null,Null,Null,Null,Null,Null,03icrim6SfEQJlejDMbzsA
Null,Null,Null,Lunch,Null,Null,Null,Null,Null,Null,No,4s_kb5VXnx96fEJLZ_AkIQ
Null,Null,Null,"Breakfast, Lunch, Dessert",Yes,Null,Null,Null,Null,Null,No,T6VKCBhHojQkCWp_IYO24w
No,Null,Null,Lunch,Null,Null,Null,Null,Null,Null,Null,QCe_OTC_9Vf5-oQuflQH7Q
No,Null,Null,Lunch,Null,Null,Null,Null,Null,Null,Null,QCe_OTC_9Vf5-oQuflQH7Q
Null,Null,Null,Null,Null,Null,Null,Null,Null,Null,Null,wPxrC9l4c4IGgLVancQzgA
Null,Null,Null,"Lunch, Dinner",Null,Null,Null,Null,Yes,Null,Yes,9wNrqTeoEepFSbFu4QLuUQ
No,Null,Null,Null,Null,Null,Null,Null,Null,Null,Null,mF5L7qVH829Ow68Lz8PMNg
Null,Yes,Null,"Breakfast, Brunch, Lunch",Null,Null,Null,Null,Null,Null,Yes,3FlWR_osNPb8dcqLgHebHw
Null,Null,Null,Null,Null,Null,Null,Null,Null,Null,Null,UiBRXZKRV9EpU9EpERZIFw
No,Null,Null,"Lunch, Dinner",Null,Null,Null,Null,Null,Null,Null,8L_eeOwZryvlUEO42Zq8nQ
No,Null,Null,Dinner,Null,Null,Null,Null,Null,Null,Null,hPtLBHnfTjIefcnwZh48jA
Null,Null,Null,Null,Null,Null,Null,Null,Null,Null,Null,DX690eOaqO7CK2Qr6__rMQ
Null,Null,Null,Null,Null,Null,Null,Null,Null,Null,Null,t8w-NFL8B9E2IdOqj5MQng
Null,Null,Null,Null,Null,Null,Null,Null,Null,Null,Null,_7kVnn5_19ckuFPS9PCrpQ
No,Null,Yes,"Lunch, Dinner",Null,Null,Null,Null,Null,Null,Yes,3ZHyw0d8mk0HOEP7v4fW1A
Null,Null,Null,Null,Null,Null,Null,Null,Null,Null,Null,XBIaV-NJ-OxyAd_rsiBr2A
No,No,Null,"Breakfast, Lunch, Dinner, Late Night",Null,Null,Null,Null,Null,Null,Yes,gBy6UXTpoSHhW6qd15XU0g
No,No,Null,"Lunch, Late Night",Null,Yes,Null,Yes,Yes,Null,No,qkyCuFJF2Uboh6n2Lmuwlg
No,No,Null,"Lunch, Late Night",Null,Yes,Null,Yes,Yes,Null,No,qkyCuFJF2Uboh6n2Lmuwlg
No,Null,Null,Lunch,Null,Null,Null,Null,Null,Null,Null,izvmwI3kSYIt-a6vA4gUMw
No,Null,Null,Null,Null,Null,Null,Null,Null,Null,Null,HbN0Qx_4QnzPcVNZy9PUVA
Null,Null,Null,Breakfast,Null,Null,Null,Null,Null,Null,Null,QcdKTLeP3J5Ki-fVcPZkfA
Null,Null,Null,Null,Null,Null,Null,Null,Null,Null,Null,OwL4BM7GchsxBXxWrkmmqw
Null,Null,Null,Null,Null,Null,Null,Null,Null,Null,Null,24f5ie972m_bYpirVW-dZA
Null,Null,Null,Null,Null,Null,Null,Null,Null,Null,Null,i5vy3X8WBjQ-F7P8HqC7KA
No,No,Null,"Breakfast, Lunch, Dessert",Null,Null,Null,Null,Null,Null,No,sUMi2q41l4AzOsmJMRY8zQ
No,No,Null,"Lunch, Dinner",Null,Null,Null,Yes,Yes,Null,Null,WSGHEQdcdbBWXDpna99EiQ
No,Null,Yes,"Breakfast, Brunch, Lunch",Null,Null,Null,Null,Null,Null,Null,wqFkAsxYPA5tcdSkYMtrrw
Null,Null,Null,Null,Null,Null,Null,Null,Null,Null,Null,f5sSn5cO4t6mF_mdnzKkyA
No,Null,Null,"Lunch, Dinner, Late Night",Null,Null,Null,Null,Null,Null,No,6-lmL3sC-axuh8y1SPSiqg
Null,Null,Null,Null,Null,Null,Null,Null,Null,Null,Null,D0lM6bi-sovThoQdRVGgGg
Null,Null,Null,Null,Null,Null,Null,Null,Null,Null,Null,GdE5ZF7XMDyjwBVB_5qszA
Null,Null,Null,Brunch,Null,Null,Null,Null,Null,Null,Null,2nEhcvxBZk2W4x_fi0cYxw
No,Null,Null,Null,Null,Null,Null,Null,Null,Null,Null,LA9j7bDQLkDmLspdHwL3Bg
Null,Null,Null,Brunch,Null,Null,Null,Null,Null,Null,Null,2nEhcvxBZk2W4x_fi0cYxw
No,Null,Null,Null,Null,Null,Null,Null,Null,Null,Null,LA9j7bDQLkDmLspdHwL3Bg
Null,Null,Null,Null,Null,Null,Null,Null,Null,Null,Null,oYWixgv1kiPV1j02TYzaPA
Null,Null,Null,Null,Null,Null,Null,Null,Null,Null,Null,mVIU34pAjLCmRpftGPaH1A
Null,Null,Null,Null,Null,Null,Null,Null,Null,Null,Null,3AEWSso6YdRb00SICNKn7Q
No,Null,Yes,"Brunch, Lunch",Null,Null,Null,Null,Null,Null,No,nGjqCFbLPeBJe55Mx-nIEw
Yes,Null,Yes,"Lunch, Dinner",Null,Null,Null,Null,Null,Null,Null,ru35Z92NtGynsmw0iZDarQ
Null,Null,Null,Null,Null,Null,Null,Null,Null,Null,Null,ygW1BY7co1ioTKmeWzJt-Q
Null,No,Null,"Lunch, Dinner, Late Night",Null,Null,Null,Null,Null,Null,No,RZGxU6bCoqgbi7xVB_UckQ
No,No,Null,"Breakfast, Lunch",Null,Yes,Null,Yes,Yes,Null,No,Qy_tDaVTWlS14fEglzo1Tg
No,Null,Null,Null,Null,Null,Null,Null,Null,Yes,Null,AeOHcC1tKrogRUfKJ8OCqg
Null,Yes,Null,Null,Null,Null,Yes,Null,Null,Null,No,l3oWxCf7Y-X-fgAxNVR7-A
No,Null,Yes,"Brunch, Lunch, Dinner",Null,Yes,Null,Yes,Null,Null,Yes,y2plF1wqtEiOdzArakENfg
Null,Null,Null,Null,Null,Null,Null,Null,Null,Null,Null,gqqHdBJqOVHDMy3jAdSkmw
Null,Null,Null,Null,Null,Null,Null,Null,Null,Null,Null,vWcDq3HDcN8PsoErage4jA
No,No,Null,"Breakfast, Lunch, Dinner, Late Night",Null,Null,Null,Null,Null,Null,Null,G8LBVca1vOBKYeMCMpajGA
Null,Null,Null,Null,Null,Null,Null,Null,Null,Null,Null,YnrJNjZsLIhvldYHtkxKrA
Null,Null,Null,Null,Null,Null,Null,Null,Null,Null,Null,AQKOuwrOCacAhd-jfFMABA
Null,Null,Null,Null,Null,Null,Null,Null,Null,Null,Null,8pLlsYgvrC5SJL1Con8FYw
No,Yes,Null,Dessert,Null,Null,Null,Null,Null,Null,Null,9GPTELAPPpT5vUxad9AoCw
Null,Null,Null,Null,Null,Null,Null,Null,Null,Null,Null,JCiglfoF09JqfR_gn6XYcA
No,No,Null,Null,Null,Null,Null,Yes,Yes,Null,Null,8eSmXnZG0N1GRsqiFeU9uA
Yes,No,Yes,"Breakfast, Dessert",Yes,Null,Null,Null,Yes,Yes,No,ybHlmdUHLPKfv85bRK4Wtw
Null,Null,Null,Null,Null,Null,Null,Null,Null,Null,Null,r-KT6NlBbfxR_L3t98qiDQ
No,No,Null,"Lunch, Dinner",Null,Null,Null,Null,Null,Null,Yes,iRFaq249LVEFGeXLzPULnQ
No,Null,Null,Null,Null,Null,Yes,Null,Null,Null,Null,X6TD8xLS_KMneyOGquOSVQ
No,Null,Null,"Lunch, Dinner",Null,Null,Null,Null,Yes,Null,Null,64o_nYvzIKwHFOSYSEm-qw
No,Yes,Yes,"Breakfast, Brunch, Lunch, Dinner",Null,Yes,Null,Yes,Yes,Null,Null,tXqaK0lBEE1XJbzDPsdFvg
No,Null,Null,"Lunch, Dinner",Null,Null,Null,Yes,Yes,Null,No,2HxaDXZmAOH6LiuzGgNdPA
No,No,Null,"Lunch, Dinner",Null,Null,Null,Null,Null,Null,Null,5T0h9YCsXiDZyBsVIN9gcg
Null,Null,Null,Null,Null,Null,Null,Null,Null,Null,Null,fDpiXePaeKqbOfoxXxUKyw
Null,Null,Null,Null,Null,Null,Null,Null,Null,Null,Null,zd4UKCoCc6P1305dummwyQ
No,No,Yes,"Lunch, Dinner",Null,Null,Null,Null,Null,Null,Null,dVhGY-mNwTWQzK01Zxuclw
No,No,Null,"Lunch, Dinner",Null,Null,Null,Null,Yes,Null,Yes,4k3RlMAMd46DZ_JyZU0lMg
No,Null,Yes,Null,Null,Null,Null,Null,Null,Yes,Null,U_svUGP1XhMTC0_GTZXpGA
Null,Null,Null,Null,Null,Null,Null,Null,Null,Null,Null,lmNpuLiA6Jtn3lL2Ec43Qw
Null,Null,Null,Null,Null,Null,Null,Null,Null,Null,Null,ezuzSOrWu3KhFKTtVAMWlQ
Null,Null,Null,Null,Null,Null,Null,Null,Null,Null,Null,0IbboCQAEQlROAv5PKKO_Q
Null,Null,Null,Null,Null,Null,Null,Null,Null,Null,Null,oQwadWTYQWahuj9N-68yPA
Null,Null,Null,Null,Null,Null,Null,Null,Null,Null,Null,MQiNywdecInMlkW06WYaCg
Null,Null,Null,Null,Null,Null,Null,Null,Null,Null,Null,BthL-DpmauWs0-tDewBWug
No,Yes,Null,"Dinner, Late Night",Null,Null,Null,Null,Null,Null,Null,JyxHvtj-syke7m9rbza7mA
Yes,Yes,Null,"Lunch, Dinner",Null,Yes,Null,Null,Null,Null,Null,GxfgOFgUhv2rfr3FXVWfCg
Null,Null,Null,Null,Null,Null,Null,Null,Null,Null,Null,Asy49gKgikq_NkYsC_7c0Q
No,Null,Null,"Breakfast, Lunch, Late Night",Null,Null,Yes,Null,Null,Null,Null,fzpnaYOqBDjKnnAgFcgR8A
Null,Null,Null,"Lunch, Dinner",Null,Null,Null,Null,Yes,Null,Null,1nM-ES-xVqL0yQGTCwtd-Q
Null,Null,Null,Null,Null,Null,Null,Null,Null,Null,Null,07gh-AImcEcWQ2bew-jprg
Null,Null,Null,Null,Null,Null,Null,Null,Null,Null,Null,n0yMrpye4tLpmaTSzXRGuw
No,Null,Null,Dessert,Null,Null,Null,Null,Null,Null,No,TUpyKJFqL_ySZMo54pT-Sw
No,Null,Null,"Breakfast, Brunch, Lunch",Null,Null,Null,Null,Null,Null,Yes,yo8yB3hdqvbvj8huzXpKWQ
No,Null,Null,Dinner,Null,Null,Null,Yes,Yes,Null,Null,t4bBKVXbr8bIN9nEJIobYg
Yes,Null,Null,Dinner,Null,Null,Yes,Null,Null,Null,Null,w0ArxcJ0XsyK1ZwrIf3gpA
Null,Null,Null,"Dinner, Late Night",Null,Null,Null,Null,Null,Null,Null,RQu_Bv7EFf5NKMnh_3E7Ag
No,No,Null,"Lunch, Dinner",Null,Null,Null,Null,Null,Null,Null,QteBKpZTRa2dJ3u7MLiXww
No,Null,Yes,"Lunch, Dinner",Null,Null,Null,Null,Null,Null,No,5gv6AqHXfi3gJV4fb432Vw
No,No,Null,Null,Null,Null,Null,Null,Yes,Null,Null,5TY-YMiAXgBjmP_y4AiXhg
Null,Null,Yes,Lunch,Null,Null,Null,Null,Null,Null,Null,217u7Wad7y90x4el26-TIw
No,No,Null,"Lunch, Dinner",Null,Null,Null,Null,Null,Null,Yes,6hsXF2bRmrstSmwuHwI-kw
Null,Null,Null,Null,Null,Null,Null,Null,Null,Null,Null,vRFYqRz5F41ici5IOO2_pg
Null,Null,Null,Null,Null,Null,Null,Null,Null,Null,Null,TSNvD7vyrknurZ8H05iyVQ
Yes,Yes,Yes,Null,Null,Null,Null,Null,Null,Null,Null,k1l25o628GYC9BrnRzv1Tw
No,Null,Null,Null,Null,Null,Null,Null,Null,Null,Null,Ub8goFppwZkOGTpfoWF4JA
No,No,Null,"Lunch, Dinner",Null,Null,Null,Null,Null,Null,Null,c2l80imPWR8V6gIEM02XPg
Null,Null,Null,Null,Null,Null,Null,Null,Null,Null,Null,BUoV8s0j22KD_PzLm8BlkA
Null,Null,Null,Null,Null,Null,Null,Null,Null,Null,Null,LA9KIu-g3VaoFQsYHL2yRA
No,No,Yes,"Breakfast, Brunch, Lunch",Yes,Null,Null,Yes,Yes,Null,Null,hIUKufhwR6Ifn7bi0-phLA
No,No,Null,Null,Null,Null,Null,Null,Yes,Null,Null,bG-JFEQjr0pAcgdz7eHkZw
Null,Null,Null,Null,Null,Null,Null,Null,Null,Null,Null,ROZCc1XMuAJpyhvTxotQ6w
Yes,Null,Null,"Lunch, Dinner, Late Night, Dessert",Null,Null,Null,Null,Null,Null,Null,dFmaYj3_cZpmEaL4WSOkPg
No,No,Null,"Breakfast, Dinner, Late Night",Null,Null,Null,Null,Null,Null,Null,UANNbspNsQEFUay5nALZYw
No,Null,Null,"Lunch, Dinner",Null,Null,Null,Null,Yes,Null,Yes,eRjcli4nDHRwhByViUz9Ow
No,No,Null,"Lunch, Dinner",Null,Null,Null,Null,Null,Null,Null,R7LyTeiOHLyTNkA8HssBRQ
Null,Null,Null,Null,Null,Null,Yes,Null,Null,Null,Null,Y3mYtN9A_BPiz3DHX8868A
Null,No,Null,"Breakfast, Brunch, Lunch",Null,Null,Null,Null,Null,Yes,Yes,YkAcruXbhN6sHDXn0jcySw
Null,Null,Null,"Lunch, Dinner",Null,Null,Null,Null,Null,Null,Null,yie1IIw2dlfy5n6ywvHUvw
No,Null,Null,Null,Null,Null,Null,Null,Null,Null,Null,JXvLE5CRN88sccZtNeMIrQ
Null,Null,Null,"Breakfast, Lunch",Null,Null,Null,Null,Null,Null,Null,bUEc1ZDgfZPymHyUXEiiNg
No,Null,Null,Null,Null,Null,Null,Null,Null,Null,Null,JXvLE5CRN88sccZtNeMIrQ
Null,Null,Null,"Breakfast, Lunch",Null,Null,Null,Null,Null,Null,Null,bUEc1ZDgfZPymHyUXEiiNg
Null,Null,Null,Dinner,Null,Null,Null,Null,Null,Null,Null,VpFUraD3fuFY9qCcvgMntA
Null,Null,Null,Null,Null,Null,Null,Null,Null,Null,Null,GClknRUsIYiT-PS0ICRzYg
Null,Null,Null,Null,Null,Null,Null,Null,Null,Null,Null,MoaI-2jJCVoiSD0nCi2qdw
No,Yes,Null,"Lunch, Dinner",Null,Null,Null,Null,Yes,Null,Yes,SgSVJWgMwFteYyz4OlHu9Q
Null,Null,Null,Lunch,Null,Null,Null,Null,Null,Null,Null,4l1cmNrXBOLVUJR29MDp3A
No,Null,Null,Null,Null,Null,Null,Null,Null,Null,Null,YPCbxsAPYOo3kRMbhfxFzw
Null,Null,Null,Lunch,Null,Null,Null,Null,Null,Null,Null,gloqQrObDeVaL_o3hb35PQ
Null,Null,Null,Lunch,Null,Null,Null,Null,Null,Null,Null,AurgTYGyCItvvgFp9NQBag
Null,Null,Null,Null,Null,Null,Null,Null,Yes,Null,Null,P4MSmTvAVeW3is2RORWosA
Null,Null,Null,Null,Null,Null,Null,Null,Null,Null,Null,47Ce56CE_NnzdmCozdMQng
No,No,Null,"Lunch, Dinner",Null,Null,Null,Yes,Yes,Null,Null,ZBPwZv0QFWF9QGyR7LbIsA
Null,Null,Null,Null,Null,Null,Null,Null,Null,Null,Null,tmHsUSpJX1UxroS-dGHlMg
No,No,Null,Null,Null,Null,Null,Null,Null,Null,Null,w5LUtmw4G1KD7qAntqGd9w
Null,Null,Null,Null,Null,Null,Null,Null,Null,Null,Null,zt9RLUIU32fZYOBh2L0NNQ
No,No,Null,"Lunch, Dinner, Late Night",Null,Null,Null,Null,Yes,Null,Null,OFNXLfKbnsh7zV6Iu3EbyA
No,No,Yes,Null,Null,Null,Null,Null,Null,Yes,Null,VmspRdKauEargr8YX1oL-Q
Null,Null,Null,Null,Null,Null,Null,Null,Null,Null,Null,D1J0-sFI1ul-9l3CwjvvwA
No,Null,Null,"Breakfast, Brunch, Lunch, Dinner, Dessert",Null,Null,Null,Null,Yes,Null,Yes,3rj1qpgFvkRWtAka17mhEQ
No,Null,Null,Null,Null,Null,No,Null,Null,Null,Null,DV13F0bhe55dV1AhwoO50g
No,Null,Null,"Lunch, Dinner",Null,Null,Null,Null,Null,Null,Null,1bALsE6aZE23mGV2WPxN_g
No,No,Null,"Brunch, Lunch",Null,Null,Null,Null,Yes,Null,Null,OHFH6ALQqq35NiEbD1eXuw
No,Null,Null,Null,Null,Null,Null,Null,Null,Null,Null,JsAR0hNX-5zA-CMsYW4NLQ
Null,Null,Null,Null,Null,Null,Null,Null,Null,Null,Null,pRlO48w4GkWEPEYIH2tHsw
No,No,Null,"Lunch, Dinner",Null,Null,Null,Yes,Yes,Null,Null,HUWLnKD5LSZY134amUO2Rg
No,Null,Null,"Breakfast, Dessert",Yes,Null,Null,Null,Yes,Null,No,rq5dgoksPHkJwJNQKlGQ7w
Null,Null,Null,Null,Null,Null,Null,Null,Null,Null,Null,FvC3W9E6rXUYx-cTxbnUiA
Yes,Yes,Yes,Null,Null,Null,Null,Null,Null,Null,Null,87YsVbCN_kfzheY79Fzjkg
Yes,Null,Yes,Null,Null,Null,Null,Null,Null,Null,Null,qKn9nynsVYIST8rf6tEFRQ
No,No,Null,"Lunch, Dinner, Late Night",Null,Null,Null,Null,Yes,Null,Yes,0w3BdEOxvwKTpypwbN5kiQ
Yes,Null,Null,"Lunch, Dinner",Null,Null,Null,Null,Null,Null,Null,hrNIDao4XnOhrv7aaFehTg
Null,Null,Null,Null,Null,Null,Null,Null,Null,Null,Null,nV2EI2KtETq3eLUZsK3NSQ
Null,Null,Null,Null,Null,Null,Null,Null,Null,Null,Null,stbX9rtRIpDF-VymOwHJ8w
No,Null,Null,"Lunch, Dinner",Null,Null,Null,Yes,Yes,Null,Yes,Ve_qB9oxIbJfd-v7MImBlQ
Yes,No,Null,Null,Null,Null,Null,Null,Null,Null,Null,OGQ_6nIn4QQL2U6t0XeHtA
Yes,Null,Yes,"Lunch, Dinner",Null,Null,Null,Null,Yes,Null,Null,iIwMJdDuExGrOqkSAyPb9A
Null,Null,Null,Null,Null,Null,Null,Null,Null,Null,Null,PB7Fc2yCSjrELsrBJWKCSA
Yes,Yes,Null,Null,Yes,Null,Null,Null,Null,Null,Null,1i9T1uoG_J3aRfprALvNGQ
Yes,Yes,Yes,Lunch,Null,Null,Null,Null,Null,Null,Null,Oqqnw0Rz77sMDPHS_eN2aA
No,Null,Null,"Breakfast, Brunch, Lunch",Null,Yes,Null,Yes,Yes,Null,Null,atVh8viqTj-sqDJ35tAYVg
No,Null,Null,Null,Null,Null,Null,Null,Null,Null,Null,0K4tCSMV6BqFxOsgZFqfVw
Null,Null,Null,Null,Null,Null,Null,Null,Null,Null,Null,x_L9NCBxx4Mb4cOnnRMibw
Null,Null,Null,Lunch,Null,Null,Null,Null,Null,Null,Null,Lt_ytMJKMQ3lpBDYaANreA
Null,Null,Null,"Lunch, Dinner, Late Night",Null,Null,Null,Null,Null,Null,Null,CLthP1yn32xlBswIbsLIjQ
Null,Null,Null,Null,Null,Null,Null,Null,Null,Null,Null,vATbGMxLd9cZ3VY_GZAIJw
No,No,Null,Null,Null,Null,Null,Null,Null,Null,Null,qjyOjCHG9lOkZnAa8jIQ1g
No,No,Null,Null,Null,Null,Null,Null,Null,Null,Null,pi4FLFEOn9AhNUxiLbBeHg
No,No,Null,Null,Null,Yes,Null,Yes,Yes,Null,Null,Ed47ZME7NcLTZeIBUYsdog
Null,Null,Null,Null,Null,Null,Null,Null,Null,Null,Null,0jriM09IvPdCLgr509vbrQ
No,Null,Null,Null,Null,Null,Null,Null,Null,Null,Null,xmeEyBVC5zN-FCX5qZviIQ
Null,Null,Null,Null,Null,Null,Null,Null,Null,Null,Null,APkr8bzYE0xiePqmAqPzYg
Yes,Null,Null,Lunch,Null,Null,Null,Null,Null,Null,Null,JXWDWoW4dDGcbaU2BQq8Og
Null,No,Null,"Lunch, Dinner",Null,Null,Null,Null,Null,Null,Yes,l4qomOr-2ZDOjWXSZXpzZg
No,Null,Null,Null,Null,Null,Null,Null,Null,Null,Null,4aAf2nAr86lcDHzqWSaYuQ
No,No,Null,Null,Null,Null,Null,Null,Null,Null,Null,A0X1baHPgw9IiBRivu0G9g
No,Yes,Null,"Lunch, Dinner",Null,Null,Null,Null,Yes,Null,Yes,M30I1NPl5JuHthxo1IXPGg
Yes,No,Null,Null,Yes,Null,Null,Null,Yes,Null,Null,bcJmbFHVAkLFqhJbUTdbyQ
No,No,Null,"Lunch, Dinner",Null,Null,Null,Null,Yes,Null,Null,UPIYuRaZvknINOd1w8kqRQ
No,No,Null,"Lunch, Dinner",Null,Null,Null,Null,Null,Null,Null,ifkCEpYaSAUT3WVQNxwvXA
Null,Null,Null,Null,Null,Null,Null,Null,Null,Null,Null,9iNZ2o5jt-zpdMoAOgd7_g
No,No,Null,"Lunch, Dinner",Null,Null,Null,Yes,Yes,Null,Yes,qRymrsLmlA34bC8PvNoujg
No,No,Null,"Lunch, Dinner",Null,Null,Null,Yes,Yes,Null,Yes,qRymrsLmlA34bC8PvNoujg
No,No,Null,"Lunch, Dinner",Null,Null,Null,Null,Null,Null,Null,m51uL1LZhKYf2y_yG4NEng
No,Null,Yes,"Lunch, Dinner",Null,Null,Null,Null,Null,Null,Null,rx1AEnleVRWMNz6vB-YhfQ
No,No,Null,"Lunch, Dinner",Null,Yes,Null,Yes,Yes,Null,No,mmbXj7CmjGbH-wR3j6cD0w
No,No,Yes,"Lunch, Dinner",Null,Null,Null,Null,Null,Null,Null,9V9RlgqqnPFQJfF_e9Lnmw
No,No,Null,Dinner,Null,Null,Null,Null,Yes,Null,Yes,So132GP_uy3XbGs0KNyzyw
Null,Null,Null,Null,Null,Null,Null,Null,Null,Null,Null,Ufa7MJ3yDDIMFkYctnhT8Q
Null,Null,Null,Null,Null,Null,Null,Null,Null,Null,Null,IeJWawvw4oAb9EjAP-W5hA
No,Null,Null,"Lunch, Dinner",Null,Null,Null,Null,Yes,Null,Null,7UtqNjjd9D6oU7UcT2nxig
No,Null,Null,"Lunch, Dinner",Null,Null,Null,Null,Yes,Null,Null,7UtqNjjd9D6oU7UcT2nxig
No,No,Yes,"Lunch, Dinner",Null,Null,Null,Null,Null,Null,Null,CVECSCW-7zDzjpIPxsew4g
No,No,Null,"Lunch, Dinner, Dessert",Null,Null,Null,Null,Null,Null,Null,N0l-6kdgRXEskiGw3ab05A
Null,Null,Null,Null,Null,Null,Null,Null,Null,Null,Null,q7iF6omNtpaeBXZscLuBxQ
No,No,Null,"Lunch, Dinner",Null,Null,Null,Null,Yes,Null,Null,DzKl51tivGJMLiNsQqf38w
No,Null,Null,Null,Null,Null,Yes,Null,Null,Null,Null,5eqm4pyz-egd255X7PB8Xg
No,Null,Yes,"Breakfast, Lunch, Dinner",Null,Null,Null,Null,Null,Null,Null,1M1A-s6BbnzK3eURw01rZQ
No,No,Null,Null,Null,Null,Null,Yes,Yes,Yes,Null,rVi34tu0bITsoxMMT9QhUw
No,Null,Null,Null,Null,Null,No,Null,Null,Null,Null,zKqWjDZHo-lk7_E3hHkORg
Yes,Yes,Null,Null,Null,Null,Null,Null,Null,Null,Null,jozzH4XCEM9yQFjLAc3_zA
Null,Null,Null,Null,Null,Null,Null,Null,Null,Null,Null,jgtEoeE2uoA27J_UvbE20g
Null,Null,Null,Null,Null,Null,Null,Null,Null,Null,Null,YnYS1dISBoLpA_VUSjOzEQ
No,No,Null,Null,Null,Null,Null,Null,Null,Null,Null,PJ-VbAtIOso1dqd2frQqqg
Null,Null,Null,Null,Null,Null,Null,Null,Null,Null,Null,DZN44_XFktITlIUec4H69w
Null,Null,Null,Null,Null,Null,Null,Null,Null,Null,Null,VFVyecs0nMFA4xizXkzvKA
Null,Null,Null,"Lunch, Dinner",Null,Null,Null,Null,Null,Null,Null,JhQvfo_WfX10TG9_7VO14g
Null,Null,Null,Null,Null,Null,Null,Null,Null,Null,Null,RAU2fPJ852Z241SXP-Wfew
Yes,Yes,Null,Null,Yes,Null,Null,Null,Null,Null,Null,xTlmLL2xZZ0xhZ2J16zXQQ
No,Null,Null,"Lunch, Dinner",Null,Null,Null,Null,Null,Null,Null,C1jQ5CbszJkS_cyWgaRVGQ
Null,Null,Null,Null,Null,Null,Null,Null,Null,Null,Null,_cBlppMDZYXS-Bjj4l9qtw
Null,Null,Null,Null,Null,Null,Null,Null,Null,Null,Null,kkiDLkFutKeJqv15yag7_w
No,Null,Null,Null,Null,Null,Null,Null,Null,Null,Null,kds044HPuEB_HzoR_EHLeQ
Null,Null,Null,Null,Null,Null,Null,Null,Null,Null,Null,kkiDLkFutKeJqv15yag7_w
No,Null,Null,Null,Null,Null,Null,Null,Null,Null,Null,kds044HPuEB_HzoR_EHLeQ
Null,Null,Null,"Lunch, Dinner",Null,Null,Null,Null,Null,Null,Null,PEGtD36MLdfcsD2hc95Kiw
Null,Null,Null,Null,Null,Null,Null,Null,Null,Null,Null,4aGIU5eD6iTsmNqKVvlLOg
Null,Null,Null,Null,Null,Null,Null,Null,Null,Null,Null,xq0RhDKNNUg8t3JJUqX3fw
No,No,Yes,Null,Null,Null,Null,Null,Null,Null,Null,ppasQEo3jPkBdwdRGVd9WQ
Null,Null,Null,Null,Null,Null,Null,Null,Null,Null,Null,4aGIU5eD6iTsmNqKVvlLOg
Null,Null,Null,Null,Null,Null,Null,Null,Null,Null,Null,xq0RhDKNNUg8t3JJUqX3fw
No,No,Yes,Null,Null,Null,Null,Null,Null,Null,Null,ppasQEo3jPkBdwdRGVd9WQ
Null,Null,Null,Null,Null,Null,Null,Null,Null,Null,Null,CWNMLT-ppaUjLMmrnYDPVg
No,No,Yes,"Lunch, Dinner, Dessert",Null,Null,Null,Yes,Yes,Null,Yes,q5sa3zjAwIYMAgfPVxOdHw
Null,Null,Null,Null,Null,Null,Null,Null,Null,Null,No,zfNKdsuT7bWWN-f3v5Rj_g
No,Null,Null,"Lunch, Dinner",Null,Null,Null,Yes,Yes,Null,Null,ixAh9crILnJ9tM8LhWFhkw
No,No,Null,"Lunch, Dinner",Null,Null,Null,Null,Yes,Null,No,NfM1YE-FJCToO1LB36T6lQ
Null,Null,Null,Null,Null,Null,Null,Null,Null,Null,Null,ZfBKZPd2rdpW19m91YnHXw
Null,Null,Null,Null,Null,Null,Null,Null,Null,Null,Null,WUHziAfNsIe73A43q5Xijg
No,No,Null,"Lunch, Dinner",Null,Null,Null,Yes,Yes,Null,Yes,5Lcit9Zt6TF9bmKoFMhF0g
Null,Null,Null,Null,Null,Null,Null,Null,Null,Null,Null,FiEUjd-X95z0GfXCpdtQkA
No,No,Null,"Breakfast, Brunch, Lunch, Dinner, Dessert",Null,Null,Null,Null,Yes,Null,Null,nTc-Qj_-ABZrpM9YSpJ6jA
Null,Null,Null,Null,Null,Null,Null,Null,Null,Null,Null,RDQpH7J6PBpVzE9pNDKcoA
Null,Null,Null,Null,Null,Null,Null,Null,Null,Null,Null,JcWzvvDWh4RY04tvm1LQzA
Null,Null,Null,Brunch,Null,Null,Null,Null,Null,Null,No,QqrmTtv2OXWFRlqRCG4FRA
Null,Null,Null,Breakfast,Null,Null,Null,Null,Null,Null,Null,HKSyA7YZplj9i_vIdtwyzg
Null,Null,Null,Null,Null,Null,Null,Null,Null,Null,No,fg_KGtLwAw2IpXin0KdAZA
Null,Null,Null,Null,Null,Null,Null,Null,Null,Null,Null,Wpt0sFHcPtV5MO9He7yMKQ
Null,Null,Null,Null,Null,Null,Null,Null,Null,Null,Null,JcWzvvDWh4RY04tvm1LQzA
Null,Null,Null,Brunch,Null,Null,Null,Null,Null,Null,No,QqrmTtv2OXWFRlqRCG4FRA
Null,Null,Null,Breakfast,Null,Null,Null,Null,Null,Null,Null,HKSyA7YZplj9i_vIdtwyzg
Null,Null,Null,Null,Null,Null,Null,Null,Null,Null,No,fg_KGtLwAw2IpXin0KdAZA
Null,Null,Null,Null,Null,Null,Null,Null,Null,Null,Null,Wpt0sFHcPtV5MO9He7yMKQ
No,No,Null,"Lunch, Dinner",Null,Null,Null,Yes,Yes,Null,Yes,966W5oXOBW0ZWhNYy0yjcA
Null,Null,Null,Null,Null,Null,Null,Null,Null,Null,Null,oe6srp_GGRncy5ODHNfW0g
Null,Null,Null,Null,Null,Null,Null,Null,Null,Null,Null,9hNuOUywLPHdSbAXtQ9DhQ
Null,Null,Null,Null,Null,Null,Null,Null,Null,Null,Null,opwxvFwYTppE0JgfM4FBlw
Null,No,Null,"Breakfast, Brunch, Lunch",Null,Null,Null,Null,Null,Null,Null,qhbUNmiGKmw343Fj7qlEsQ
Null,Null,Null,"Lunch, Dinner",Null,Null,Null,Null,Null,Null,Null,e9gaoUQEws5tmQROZodZMg
Null,Null,Null,Null,Null,Null,Null,Null,Null,Null,Null,HBjjGbfBvZ1FU1AaUWyJYQ
Null,Null,Null,Null,Null,Null,Null,Null,Null,Null,Null,NVcQuJ01BRqVeL-GT1UhTg
Null,Null,Null,"Brunch, Lunch",Null,Null,Null,Null,Null,Null,Null,0N53m33GANYeHHl-s22d4Q
Null,Null,Null,Null,Null,Null,Null,Null,Null,Null,Null,GwKFPfQA5kYcVSnPBpjtzg
No,No,Null,"Breakfast, Brunch, Lunch",Null,Null,Null,Null,Yes,Null,No,gOOc6MDdhw7fV0Tf30mfAQ
No,Yes,Null,"Lunch, Dinner",Null,Null,Null,Null,Null,Null,Yes,I5RoKagQjGYCWgY4_fK_rQ
Null,Null,Null,Lunch,Null,Null,Null,Null,Null,Null,Null,tNonw3Vy4Ai6qRZpj2lTsA
Null,Null,Null,Null,Null,Null,Null,Null,Null,Null,Null,gVc000GZA5Z4QbFIsXl5OQ
Null,Null,Null,"Lunch, Dinner",Null,Null,Null,Null,Null,Null,Null,3RiFtEJ6AAvS0x_z38HChw
Null,Null,Null,Null,Null,Null,Null,Null,Null,Null,Null,g9IeZKQl0TamGI8772vYAQ
Yes,Null,Yes,"Lunch, Dinner",Null,Null,Null,Null,Yes,Null,Null,BwuyBsShSQwO3_-SvW6fRA
No,Null,Null,"Lunch, Dinner, Late Night",Null,Null,Null,Null,Null,Null,Null,OzcvQqt_copeLRCT2OHrfA
Yes,No,Null,Lunch,Null,Null,Null,Null,Null,Null,No,dPbvWt-6YVxtGkeh7f9JpQ
Yes,No,Null,Lunch,Null,Null,Null,Null,Null,Null,No,dPbvWt-6YVxtGkeh7f9JpQ
Null,Null,Null,Null,Null,Null,Null,Null,Null,Null,Null,mwERWE8IqgcmPHg3cpCfNA
No,No,Null,"Lunch, Dinner",Null,Null,Null,Yes,Yes,Null,Yes,b7Y4dIggAacPum1tF3NpKg
Null,Null,Null,"Breakfast, Brunch, Lunch, Dinner, Late Night",Null,Null,Null,Null,Null,Null,Yes,522GgMvOvzaKCEX6BfAtvg
No,Null,Null,Null,Null,Null,Null,Yes,Yes,Null,Null,4cDWyZa6EqsY4XSWwLY7RA
No,Null,Null,Null,Null,Null,No,Null,Null,Null,Null,fE0b1It8RCQ_c-w9oaKqnw
Yes,Yes,Yes,"Lunch, Dinner",Null,Yes,Null,Yes,Yes,Yes,Yes,N6MzDoao6s68nAIW8vS9dQ
No,Null,Null,Null,Null,Null,Null,Null,Null,Null,Null,5o7Fx7Iot-gLKVNegLLw-w
Null,Null,Null,Null,Null,Null,Null,Null,Null,Null,Null,RQnaK9dNidUbLLykykUAYA
Null,Null,Null,"Breakfast, Lunch, Dinner",Null,Null,Null,Null,Null,Null,Yes,ZDvS8DtnkYa8jY703MflEw
No,No,Yes,"Lunch, Dinner",Null,Null,Null,Null,Null,Null,Yes,Tk7qCou7aYv_Z-K3a7NhhA
No,No,Null,"Lunch, Dinner",Null,Null,Null,Null,Null,Null,Yes,UNI1agsPX2k3eJSJVB91nw
No,No,Null,"Lunch, Dinner",Null,Null,Null,Null,Yes,Null,Yes,p3YqOYELqXtLyHz9T49p_w
No,No,Null,"Lunch, Dinner",Null,Null,Null,Null,Null,Null,Yes,UNI1agsPX2k3eJSJVB91nw
No,No,Null,"Lunch, Dinner",Null,Null,Null,Null,Yes,Null,Yes,p3YqOYELqXtLyHz9T49p_w
No,No,Yes,"Lunch, Dinner",Null,Null,Null,Null,Yes,Null,No,cbgIpJwmPVI6Zf7nUIXdFw
Null,Null,Null,Null,Null,Null,Null,Null,Null,Null,Null,dENns4dukYRZunxCOUzRsw
No,Yes,Null,Null,Null,Null,Null,Null,Null,Null,Null,WQyGqfFKd-baBTVfZWzeTw
No,Yes,Null,"Brunch, Lunch, Dinner, Dessert",Null,Null,Null,Yes,Yes,Null,Yes,lOQPeguczAueJnLmDUTfGg
Null,Null,Null,Null,Null,Null,Null,Null,Null,Null,Null,0QHOkwMc74T35Br83SDizA
Null,Null,Null,Null,Null,Null,Null,Null,Null,Null,Null,oXozyDYGP0GhwBxVIP-NZg
No,Null,Null,"Lunch, Dinner, Late Night",Null,Null,Null,Null,Null,Null,Null,pmsGwCJoMjtj-wwP78PIWQ
No,Null,Null,Lunch,Null,Null,Null,Null,Null,Null,Null,Nsi49BE_XsjJ0oOXwhH8hA
No,No,Null,"Dinner, Late Night",Null,Null,Null,Yes,Yes,Null,Null,yHYjDPuRtLvhvMpOn5fXOQ
No,No,Null,"Lunch, Dinner",Null,Null,Null,Null,Yes,Null,Null,r8Jr-7YfkhJL2nxk9lxUNg
No,No,Null,"Lunch, Dinner",Null,Null,Null,Null,Null,Null,Null,yBxzqKXHhvNVaFnEOd4f7Q
No,Null,Null,"Breakfast, Dinner, Late Night",Null,Null,Yes,Null,Null,Null,Null,SaL2YDKT96zHqxlaq7mJbw
Yes,Null,Null,Null,Null,Null,Null,Null,Null,Null,Null,9f68hfHK6gNyHWmt9guiJw
No,No,Null,"Breakfast, Brunch, Lunch, Dinner",Null,Null,No,Yes,Yes,Null,Yes,XhgFynFD7ZT77wofWpeOag
No,Null,Null,Lunch,Null,Null,Null,Null,Yes,Null,No,o69XnnmtOaj6a2sjOTsGeg
No,No,Null,"Lunch, Dinner",Null,Null,Null,Yes,Yes,Null,Yes,Zmfq3DVhHdtVChhSxzoUHw
Null,Null,Null,Null,Null,Null,Null,Null,Null,Null,Null,_KCvY2g9mMgcBSrVjCS0FA
No,No,Yes,"Lunch, Dinner",Null,Null,Null,Null,Null,Null,Yes,fIaDNl_mv6Oz3Ro4sil_Qw
No,No,Null,Null,Null,Null,Yes,Null,Null,Null,Null,iCovpfQtG99MSHEqXew70w
Null,Null,Null,Null,Null,Null,Null,Null,Null,Null,Null,cJMgxJ_GDg0a1KEkXPVaug
Null,Null,Null,Null,Null,Null,Null,Null,Null,Null,Null,FclR3tCyp3wPCZoxHXn_jQ
No,Null,Yes,"Lunch, Dinner",Null,Null,Null,Null,Null,Null,Null,qsdHK1eQtXmAJNdVJxiC3w
No,Null,Null,"Lunch, Late Night",Null,Null,Null,Null,Null,Null,No,dNjgjAoJSJsvgc5g6nQnnw
No,Null,Null,"Breakfast, Lunch, Dinner, Late Night",Null,Null,Null,Null,Null,Null,No,uiHyP1uOAzOPkOmnWhnW0A
Null,Null,Null,Null,Null,Null,Null,Null,Null,Null,Null,Pe6MFhOa69NZIKHHjlQiNw
No,No,Null,"Lunch, Dinner",Null,Null,Null,Null,Null,Null,No,CR2DMfg3uP02PKT_fuygIw
Null,Null,Null,Null,Null,Null,Null,Null,Null,Null,Null,V6u7__4jbEDOgWR8K6qUSw
Yes,Null,Null,"Lunch, Dinner",Null,Null,Null,Null,Null,Null,No,gBQH64vIkA-kIDFGM290dw
No,Null,Null,Null,Null,Null,Yes,Null,Null,Null,Null,IBSePQdC8MwoWdMmoyegnw
Null,Null,Null,Null,Null,Null,Null,Null,Null,Null,Null,cHAhW7XJ2no_qzc46HpohQ
Null,Null,Null,Null,Null,Null,Null,Null,Null,Null,Null,Lizf_tbfqlXJAlP8GP29QA
No,Null,Null,Null,Yes,Null,Null,Null,Null,Null,Null,yRk8ezAFV59HDHsuHiiU6Q
No,No,Null,"Lunch, Dinner",Null,Yes,Null,Yes,Yes,Null,Yes,nMaIIKEAW2cTEWbEyeFyXQ
Null,Null,Null,Null,Null,Null,Null,Null,Null,Null,Null,QnTFXSKoKgwVNwkl1ANTwA
Null,Null,Null,Null,Null,Null,Null,Null,Null,Null,Null,X3s0BN02lS6EigSnJaSyDw
Null,Null,Null,Null,Null,Null,Null,Null,Null,Null,Null,E8JxHzlUrwio8gxV9k8a9Q
No,No,Yes,Null,Null,Null,Null,Null,Null,Yes,No,WHdmQ-zPYYTJUqaUOfNpkQ
No,Null,Null,"Dinner, Late Night",Null,Null,Null,Yes,Yes,Null,Null,P8uECqGqXWTwEndkh-6bQw
No,Null,Null,"Lunch, Dinner",Null,Null,Null,Null,Null,Null,Null,7NvIgf7XW55OKa5ZU7gw8Q
Null,Null,Null,Null,Null,Null,Null,Null,Null,Null,Null,BeAr85oCQpeaWFJjLhRPWg
Null,Null,Null,Null,Null,Null,Null,Null,Null,Null,Null,wD7Qg9eounsAtUZjlMZOuA
No,Null,Null,Null,Null,Null,Null,Null,Null,Null,Null,FiKSIDLW3rgxmOkEFYpiEw
No,No,Null,"Breakfast, Brunch, Lunch, Dinner, Late Night",Null,Null,Null,Null,Null,Null,Yes,2Y0-nrSZNsLRStyupZgM7g
Null,Null,Null,Null,Null,Null,Null,Null,Null,Null,Null,3rDzxvhe5CFzeWjvLj92pw
No,Null,Null,"Lunch, Dinner, Late Night",Null,Null,Null,Null,Null,Null,No,kwLlQn95rqiqvmM4Yc2hIg
No,Null,Yes,"Breakfast, Brunch, Lunch, Dinner, Late Night",Null,Null,Null,Null,Null,Null,Null,mibbKeg4gbD9O58TCjDWgQ
No,Null,Null,"Breakfast, Brunch, Lunch, Dessert",Null,Null,Null,Null,Null,Null,Null,Tq032toLj_WQY3e7P3aQ8A
No,Null,Null,"Lunch, Dinner",Null,Null,Null,Null,Null,Null,Null,QpOAv584eb-ecG4TLEm95g
No,No,Null,Null,Null,Null,Null,Null,Null,Null,Null,ucv_SCACwuW4wEOudO_xyg
No,No,Null,"Lunch, Dinner",Null,Yes,Null,Yes,Yes,Null,No,56Ll9rqG2WxXj4X2pmlkHQ
Yes,Null,Yes,"Lunch, Dinner",Null,Null,Null,Null,Yes,Null,No,yU34swtpTS8-SMjeLIEFcQ
No,Null,Null,"Lunch, Dinner",Null,Null,Null,Null,Null,Null,Null,6Na0jTJjX5GQY_ZJ53G02A
Null,Null,Null,Null,Null,Null,Null,Null,Null,Null,Null,zCuFlGmDGFyj3ytMfmnXEw
No,Yes,Null,"Lunch, Dinner",Null,Null,Null,Yes,Yes,Null,Null,I5TnTKHzJuLA0YLZPGCNwQ
Yes,Yes,Null,"Lunch, Dinner",Null,Null,Null,Null,Yes,Null,Null,Suy2V5n_w8uzsXTdDdtCnA
No,No,Yes,Null,Null,Yes,Null,Null,Yes,Null,Null,yYwTV3c9Q3S1UDdpDhjgTg
Null,Null,Null,Null,Null,Null,Null,Null,Null,Null,Null,9r6ijZgxDLJFysxIohtTcQ
Null,Null,Null,Null,Null,Null,Null,Null,Null,Null,Null,zMDYrtWiQjR5odg-6Gf6kQ
Null,Null,Null,Null,Yes,Null,Null,Null,Null,Null,Null,Ji35uFlQyOpKjMFNKwp4mw
Null,Null,Null,Null,Null,Null,Null,Null,Null,Null,Null,zMDYrtWiQjR5odg-6Gf6kQ
Null,Null,Null,Null,Yes,Null,Null,Null,Null,Null,Null,Ji35uFlQyOpKjMFNKwp4mw
Null,Null,Null,Null,Null,Null,Null,Null,Null,Null,Null,Bv7e_e229DfXIEg_Rtf5vg
No,No,Null,"Lunch, Dinner",Null,Null,Null,Null,Null,Null,No,B3omTXI--0eiBC7nCv_WXg
Null,Null,Null,Null,Null,Null,Null,Null,Null,Null,Null,JTknlKD6bviJZLngdpbydw
Null,Null,Null,Null,Null,Null,Null,Null,Null,Null,Null,IRH3mIW2q6J2CR5EoCQ5iA
Null,Null,Null,Null,Null,Null,Null,Null,Null,Null,Null,qhQS3KPJs9cya6tcQCEk2A
Yes,Null,Yes,"Lunch, Dinner",Null,Null,Null,Yes,Yes,Null,Null,eRQwgSQD1KyCmJk_PAGOXQ
Null,Null,Null,Null,Null,Null,Null,Null,Null,Null,Null,v2UKNMDqWN1UaWlK2Ugx2Q
Null,Null,Null,Null,Null,Null,Null,Null,Null,Null,Null,h0MNaniQdLa3ZGmXh9DDeQ
Null,Null,Null,Null,Null,Null,Null,Null,Null,Null,Null,8fiZjbPMgg4qDSLIdZsWZg
Null,Null,Null,Null,Null,Null,Null,Null,Null,Null,Null,CgnHLwWbteqb8qxcZgBLyw
Null,Null,Null,Brunch,Null,Null,Null,Null,Null,Null,Null,KdQM64AQ5_ppgs6RolwJ4w
No,No,Yes,"Lunch, Dinner, Late Night",Null,Null,Null,Null,Null,Null,No,wT-J6sib_NSr8rcH2aTcAA
Null,Null,Null,Null,Null,Null,Null,Null,Null,Null,Null,E9YrPcoz_USW31ZBIiMeMg
Null,Null,Null,Null,Null,Null,Null,Null,Null,Null,Null,TUfb2lH2nwKqu_IyM8wA-A
No,No,Null,"Lunch, Dinner",Null,Null,Null,Null,Null,Null,Null,2dCnTMv3Hh-fM8bOjYS4Xw
No,No,Null,"Lunch, Dinner",Null,Null,Null,Null,Null,Null,Yes,RRw9I8pHt5PzgYGT2QeODw
No,No,Null,"Lunch, Dinner",Null,Null,Yes,Null,Null,Null,Yes,5PP6BwtNYlPARHApB9lzcQ
Yes,No,Null,"Lunch, Late Night",Null,Null,No,Null,Null,Null,Yes,b0WztBYRaswkUARxLQ1aKg
Null,Null,Null,Null,Null,Null,Null,Null,Null,Null,Null,ASYsl1vHY0aKRXlPtHeCWQ
Yes,No,Null,"Lunch, Dinner",Null,Null,Null,Yes,Yes,Null,No,kkdm8TM6qTaVnrz5XsG0hQ
No,No,Null,Lunch,Null,Null,Null,Null,Null,Null,Yes,8945PbOxSjb6hwHdVWWUIw
Null,Null,Null,Null,Null,Null,Null,Null,Null,Null,Null,Oyo5CWthu2upxxaf69MfIg
Yes,No,Null,"Lunch, Dinner",Null,Yes,Null,Null,Yes,Null,No,ai8nfTBNvL579cjIuqZajQ
Null,Null,Null,Null,Null,Null,Null,Null,Null,Null,Null,lgThAiX5kMvSxizl2tQ1hA
No,Null,Yes,Lunch,Null,Null,Null,Null,Yes,Null,Null,9MK66QkfnTp6BxZudH9wxg
Null,Null,Null,Null,Null,Null,Null,Null,Null,Null,Null,XjsCGzq5P1pCiAHotA9HCw
No,No,Null,"Brunch, Lunch",Null,Null,Null,Yes,Yes,Null,Null,Jur1iiejUFw_YCkfDfy1gQ
Null,Null,Null,Null,Null,Null,Null,Null,Null,Null,Null,eTUDAJdOHBwKa2yaD_jB6Q
No,Null,Null,Null,Null,Null,Null,Null,Null,Null,Null,jOSB_Sc4B3IsI5-MJluBsg
No,Null,Null,Null,Null,Null,Null,Null,Null,Null,Yes,T6mV9V8sfyW3Wj5tsKgabw
Null,Null,Yes,"Breakfast, Brunch, Lunch",Null,Null,Null,Null,Null,Null,Null,5TeA1dyLR7MIor-DfIrYog
No,Null,Null,Null,Null,Null,Null,Null,Null,Null,Null,LTpH7PllA7ruroTZRXnWqw
Yes,Null,Yes,"Brunch, Lunch, Dinner",Null,Null,Null,Null,Null,Null,Yes,NnoJ7MBgV_F-bv7FA_X_BA
Null,Null,Null,Null,Null,Null,Null,Null,Null,Null,Null,f4wR4t1uXCXFY7xBslzMcw
No,Null,Null,"Lunch, Dinner",Null,Null,Null,Null,Null,Null,Yes,HUwzarG0givckxXWTF5lIQ
No,Yes,Yes,"Lunch, Dinner",Null,Null,Null,Null,Yes,Null,Null,4EfiNcKSsafogIhAjwv0gg
No,Null,Null,"Breakfast, Brunch, Lunch",Null,Yes,Null,Null,Yes,Null,Null,0jtRI7hVMpQHpUVtUy4ITw
No,Yes,Null,"Breakfast, Lunch, Dinner",Null,Yes,Null,Yes,Yes,Null,Null,p5rpYtxS5xPQjt3MXYVEwA
No,No,Null,"Breakfast, Lunch, Dinner, Dessert",Null,Null,Null,Null,Null,Null,Null,JbopSXzZIy7id23GJsO9pA
No,No,Null,Null,Null,Null,Null,Null,Null,Null,Null,wwgH65yjLssksjz8ASU3QA
Null,Null,Null,Null,Null,Null,Null,Null,Null,Null,Null,D1BrHyiZON7u_ef-qt4_Uw
Null,Null,Null,Null,Null,Null,Null,Null,Null,Null,Null,KhYA1VGwy1naIiIAvPfolw
Null,Null,Null,Null,Null,Null,Null,Null,Null,Null,Null,gpflXHwzORmGqJNgkKtkEA
No,No,Null,Null,Null,Null,Null,Null,Null,Null,No,S6V63OzrCaj22BQJeKBDCw
Null,Null,Null,Null,Null,Null,Null,Null,Null,Null,Null,1mkBh9tt9BnN6bGKsPGLGQ
No,Null,Yes,Null,Null,Null,Yes,Null,Null,Null,Null,xBWTtwUd3tFCX5vobs2p7A
No,No,Null,"Lunch, Dinner",Null,Null,Null,Yes,Yes,Null,Yes,Os1n1_idfw9vv9kwULGJnQ
Null,Null,Null,Null,Null,Null,No,Null,Null,Null,Null,o4GOd5mOs0AwvHgKb9o-Dw
Null,Null,Null,Null,Null,Null,Null,Null,Null,Null,Null,RUJfBZJuYEGgKYRW6mIzCQ
Null,Null,Null,Null,Null,Null,Null,Null,Null,Null,Null,XvXPivT5QJDTfTY2A5AHzg
Null,Null,Null,Null,Null,Null,Null,Null,Null,Null,Null,r7UZDbth0NtbZDJKq1-JyQ
Null,Null,Null,Null,Null,Null,Null,Null,Null,Null,Null,4vwhK3Uxlp2gBtQuP78NOA
Null,Null,Null,Null,Null,Null,Null,Null,Null,Null,Null,TkrydveE1Laf_LHoKFALNw
Null,Null,Null,Null,Null,Null,Null,Null,Null,Null,Null,xwoM2Zc38DFKv3-8dCU8Pw
No,Null,Null,Dinner,Null,Null,Null,Yes,Yes,Null,Yes,PSRZaGGxXmOmabL2si8pKw
No,Yes,Null,Null,Null,Null,Null,Null,Null,Null,Null,jb_QTeYTSS642UafKRFs2Q
Null,Null,Null,Null,Null,Null,Null,Null,Null,Null,Null,AxeQEz3-s9_1TyIo-G7UQw
Null,Null,Null,Null,Null,Null,Null,Null,Null,Null,Null,1dFh7yxHwFzjscCQgDYv1g
No,Null,Yes,"Lunch, Dinner, Dessert",Null,Null,Null,Null,Null,Null,Yes,KBKE7XTLLe2uUqmzuYUyHQ
Null,Null,Null,Null,Null,Null,Null,Null,Null,Null,Null,w4QcDDG4mYyCg48BYE_Frg
Null,Null,Null,Null,Null,Null,Null,Null,Null,Null,Null,pXWgt_1E3ZNvnmKrAsqzSg
No,Null,Null,"Lunch, Dinner",Null,Null,Null,Yes,Yes,Null,Yes,kosTPb88O4Q0XGbVbEOGCA
No,No,Null,"Lunch, Dinner",Null,Null,Null,Null,Null,Null,Null,8OaXvfag7E7oznV4rVb7vg
Null,Null,Null,Null,Null,Null,Null,Null,Null,Null,Null,nOkSC1GtMUJ_I70sb0SaeQ
No,No,Null,"Lunch, Dinner",Null,Null,Null,Null,Null,Null,Yes,9ehTNgvu0vZgHjWkQqF6KQ
Null,Null,Null,"Lunch, Dinner, Late Night",Null,Null,Null,Null,Null,Null,No,cFmranpzNq60YuAJDwCWVQ
No,No,Null,Null,Null,Null,Null,Null,Yes,Null,Null,n_K2xa_nqzUqaUJa0S_5tQ
No,Null,Yes,"Lunch, Dinner",Null,Null,Null,Null,Null,Null,Null,pCVQq3jzfrT2CNHAIMMy0g
Null,Null,Null,Lunch,Null,Null,Null,Null,Null,Null,Null,Pg08gKwJApGWoHtnq3aWqw
No,No,Null,"Lunch, Dinner",Null,Null,Null,Null,Null,Null,Yes,1ZnVfS-qP19upP_fwOhZsA
Yes,No,Null,"Breakfast, Brunch, Lunch, Dessert",Null,Null,Null,Null,Null,Null,Yes,OYHpqY6-3C-wXR-uPbHhwA
Null,Null,Null,Null,Null,Null,Null,Null,Null,Null,Null,ye62ltisuIosDq5F_6V25w
Null,Null,Null,Null,Null,Null,Null,Null,Null,Null,Null,VA0GbpAN0qpa3bdHJ2a2iA
Null,Null,Null,"Dinner, Late Night",Null,Null,Null,Null,Null,Null,Null,i53HvxUdQEMllZ1XmpjjyA
No,Null,Null,Lunch,Null,Null,Null,Null,Null,Null,No,KJ6DuC0Jve9hAtzM2SGNOQ
Null,Null,Null,Null,Null,Null,Null,Null,Null,Null,Null,tP4bAKEDz8aigXVisQYzog
Null,Null,Null,"Lunch, Dessert",Yes,Null,Null,Null,Null,Null,No,yLiaMaJFq03JxXPk4puloQ
Null,Null,Null,"Breakfast, Brunch, Lunch, Late Night, Dessert",Null,Null,Null,Null,Null,Null,Null,YrHVGQ8_Dcs5xCe78CvGmA
No,No,Null,"Lunch, Dinner, Dessert",Null,Null,Null,Null,Null,Null,Yes,fpM-O9Ul62xizBq9YNO_tQ
Yes,No,Yes,"Breakfast, Brunch, Lunch",Yes,Null,Null,Yes,Yes,Null,Null,UMqfeCItzQ2glr4d9apGlA
Null,Null,Null,Null,Null,Null,Null,Null,Null,Null,Null,IcnJlauqhHfelo_qp9uKuw
No,Yes,Null,Dinner,Null,Null,Null,Null,Null,Null,Null,_kdpjoGrIzA64E6aXHA66w
No,No,Null,"Breakfast, Lunch, Dinner, Late Night",Null,Null,Null,Null,Null,Null,Null,tpCALADHTuBaCJNgAluj2w
No,Null,Null,"Lunch, Dinner, Late Night",Null,Null,Null,Null,Null,Null,No,suQugTjSMYMIrK5fAabC_Q
No,Null,Yes,"Lunch, Dinner",Null,Null,Null,Yes,Yes,Null,Yes,9qcTpWYxrZrN13p1zAP6dA
No,Yes,Null,"Lunch, Dinner",Null,Null,Null,Null,Yes,Yes,Yes,uW6UHfONAmm8QttPkbMewQ
No,Null,Yes,"Lunch, Dinner",Null,Null,Null,Null,Null,Null,Yes,t6ZIBNrQjvtwor8W-u3sUg
Yes,Null,Null,Null,Null,Null,Null,Null,Null,Null,Null,16NS8EICI94IGdn-S0yxkw
Yes,Null,Null,Null,Null,Null,Null,Null,Null,Null,Null,16NS8EICI94IGdn-S0yxkw
Null,Null,Null,Null,Null,Null,Null,Null,Null,Null,Null,pdgzBiQBs8HGUBJzXe9j6w
Null,Null,Null,Null,Null,Null,Null,Null,Null,Null,Null,T67VqyRbY8zF3C4KZNQnyg
No,No,Null,"Lunch, Dinner",Null,Null,Null,Null,Yes,Null,Null,7sPNbCx7vGAaH7SbNPZ6oA
No,Null,Yes,"Breakfast, Lunch",Null,Null,Null,Null,Null,Null,No,bAdwf-n52f46-ZjlfJ1Hwg
No,Yes,Null,"Lunch, Dinner",Null,Null,Null,Yes,Yes,Null,Yes,FykLjv4tIq618q8F2pvTKg
No,Yes,Null,Lunch,Null,Null,Null,Null,Null,Null,No,6uV3KMOo8YQofuNUs4D9pA
No,No,Null,Null,Null,Null,Null,Null,Null,Null,Null,6Zogn4PXnK-ODBiRy5iz7Q
No,Null,Yes,"Breakfast, Lunch, Dinner, Late Night",Null,Null,Null,Null,Null,Null,Null,H2Chxto2e6dHTDJ8-s3-pQ
No,Null,Null,"Breakfast, Lunch, Dinner",Null,Null,Null,Null,Null,Null,No,VFcx35QDd_kZgLT4UDV8xg
Null,Null,Null,Null,Null,Null,Null,Null,Null,Null,Null,r8WvwxtzK2QAMAciMANz6w
No,No,Null,"Lunch, Dinner",Null,Null,Null,Null,Null,Null,Yes,FqXwm6UpihHY7Ha-pr4y6Q
No,Null,Null,Null,Null,Null,Null,Null,Null,Null,Null,NUqNfkbCIPL42JAZVrr3QQ
No,Yes,Null,"Lunch, Dinner",Null,Null,Null,Yes,Yes,Null,Yes,agGJSdMTRrkA6VrYMbC-SQ
No,Yes,Null,"Lunch, Dinner",Null,Null,Null,Yes,Yes,Null,Yes,w7_1xM_WNf8nh2w-tzfAyQ
Null,Null,Null,Null,Null,Null,Null,Null,Null,Null,Null,rquarcYSOS9PIstXZAP_kA
Null,Null,Null,Null,Null,Null,Null,Null,Null,Null,Null,v5TTbYOaj4KewOtxQk48Jg
Null,Null,Null,Lunch,Null,Null,Null,Null,Null,Null,Null,DJXZrIi4k1Iyd1mQRwxIMg
No,Null,Null,"Breakfast, Brunch, Lunch",Null,Null,Null,Null,Null,Null,Null,H7liERB1ZJbaIDVcuK16oA
No,Null,Null,"Lunch, Dinner",Null,Null,Null,Null,Null,Null,No,9tLCuUmw3Tlco-tKPGkIWQ
No,No,Null,"Breakfast, Lunch, Dinner, Late Night",Null,Null,Null,Null,Null,Null,Yes,a3jFGgoWbPkPGENEafiXwg
Yes,No,Null,"Lunch, Dinner",Null,Null,Null,Null,Null,Yes,Null,AL5YzikrmxwcBzBNLGO7Jw
Null,Null,Null,Null,Null,Null,Null,Null,Null,Null,Null,nRNWaEuPtfcyR8pI-LnASA
No,No,Null,"Lunch, Dinner",Null,Null,Null,Null,Null,Null,Null,y7Js-07RF8d3N_AEtaw2VQ
No,No,Yes,"Lunch, Dinner",Null,Null,Null,Null,Null,Null,Null,CVt6kBVBABSq-NA_FZfrVw
