business_id,zip_code,violations,current_demerits,inspection_demerits,inspection_grade,rating,review_count,alcohol,ambience,byob_corkage,best_nights,bike_parking,business_accepts_bitcoin,business_accepts_creditcards,business_parking,caters,coat_check,corkage,dogs_allowed,drive_thru,good_for_dancing,good_for_kids,good_for_meal,happy_hour,has_tv,music,noise_level,open_24_hours,outdoor_seating,restaurants_attire,restaurants_delivery,restaurants_good_for_groups,restaurants_price_range2,restaurants_reservations,restaurants_table_service,restaurants_takeout,smoking,wheelchair_accessible,wifi,accepts_apple_pay,accepts_google_pay,good_for,has_pool_table,waiter_service
wtcMoqKiaxkFPZj0BC9jlw,89183,7,14,13,A,4.0,54,0,1,0,3,1,0,1,1,1,0,0,0,0,1,1,2,1,1,1,0,0,0,0,1,1,2,0,1,1,1,1,0,0,0,1,1,-1
kJ_Rke1dt9zpbJp9lX6sXw,89104,86,139,191,A,2.5,118,0,1,0,3,1,0,1,1,0,0,0,0,0,0,1,3,1,0,0,1,0,0,0,0,1,2,0,1,1,1,1,0,1,0,3,1,-1
6bgjcFOy4WHMyw62_1V9Pw,89148,53,86,115,A,3.5,210,0,1,1,3,1,0,1,1,1,0,0,0,0,0,1,2,1,0,1,1,0,1,0,0,1,1,0,0,1,1,1,1,1,1,2,-1,0
4L3VJwVqUareUUIGPE2zcw,89103,9,20,20,B,3.5,103,0,1,0,3,1,0,1,1,1,0,0,0,0,1,1,2,1,1,1,1,0,0,0,1,1,2,1,1,1,1,1,1,0,0,2,0,-1
aEswvENK_RJnPbcJPSvAjA,89119,32,60,69,A,4.0,98,2,1,1,3,1,0,1,1,1,0,0,0,0,0,1,3,1,1,1,1,0,0,0,0,1,1,0,0,1,1,1,0,0,0,3,1,-1
9M0cQtHWkLNhGxPYt1qakA,89142,7,15,22,A,4.0,6,0,0,0,3,1,0,1,0,1,0,0,0,0,1,1,0,1,1,1,0,0,0,0,0,1,1,0,0,1,1,1,0,0,0,1,1,-1
BTPirhxv1swkOXzng3B-kA,89103,1,0,0,A,5.0,15,1,0,0,3,1,0,1,0,1,0,0,0,0,1,1,0,1,1,0,1,0,0,0,0,1,1,1,0,1,1,1,1,0,0,1,1,-1
bpHeCdmCRFAUZqXT2TMdig,89101,17,18,45,A,3.5,59,1,2,0,3,1,0,1,1,0,0,0,0,0,1,1,1,0,0,1,1,0,0,0,0,1,2,0,1,1,1,1,0,0,0,2,-1,1
ten1jIj2JOoQMrl1yCmxFg,89121,36,24,130,B,2.0,7,0,0,0,3,1,0,1,1,1,0,0,0,1,0,1,1,1,0,0,0,0,0,0,1,1,1,0,1,1,1,1,0,0,0,1,1,-1
oUso4QWH1OAXboD8IMjpFQ,89106,23,50,58,A,4.0,13,0,0,0,3,1,0,1,1,1,0,0,0,0,0,1,0,1,1,1,1,0,1,0,0,1,1,0,0,1,1,1,0,0,0,1,1,-1
Q-dVQgyof9paXKJLwFsn3Q,89130,63,96,109,A,2.5,68,0,1,0,3,0,0,1,1,1,0,0,0,0,0,1,0,1,0,0,1,0,0,0,0,1,1,0,0,1,1,0,1,0,0,3,1,-1
Qc0l8rZ3nvrcERitgxu8XA,89102,55,92,139,B,4.5,1096,0,1,1,3,1,0,1,1,0,0,0,0,0,0,1,3,1,0,1,1,0,0,0,0,1,2,0,1,1,1,1,0,0,0,3,-1,1
iWox6NQVA76eH61toMhxfA,89119,16,0,29,A,3.0,94,0,1,0,3,1,0,1,1,1,0,0,0,0,1,1,1,1,0,1,1,0,1,0,0,1,1,0,0,1,1,1,0,0,0,2,0,-1
p9WVPQVhVzbBh_KEWJ21Ug,89119,32,36,79,B,3.0,4,0,0,0,3,1,0,1,0,0,0,0,0,1,0,1,0,1,1,0,0,0,0,0,0,1,1,0,0,1,1,1,0,0,0,1,1,-1
ujBk7cdEvo5FkD1e0Gzq1Q,89129,128,108,212,A,2.5,51,0,0,0,3,1,0,1,1,1,0,0,0,0,0,1,1,1,0,0,1,0,0,0,1,1,2,0,1,1,1,1,0,0,0,2,1,-1
XkvvUNCmLIvOts0OftXegw,89147,38,39,86,A,3.5,360,0,1,1,3,1,0,1,1,0,0,0,0,0,0,1,2,0,0,1,1,0,0,0,0,1,2,1,1,1,1,1,0,0,0,2,-1,1
rLYDibyzkA4Dlreqf6YEQA,89121,1,1,1,A,5.0,28,0,1,0,3,1,0,1,1,1,0,0,0,0,1,1,0,1,1,1,1,0,0,0,1,1,2,0,0,1,1,1,0,0,0,1,1,-1
0rk2_lmbfpiYXGBFmyxx9Q,89146,113,132,274,B,3.5,39,2,0,0,3,1,0,1,1,0,0,0,0,0,0,1,1,1,1,0,1,0,0,0,0,1,2,1,1,1,1,1,0,0,0,1,1,-1
B-4jb44K_qPdQUB_69gZGQ,89110,21,80,53,B,4.5,5,2,0,0,1,1,0,0,1,1,0,0,0,0,0,1,0,1,1,1,0,0,0,0,0,1,1,0,0,1,1,1,0,0,0,1,1,-1
Yn-8zix5_blucvZo3G8kPw,89183,55,114,125,A,3.5,200,1,1,1,3,1,0,1,1,0,0,0,0,0,0,1,3,1,1,1,1,0,1,0,0,1,1,0,1,1,1,1,1,0,0,3,0,-1
THadh2gExZ0AxzcLJbJf9g,89183,55,114,125,A,3.5,24,2,1,0,3,1,0,1,1,0,0,0,0,0,1,1,1,1,0,0,1,0,1,0,0,1,1,0,1,1,1,1,1,0,0,3,1,-1
0xtBEP5zCu1153SoqqemLw,89120,101,120,233,B,4.5,143,0,1,0,3,0,0,1,1,1,0,0,0,0,0,1,1,1,1,0,0,0,0,0,1,1,1,1,1,1,1,1,0,0,0,1,-1,1
Z411-jn51XGq7Xym7oWkwQ,89118,28,56,52,A,3.5,11,0,1,0,3,1,0,1,1,1,0,0,0,0,0,1,1,1,1,1,1,0,1,0,1,1,1,0,0,1,1,1,1,0,0,1,1,-1
EIeU3coTP9V2qcmHhr60Yw,89118,28,56,52,A,3.5,35,0,1,0,3,1,0,1,1,1,0,0,0,0,0,1,1,1,1,1,0,0,1,0,1,1,1,0,0,1,1,1,0,0,0,1,-1,0
vwfdoACBrXFTMA066gKEcQ,89131,36,78,75,A,3.0,26,2,1,0,3,1,0,1,1,1,0,0,0,0,0,1,0,1,1,1,1,0,0,0,0,1,2,0,0,1,1,1,0,0,0,1,1,-1
VrGI7_nRjXpn0415S3coGQ,89103,161,74,333,B,4.0,696,0,1,1,3,1,0,1,0,0,0,0,0,0,0,1,2,1,1,1,1,0,0,0,1,1,1,0,1,1,1,1,0,0,0,2,-1,1
8shxmij5d2IjGLI_1riVUw,89139,34,33,75,A,2.0,15,0,0,0,3,1,0,1,0,0,0,0,0,0,0,1,0,1,1,1,1,0,0,0,0,1,1,0,0,1,1,1,0,0,0,1,1,-1
Q91cYZDYdoUB6WeVB6U6Dg,89139,34,33,75,A,4.0,16,0,0,0,3,1,0,1,0,1,0,0,0,0,0,1,0,1,1,1,1,0,0,0,0,1,2,0,0,1,1,1,0,0,0,1,1,-1
gg1Qw0HhF47DCRth8jUY0A,89139,34,33,75,A,3.0,34,0,0,0,3,1,0,1,0,0,0,0,0,0,0,1,0,1,1,1,1,0,0,0,0,1,1,0,0,1,1,1,1,1,0,1,1,-1
rbFN_V-vzHLSX0XOLrMkIw,89139,34,33,75,A,4.0,25,0,0,0,3,0,0,1,2,0,0,0,0,0,0,1,0,1,1,1,1,0,0,0,0,1,1,0,0,1,1,1,1,0,1,1,1,-1
9virZ-ORrLHsv0p8EORxeg,89141,3,8,8,A,2.5,30,0,0,0,3,1,0,1,0,1,0,0,0,1,1,1,0,1,0,1,1,0,0,0,0,0,1,0,0,1,1,1,0,0,0,1,1,-1
hxvrzLFpNQQFKEMNSO6FlQ,89101,19,0,41,A,3.0,39,2,2,0,3,0,0,1,2,1,0,0,0,0,1,1,1,1,1,1,3,0,1,0,0,1,2,0,0,1,1,1,0,0,0,1,1,-1
yrRzB4EZb15shCOt7axnzA,89119,10,18,19,A,3.0,31,0,0,0,3,1,0,1,0,1,0,0,0,0,1,1,1,1,1,1,1,0,0,0,0,1,2,1,0,1,1,1,0,0,0,1,1,-1
T5UBAJt5Kod_wQGbH6m9hA,89101,108,143,305,B,4.5,157,2,1,0,3,0,0,1,1,0,0,0,0,0,0,1,2,1,1,0,1,0,0,0,0,1,2,0,1,1,1,1,0,0,0,2,1,-1
XdhJ7PjfMjBmZwvKikWlkA,89117,20,57,43,A,3.5,47,0,1,0,3,1,0,1,1,1,0,0,0,0,0,1,3,1,1,1,0,0,0,0,1,1,1,1,1,1,1,1,1,0,0,3,-1,1
Yu_WYzA4zIlCxAWqpDJchw,89149,20,81,45,A,4.0,91,0,1,1,3,1,0,1,1,0,0,0,0,0,0,1,2,1,1,1,1,0,0,0,0,1,1,0,0,1,1,1,0,0,0,2,1,-1
QAXFkN4iDiC1HUrkOiAAKA,89147,26,18,58,B,1.5,6,0,0,0,3,1,0,1,0,1,0,0,0,0,0,1,0,1,0,1,1,0,0,0,0,1,1,0,0,1,1,1,0,0,0,1,1,-1
lG759ODx7tj6wbS7rYip1g,89123,31,27,59,A,4.0,231,0,1,1,3,1,0,1,1,1,0,0,0,0,0,1,3,1,0,1,0,0,0,0,1,1,2,1,1,1,1,1,0,0,0,3,0,-1
yGCrsq0AYI8WN7goMVLHJA,89119,59,0,185,B,3.5,206,2,1,1,3,1,0,1,1,0,0,0,0,0,1,1,2,1,1,1,1,0,1,0,0,1,1,0,0,1,1,1,1,0,0,2,0,-1
rMVi-Vn_mN_X9J1ZSl1lWA,89128,81,44,180,A,3.0,35,0,1,0,3,1,0,1,1,1,0,0,0,0,0,1,2,0,0,0,0,0,1,0,0,1,1,0,0,1,1,1,0,0,0,1,1,-1
DQlLXcBYhKriBx0X4ssjvg,89103,24,0,50,A,3.0,14,2,0,0,0,0,0,1,0,1,0,0,0,0,0,1,0,0,1,1,1,0,0,0,1,1,2,0,0,1,1,1,1,0,0,1,1,-1
LXt2Aycp2ILMWQmKsjl4Wg,89117,12,21,22,A,4.0,96,0,1,0,3,1,0,1,1,1,0,0,0,0,1,1,2,1,1,1,1,0,0,0,0,1,1,0,0,1,1,1,0,1,1,2,0,-1
4YxFjoS28WzggYyDxGkKBg,89117,12,21,22,A,3.5,13,0,0,0,3,1,0,1,0,1,0,0,0,0,1,1,1,1,1,1,1,0,1,0,0,1,1,0,1,1,1,1,0,0,0,1,1,-1
VNOz_tOw_Hz3FAJeEHb_yg,89117,14,28,43,A,3.0,20,1,0,0,3,1,0,1,1,0,0,0,0,0,0,1,2,1,0,1,1,0,0,0,0,1,2,1,1,1,1,1,0,0,0,1,1,-1
CiYLq33nAyghFkUR15pP-Q,89104,76,111,178,B,4.0,1492,0,1,1,3,1,0,1,1,0,0,0,0,0,0,1,3,1,0,1,1,0,1,0,0,1,1,0,0,1,1,1,0,0,0,3,0,-1
DVfCbJhJUDWRlUfrKzaKOA,89102,145,188,276,B,2.0,532,0,1,1,3,0,0,0,1,0,0,0,0,0,0,1,2,1,0,1,1,0,0,0,0,1,2,0,1,1,1,1,0,0,0,2,0,-1
CTN5Z3fs3jFHfyma8XxzVg,89134,13,24,25,A,3.5,21,0,1,0,3,1,0,1,1,0,0,0,0,0,1,1,0,1,1,1,1,0,1,0,1,1,1,0,0,1,1,1,0,0,0,1,1,-1
EwxhzR-VghhMsRObXLMitw,89107,53,49,135,A,4.5,276,0,1,1,3,1,0,1,1,0,0,0,1,0,0,1,3,1,0,1,1,0,0,0,0,1,1,1,1,1,1,1,1,0,0,3,0,-1
h-9Kk7uTIud4_wM4RaxwrA,89117,2,3,3,A,2.5,19,0,1,0,3,1,0,1,1,0,0,0,1,0,1,1,0,1,0,1,1,0,0,0,1,1,2,0,0,1,1,1,0,0,0,1,1,-1
UVqelOc_xJwy6lfnOhiCLQ,89115,61,3,114,A,3.5,20,0,2,0,3,0,0,1,1,0,0,0,0,1,0,1,1,1,1,0,2,0,0,0,0,1,1,0,0,1,1,1,0,1,0,1,1,-1
YUE5S4ReiM4dq9qkKbDMwg,89108,27,41,57,A,3.5,199,2,1,1,3,1,0,1,1,1,0,0,0,0,0,1,3,1,1,1,1,0,1,0,0,1,2,1,1,1,1,1,0,1,0,2,0,-1
PQER4ba8Q0zqB1G2QiXamQ,89103,39,120,92,B,4.0,1031,0,1,1,3,1,0,1,1,0,0,0,0,0,0,1,3,1,0,1,1,0,0,0,0,1,2,0,1,1,1,1,0,0,0,3,0,-1
dblGQtHAzNy1ACis1m2shw,89147,115,160,243,B,3.5,155,0,1,0,3,1,0,1,1,1,0,0,0,0,0,1,2,1,0,0,0,0,0,0,1,1,1,0,0,1,1,1,0,0,0,1,-1,0
Ijdoi6pDMK3Burw3TtAOZg,89119,40,72,89,A,2.5,35,0,0,0,3,1,0,1,1,1,0,0,0,0,0,1,1,1,1,1,1,0,0,0,1,1,2,0,0,1,1,1,1,0,0,1,1,-1
eU_XJ4uNAlRoH4tNfWtz9g,89107,12,0,18,A,4.0,5,0,0,0,3,1,0,1,0,1,0,0,0,0,1,1,0,1,1,1,1,0,0,0,0,1,2,0,0,1,1,1,1,0,0,1,1,-1
ZgWjkMSzIV9fAuJJQXSUvA,89128,33,102,79,A,4.0,428,1,1,1,3,1,0,1,1,1,0,0,0,0,0,1,3,1,1,1,1,0,1,0,0,1,2,0,0,1,1,1,0,0,1,3,0,-1
YavRvjbLsvh4DYDJPAfJIA,89123,121,116,311,B,3.5,461,1,1,1,3,1,0,1,1,0,0,0,0,0,0,1,2,1,0,1,1,0,0,0,0,1,1,1,1,1,1,1,0,0,0,2,-1,1
wdLDTuAxZy2GY5NaQQ6GHQ,89122,49,75,93,A,2.5,5,2,0,0,3,1,0,1,0,1,0,0,0,0,1,1,0,1,1,0,1,0,0,0,0,1,1,0,0,1,1,1,1,1,1,1,1,-1
NkuLKJJE_KxcxKs8Kj8thQ,89146,80,55,173,B,4.0,36,1,1,0,3,1,0,1,1,1,0,0,0,0,0,1,1,1,0,0,0,0,0,0,0,1,2,1,1,1,1,1,0,0,0,1,1,-1
EkOqxlglUpw9YUdnTbbJKg,89103,58,72,121,B,3.0,31,0,1,0,3,0,0,1,1,1,0,0,0,0,1,1,1,1,0,0,1,0,1,0,1,1,2,0,0,1,1,1,1,0,0,1,1,-1
bPcqucuuClxYrIM8xWoArg,89135,21,26,35,A,4.0,461,2,1,1,3,1,0,1,1,1,0,0,1,0,0,1,2,0,1,1,1,0,1,0,0,1,2,1,1,1,0,1,1,0,0,2,0,-1
_OTl6V2oUfMMmoDWD2nXVg,89128,9,0,7,A,4.0,84,0,1,0,3,1,0,1,1,1,0,0,0,0,1,1,1,1,0,1,0,0,0,0,0,0,2,0,1,1,1,1,0,0,0,2,0,-1
_axD8DiO1to9Am8xJjtKHw,89103,32,84,63,A,3.5,70,0,1,1,3,1,0,1,1,1,0,0,0,0,0,1,3,1,0,1,1,0,1,0,0,1,1,0,1,1,1,1,1,1,0,3,1,-1
jkhEPQovg6JKPzUr43MC_g,89130,43,117,90,A,3.0,16,2,0,0,1,1,0,1,1,1,0,0,0,0,0,1,0,1,1,0,1,0,0,0,0,1,2,0,0,1,1,1,0,0,0,1,0,-1
eqRYda9F_4ziinRW-N6ixw,89117,74,36,174,A,2.5,48,0,1,0,3,1,0,1,1,1,0,0,0,1,0,1,3,1,0,0,0,0,0,0,0,0,1,0,0,1,1,1,0,0,0,3,1,-1
RhV7sraRUB3km-gF-tmDow,89117,74,36,174,A,3.0,61,0,1,0,3,1,0,1,1,0,0,0,0,0,0,1,4,1,0,0,1,0,1,0,0,1,1,0,0,1,1,1,0,0,0,4,-1,0
D74O-i-iEWo-e5BpwFMcUA,89117,74,36,174,A,3.0,74,0,1,0,3,1,0,1,0,1,0,0,0,0,0,1,5,1,0,0,1,0,0,0,0,1,1,0,0,1,1,1,0,0,0,5,-1,0
gqcJHVFCPeBRGnDf8bFzMw,89117,25,84,51,A,3.5,204,2,1,1,3,1,0,1,1,0,0,0,0,0,0,1,3,1,1,1,1,0,0,0,0,1,2,1,1,1,1,1,1,1,0,3,-1,1
j5nPiTwWEFr-VsePew7Sjg,89102,261,0,579,B,4.0,1410,2,1,1,3,1,0,1,1,0,0,0,0,0,0,1,2,1,0,1,1,0,0,0,0,1,2,1,1,1,1,1,0,0,0,2,0,-1
Wo_ZL7I3hS-eW6pJWg1V8A,89110,44,96,90,B,2.0,13,0,0,0,3,1,0,1,0,1,0,0,0,0,0,1,2,1,0,0,1,0,0,0,0,1,1,0,0,1,1,0,0,0,0,1,1,-1
1Vn_lex3LGGwuTo-xeJnww,89147,21,8,40,A,4.0,128,2,1,0,3,1,0,1,1,0,0,0,0,0,1,1,2,1,1,1,1,0,0,0,0,1,1,0,1,1,1,1,1,0,1,2,0,-1
FCP5hYaTtn6dkpmZ_NTvEw,89106,44,45,134,B,3.5,209,1,1,1,3,1,0,1,1,0,0,0,0,0,0,1,2,1,0,1,1,0,0,0,0,1,2,0,1,1,1,1,0,0,0,2,0,-1
crGdKSRKi25R2vorZ7skzg,89101,56,3,152,A,4.5,3,0,0,0,3,0,0,1,1,1,0,0,0,0,0,1,1,1,0,0,1,0,0,0,1,1,1,0,0,1,1,1,0,0,0,1,1,-1
_WfdPyh065bo59USqPi9xQ,89121,28,30,56,A,4.0,13,2,0,0,2,1,0,0,0,1,0,0,0,0,1,1,0,1,1,0,1,0,0,0,0,1,1,0,0,1,1,1,1,0,0,1,0,-1
dYZqJ2S1ND9KghLIKJg71g,89102,99,60,196,B,3.5,25,0,1,0,3,1,0,1,1,1,0,0,0,0,0,1,2,1,1,0,1,0,1,0,0,1,1,0,0,1,1,1,0,0,0,2,1,-1
QOlGFm6M_33fzGgQ5I-Kgg,89148,25,72,53,A,2.5,20,0,1,0,3,0,0,1,1,1,0,0,0,0,0,1,0,1,1,1,1,0,0,0,1,1,1,0,0,1,1,1,0,0,0,1,1,-1
HsrEbWCg8K06pUhx469uSw,89121,35,48,66,B,4.5,132,0,1,1,3,1,0,0,1,1,0,0,0,0,0,1,0,1,1,1,0,0,0,0,0,1,1,0,0,1,1,1,0,0,0,2,0,-1
6HdzmAatFoB8UDep4n9QIw,89148,37,99,80,B,3.0,98,0,1,1,3,1,0,1,1,0,0,0,0,0,0,1,5,1,0,1,1,0,0,0,0,1,2,0,1,1,1,1,1,0,0,5,1,-1
bcpCJ7q9_HXO53eaeuIZrw,89128,22,48,59,A,4.5,3,0,1,0,3,1,0,1,0,1,0,0,0,0,0,1,0,1,0,1,1,0,1,0,1,1,1,0,0,1,1,1,0,0,0,1,1,-1
Rhz38lsptoxX9IWS641LFA,89106,22,56,44,A,4.0,21,0,0,0,3,0,0,0,1,1,0,0,0,0,0,1,1,1,1,1,0,0,0,0,0,1,1,0,0,1,1,1,0,0,0,1,-1,0
Yo8NIJEtc8UEbPd38L35ow,89139,2,8,8,A,4.5,16,2,0,0,3,1,0,1,3,1,0,0,0,0,1,1,0,1,1,1,2,0,1,0,1,1,1,1,0,1,1,1,0,0,0,1,1,-1
0XEqyl_lVaJNHRKxNcjJZg,89102,102,66,235,A,4.5,493,0,1,1,3,1,0,1,1,1,0,0,0,0,0,1,3,1,0,1,1,0,1,0,1,1,1,0,1,1,1,1,1,0,0,3,0,-1
Ql_J2DSIE8QYp5rXf3721A,89147,63,78,133,A,4.0,40,1,1,0,3,1,0,1,1,1,0,0,0,0,0,1,1,1,0,0,1,0,0,0,0,1,3,1,1,1,1,1,0,0,0,1,1,-1
QqE0ECLim5hA-sV-kJiIIA,89118,25,17,53,A,3.0,227,2,0,1,3,1,0,1,3,1,1,0,0,0,1,1,2,1,1,1,2,0,1,0,0,1,2,1,1,1,1,1,0,0,0,2,0,-1
awAxthsSo0Y8KBQXJhNxvQ,89118,9,24,27,A,3.0,29,0,0,0,3,1,0,1,1,0,0,0,0,0,1,1,1,1,1,1,1,0,0,0,0,0,1,0,0,1,1,1,0,0,0,1,1,-1
Jl6_g-pZD5aQGg2y87myeQ,89120,67,129,136,A,3.5,99,0,1,1,3,0,0,1,1,1,0,0,0,0,0,1,2,1,0,0,1,0,0,0,1,1,1,0,0,1,1,1,0,0,0,2,1,-1
HW7zxZhaq01rqphUvae7cA,89103,41,74,85,A,4.5,11,2,2,0,3,0,0,1,0,1,0,0,0,0,0,1,0,1,1,0,1,0,0,0,1,1,1,0,0,1,1,1,1,0,0,1,0,-1
4VXIS8vpNzEysXZVN5xGDA,89104,147,238,354,B,4.0,55,1,1,0,3,1,0,1,1,1,0,0,0,0,0,1,1,1,1,0,1,0,0,0,0,1,2,1,1,1,1,1,0,0,0,2,1,-1
JpPlBOJg9fb4Ib_iQnnURw,89104,31,62,57,A,4.0,25,2,1,0,3,1,0,1,1,1,0,0,0,0,0,0,0,1,1,1,1,0,0,0,0,1,1,0,0,1,1,1,1,0,0,1,1,-1
9J-Vg2-uqjreSRtITaDlMg,89101,50,12,141,A,4.5,27,0,1,0,3,1,0,1,1,0,0,0,0,0,0,1,2,1,1,0,1,0,0,0,1,1,1,0,0,1,1,1,0,0,0,2,1,-1
oJujreJoOoskuA09JJ39FQ,89110,34,18,128,B,2.0,12,0,0,0,3,1,0,1,0,1,0,0,0,1,0,1,0,1,1,0,0,0,0,0,1,1,2,0,0,1,1,1,1,0,0,1,1,-1
eJECvXFIUnfcDE6PzKS2Yw,89110,34,18,128,B,1.5,21,0,0,0,3,1,0,1,1,1,0,0,0,1,0,1,1,1,0,0,2,0,0,0,0,1,1,0,0,1,1,1,1,1,0,1,1,-1
Qc-bULSBAyVh_qaKRWkF9A,89145,29,60,92,B,3.5,21,0,1,0,3,1,0,1,0,0,0,0,0,0,0,0,0,1,1,1,3,0,0,0,0,1,2,0,1,1,1,1,1,0,0,1,1,-1
O9J0XoJR16wWbSZpXs9Uwg,89103,17,18,50,A,4.0,55,2,2,0,3,1,0,1,1,1,0,0,0,0,1,1,1,1,1,1,0,0,0,0,0,1,2,0,1,0,1,0,1,0,0,3,1,-1
uwTzA758DKewtUJMe-C1fA,89121,3,7,7,A,4.0,4,0,0,0,3,1,0,1,1,0,0,0,0,0,1,1,0,1,1,1,0,0,0,0,1,1,1,1,1,1,1,1,1,0,0,1,1,-1
YIbsxjyP2jNzoH9RlxaSYA,89147,6,30,15,A,3.5,8,0,0,0,3,0,0,1,0,1,0,0,0,0,1,1,0,1,0,1,0,0,1,0,1,1,1,0,0,1,1,1,0,0,0,1,1,-1
EomaPrsFLVSe9TLRtpevwA,89128,79,8,155,A,3.5,31,0,1,0,3,1,0,1,1,0,0,0,0,0,0,1,1,1,0,0,1,0,1,0,0,1,1,0,0,1,1,1,1,0,0,1,1,-1
fHo_ycJ1OQ_H7DyctJhr6A,89119,44,62,74,A,4.0,84,2,2,1,3,1,0,1,1,0,0,0,0,0,0,0,3,1,1,1,1,0,0,0,0,1,1,0,1,1,1,1,1,0,0,3,1,-1
qsJkjQoM3Hdg6Gtqp2S9_w,89117,69,27,152,A,3.5,537,1,1,1,3,1,0,1,1,0,0,0,0,0,0,1,2,1,0,1,1,0,0,0,0,1,2,1,1,1,1,1,0,0,0,2,-1,1
q3SXDX-a-T_DMU2h2CJzcg,89103,66,90,133,A,3.0,110,0,1,1,3,0,0,1,1,0,0,0,0,0,0,1,3,1,0,0,1,0,0,0,0,1,1,0,0,1,1,1,0,0,0,3,1,-1
21sGRVR7HEs_t6PdB9tGMw,89118,72,126,131,A,3.0,214,2,1,1,3,0,0,1,1,1,0,0,0,0,0,0,3,1,1,1,1,0,0,0,1,1,2,1,1,1,1,1,0,1,0,3,0,-1
BYKdkOGUGDsuYV9XW4_RGA,89123,4,0,3,E,5.0,24,0,1,0,3,1,0,1,1,1,0,0,0,0,1,1,0,1,0,1,0,0,0,0,1,1,2,0,0,1,1,1,1,1,0,1,1,-1
mcWAIj1u1S-QDBhB7CiIdQ,89102,27,30,41,A,3.5,125,2,1,0,3,1,0,1,1,1,0,0,0,0,0,0,0,1,1,1,2,0,0,0,1,1,1,0,1,1,1,1,0,0,0,2,0,-1
JgkfjCL1NfMBC_M_hax_3Q,89104,43,83,106,A,3.5,140,0,1,1,3,1,0,1,1,1,0,0,0,0,0,1,3,1,0,1,1,0,0,0,0,1,1,0,0,1,1,1,0,1,1,3,0,-1
3m2XZFVraCiqjgLxHi5MdA,89117,6,18,19,A,4.5,323,2,1,0,3,1,0,1,1,0,0,1,0,0,0,0,1,1,0,1,1,0,0,1,0,1,3,1,1,1,1,1,0,0,0,2,0,-1
SuRxV4YkPsvyyqK57On0rQ,89102,9,9,22,A,4.0,219,0,1,1,3,1,0,1,2,1,0,0,1,0,0,1,3,1,0,1,1,0,1,0,0,0,2,1,1,1,1,1,1,0,0,3,0,-1
KTDDw1gAV4G_YoKOdQ1Ygw,89130,108,85,230,A,3.5,87,0,1,0,3,1,0,1,0,1,0,0,0,0,0,1,2,1,0,0,0,0,0,0,1,1,1,0,0,1,1,1,0,0,0,2,1,-1
LZSyWy4IHgXg6QhW2jrBlw,89102,113,138,276,B,3.0,131,2,1,0,3,1,0,1,1,1,0,0,0,0,0,1,2,1,0,0,1,0,0,0,0,1,2,1,1,1,1,0,0,1,0,2,1,-1
_8yxceldCT7oe0wJC-yDPA,89113,69,104,139,B,3.5,174,1,1,1,3,0,0,1,1,1,0,0,0,0,0,1,2,1,0,1,0,0,0,0,1,1,2,0,1,1,1,1,0,0,0,2,0,-1
0Nb4piKDUVbedlrakwEUuw,89143,34,94,88,A,3.0,43,0,1,0,3,1,0,1,1,0,0,0,0,1,0,1,2,1,0,0,1,0,0,0,0,1,1,0,0,1,1,1,0,0,0,3,1,-1
C1fyoypOblHhDzSxXTRWKg,89118,30,27,71,A,4.5,22,2,1,0,2,1,0,1,1,1,0,0,0,0,0,1,0,1,1,0,0,0,0,0,0,1,2,0,0,1,1,1,0,0,0,1,0,-1
Hg3pn4JwDD0Mm_Hxr-at2w,89109,132,117,313,B,2.5,6,1,0,0,3,1,0,1,0,0,0,0,0,0,0,1,0,1,0,0,0,0,0,0,0,1,1,0,1,0,1,1,0,0,0,2,1,-1
vX-FwyJ7eINXn_Gn6CqMFg,89115,59,63,110,A,3.0,38,0,0,0,3,0,0,1,0,1,0,0,0,0,0,1,0,1,0,0,0,0,0,0,1,1,1,1,1,1,1,1,0,0,0,1,1,-1
DO3FefiMYiPYsEl6O8W2dw,89117,8,16,16,A,4.5,84,1,1,0,3,1,0,1,1,1,0,0,0,0,1,1,2,1,1,1,1,0,1,0,1,1,2,1,0,1,1,1,1,0,0,2,0,-1
zBD6zc8YU-TA0_KJmN1tpA,89117,89,128,161,A,3.5,166,0,1,1,3,0,0,1,1,1,0,0,0,0,0,1,2,1,0,1,1,0,0,0,1,1,2,0,0,1,1,1,1,0,0,2,-1,0
tX2UUyP3WCCsfqWGQcMBkA,89115,23,75,50,B,5.0,5,2,0,0,3,1,0,0,0,1,0,0,0,0,0,1,0,1,1,1,1,0,0,0,1,1,1,0,0,1,1,1,0,0,0,1,1,-1
nQvn3VIhBqfD43Ag7QfflA,89123,20,45,38,A,2.0,16,0,0,0,3,1,0,1,0,0,0,0,0,0,0,1,0,1,0,1,0,0,0,0,0,0,1,0,0,1,1,1,0,0,0,1,1,-1
tVW7pefO8xIgWMF86oVhKQ,89118,15,39,28,B,4.0,109,0,1,0,3,1,0,1,1,1,0,0,0,0,1,1,2,1,1,1,1,0,0,0,0,1,1,1,0,1,1,1,0,0,0,2,0,-1
Fkj8vJocYilePMZv2y54WA,89123,49,83,108,A,3.5,124,0,1,1,3,1,0,1,1,1,0,0,0,0,0,1,4,1,0,1,1,0,0,0,0,1,1,0,0,1,1,1,0,0,0,4,-1,0
eBj_YyJU5jVu6tbZCkdtDA,89145,21,64,53,A,4.0,505,2,1,1,3,1,0,1,2,1,0,0,0,0,0,1,4,1,1,0,1,0,1,0,1,1,2,1,1,1,0,1,0,1,0,4,0,-1
h5qBxa_L-pIdNSOBQxTNGQ,89139,80,397,170,A,2.5,205,0,0,1,3,0,0,1,1,1,0,0,0,0,0,1,2,1,1,0,1,0,0,0,1,1,2,0,0,1,0,1,0,0,0,2,-1,0
a3vug2R5PvBCmzr6KU5RnA,89129,50,0,121,A,2.5,131,0,1,1,3,1,0,1,1,1,0,0,0,0,1,1,2,1,1,1,1,0,1,0,0,1,1,0,0,1,1,1,1,0,0,2,-1,0
UGy0QULAPPRcOUJQSiRmGQ,89129,50,0,121,A,3.0,94,0,0,1,3,1,0,1,1,0,0,0,0,0,1,1,0,1,0,1,2,0,1,0,0,1,1,0,0,1,1,1,0,0,0,2,1,-1
rI1wtjri4NhO3V-hCsMCiA,89118,93,18,264,B,3.0,15,0,0,0,3,1,0,1,0,0,0,0,0,0,0,1,0,1,1,0,0,0,0,0,1,1,1,0,1,1,1,1,1,0,0,1,1,-1
rTx5vu0zuhggAbgsx1uVtA,89101,23,9,46,A,4.0,188,2,1,1,3,0,0,1,1,0,0,0,1,0,1,1,2,1,1,1,1,0,1,0,1,1,2,0,1,1,1,1,0,0,0,2,0,-1
txeee1LquHOaroqXodi4UQ,89169,76,75,143,A,2.0,14,0,0,0,3,1,0,1,0,1,0,0,0,0,0,1,0,1,0,0,2,0,0,0,0,1,1,0,0,1,1,1,0,0,0,1,-1,0
bU9RYLrF77bxO2pSA0Ba7Q,89030,33,96,76,B,4.0,8,0,0,0,3,0,0,1,1,1,0,0,0,0,0,1,0,1,0,0,1,0,1,0,0,1,2,0,0,1,1,1,0,0,0,1,1,-1
MXC9pwIxovWUc9yu1F8OxA,89122,98,133,210,B,4.0,496,1,1,1,3,1,0,1,1,1,0,0,0,0,0,1,2,1,1,1,1,0,0,0,0,1,2,0,1,1,1,1,0,0,0,2,-1,1
x71EvWJDVKZfM-OiYDWZ6A,89141,24,30,49,A,4.0,151,0,1,1,3,1,0,1,1,0,0,0,1,0,1,1,3,1,0,1,0,0,1,0,0,1,1,0,0,1,1,1,1,1,0,3,0,-1
6H8xfhoZ2IGa3eNiY5FqLA,89146,45,71,76,A,4.5,414,1,1,1,3,0,0,1,1,0,0,0,0,0,0,1,1,1,1,1,1,0,0,0,0,1,2,1,1,1,1,1,0,0,0,1,0,-1
ydUk0peVAOgiYq1l3U5SaQ,89101,37,96,75,A,4.0,50,1,1,0,3,0,0,1,0,0,0,0,0,0,0,1,2,1,1,1,0,0,0,0,0,1,1,0,1,1,1,1,0,0,0,2,1,-1
M990h0-4g-wpJN-qlnqFAg,89102,119,0,272,B,3.0,45,0,1,0,3,0,0,1,1,1,0,0,0,0,0,1,1,1,0,0,1,0,0,0,0,1,2,1,1,1,1,1,0,0,0,1,1,-1
Ea04rGA3H-ZqY1nHLpI2FQ,89139,12,24,29,A,3.0,42,0,1,0,3,1,0,1,1,0,0,0,0,0,1,1,3,1,0,1,1,0,0,0,0,1,1,0,1,1,1,1,0,0,0,1,1,-1
ZgPnRzWjQR5NtiauGBww7g,89147,60,76,149,A,4.0,103,0,1,1,3,1,0,1,1,1,0,0,0,0,0,1,1,1,1,0,0,0,1,0,0,1,1,0,0,1,1,1,1,0,0,1,1,-1
slVkMoNTCGI2rOhMaL5u5A,89128,47,87,110,A,4.0,133,0,1,1,3,1,0,1,1,1,0,0,0,1,0,1,2,1,0,1,1,0,0,0,0,1,1,0,0,1,1,1,0,0,0,2,0,-1
4uMs5UbtIAaHhuKQlQhXEQ,89123,23,27,51,B,3.5,28,0,0,0,3,1,0,1,0,1,0,0,0,0,0,1,0,1,1,1,1,0,0,0,0,1,2,0,0,1,1,1,0,0,0,1,1,-1
vsGqvLu4OlL2GDmPWSVx_w,89146,6,27,51,B,4.5,7,0,0,0,3,1,0,1,5,1,0,0,0,0,0,1,2,1,1,1,0,0,1,0,0,1,1,0,0,1,1,1,0,0,0,1,1,-1
QIn3PuGUkinSibUn-NsljQ,89122,111,156,267,A,2.5,17,0,0,0,3,1,0,1,0,0,0,0,0,0,0,1,2,1,0,0,1,0,0,0,0,1,1,0,0,1,1,1,0,0,0,2,-1,0
5fpXjlC71y_mKORnPdX5zA,89122,111,156,267,A,2.5,48,0,1,0,3,1,0,1,0,0,0,0,0,1,0,1,3,1,0,0,1,0,0,0,0,1,1,0,0,1,1,1,0,0,0,3,-1,0
uTn8bL6sabHD2916u5mvkA,89135,20,91,38,A,3.5,34,0,1,0,3,1,0,1,1,1,0,0,0,0,0,1,2,1,1,1,1,0,0,0,0,1,1,0,0,1,1,1,0,0,0,2,-1,0
wKI0q-WkPi0N3Mk_T3frmQ,89135,20,91,38,A,3.0,22,0,1,0,3,1,0,1,1,1,0,0,0,0,0,1,1,1,0,1,2,0,0,0,0,1,1,0,0,1,1,1,0,0,0,1,-1,0
CcMi0EM4KFqa_4hVe1oN3g,89104,10,15,25,A,2.0,3,0,0,0,3,1,0,1,0,0,0,0,0,0,1,1,0,1,0,1,0,0,0,0,1,1,1,0,0,1,1,1,0,0,0,1,1,-1
9Y0dDkFEe_spzPqccq2hIw,89104,10,15,25,A,3.5,5,0,0,0,3,1,0,1,1,1,0,0,0,0,1,1,0,1,0,1,0,0,0,0,1,0,1,0,0,1,1,1,0,0,0,1,1,-1
03icrim6SfEQJlejDMbzsA,89146,54,90,125,A,4.0,108,0,1,1,3,1,0,1,1,0,0,0,0,0,0,1,2,1,1,1,1,0,0,0,0,1,1,1,1,1,1,1,1,0,1,2,0,-1
4s_kb5VXnx96fEJLZ_AkIQ,89147,22,30,39,A,3.5,25,0,1,0,3,1,0,1,0,0,0,0,0,1,0,1,3,1,1,1,1,0,0,0,0,1,1,0,0,1,1,1,1,0,0,1,-1,0
T6VKCBhHojQkCWp_IYO24w,89147,22,30,39,A,2.0,40,0,0,0,3,1,0,1,1,0,0,0,0,1,1,1,3,1,1,1,1,0,0,0,0,1,1,0,0,1,1,1,1,0,0,3,-1,0
QCe_OTC_9Vf5-oQuflQH7Q,89106,14,0,33,B,3.0,87,0,0,0,3,1,0,1,1,1,0,0,0,0,1,1,1,1,1,1,0,0,0,0,1,1,1,0,1,1,1,1,0,0,0,1,0,-1
wPxrC9l4c4IGgLVancQzgA,89117,2,4,4,A,4.0,5,1,1,0,3,1,0,1,1,1,0,0,0,0,1,1,0,1,1,1,1,0,0,0,0,1,1,0,0,1,1,1,0,0,0,1,1,-1
9wNrqTeoEepFSbFu4QLuUQ,89123,50,69,97,A,3.5,61,1,1,0,3,1,0,1,1,1,0,0,0,0,0,1,2,1,1,0,1,0,0,0,1,1,2,0,1,1,1,1,1,0,0,2,-1,1
mF5L7qVH829Ow68Lz8PMNg,89109,24,9,45,A,1.5,21,0,1,0,3,1,0,1,1,0,1,0,0,0,1,1,0,0,1,1,1,0,0,0,0,1,4,0,0,1,1,1,1,0,0,1,1,-1
3FlWR_osNPb8dcqLgHebHw,89117,42,8,109,A,3.0,252,1,1,1,3,1,0,1,1,1,0,0,0,0,0,1,3,1,0,1,1,0,1,0,0,1,2,1,1,1,1,1,0,0,1,3,-1,1
UiBRXZKRV9EpU9EpERZIFw,89103,3,20,20,A,4.0,19,0,1,0,3,1,0,1,1,1,0,0,0,0,1,1,2,1,0,1,1,0,1,0,1,1,1,0,0,1,1,1,0,0,0,1,1,-1
8L_eeOwZryvlUEO42Zq8nQ,89135,130,198,310,B,3.5,115,0,1,0,3,1,0,1,1,1,0,0,0,0,0,1,2,1,1,0,1,0,0,0,0,1,1,0,0,1,1,1,0,0,0,2,1,-1
hPtLBHnfTjIefcnwZh48jA,89014,56,108,97,A,3.5,31,2,1,0,3,1,0,1,1,1,0,0,0,0,0,1,2,1,1,0,2,0,1,0,0,1,2,1,1,1,1,1,0,0,0,1,1,-1
DX690eOaqO7CK2Qr6__rMQ,89104,106,165,333,B,4.0,9,1,0,0,3,1,0,0,0,1,0,0,0,0,0,1,0,1,1,0,1,0,0,0,0,1,2,0,0,1,1,1,1,0,0,2,1,-1
t8w-NFL8B9E2IdOqj5MQng,89118,11,32,41,A,4.0,4,0,0,0,3,1,0,1,0,1,0,0,0,0,0,1,0,1,1,1,1,0,1,0,1,1,1,0,1,1,1,1,0,0,0,1,1,-1
_7kVnn5_19ckuFPS9PCrpQ,89148,1,3,3,A,3.5,85,0,1,0,3,1,0,1,1,0,0,0,0,0,1,1,2,1,0,1,1,0,0,0,0,1,1,0,0,1,1,1,1,0,0,2,0,-1
3ZHyw0d8mk0HOEP7v4fW1A,89103,39,3,55,B,4.0,220,1,1,2,3,1,0,1,1,1,0,1,0,0,0,1,2,1,1,1,0,0,0,0,1,1,2,1,1,1,1,1,1,0,0,2,-1,1
XBIaV-NJ-OxyAd_rsiBr2A,89139,46,58,96,B,1.5,10,0,0,0,3,0,0,1,0,0,0,0,0,0,0,1,0,1,0,0,1,0,0,0,0,1,1,0,0,1,1,1,0,0,0,1,1,-1
gBy6UXTpoSHhW6qd15XU0g,89117,19,6,26,A,4.0,200,2,1,1,3,1,0,1,1,0,0,0,0,0,0,1,4,1,1,1,1,0,0,0,0,1,1,0,1,1,1,1,0,0,0,4,-1,1
qkyCuFJF2Uboh6n2Lmuwlg,89102,57,78,147,A,3.0,687,0,1,1,3,1,0,1,1,1,0,0,0,0,0,1,2,1,1,1,1,0,0,0,0,1,1,0,0,1,1,1,1,0,0,2,-1,0
izvmwI3kSYIt-a6vA4gUMw,89032,31,33,46,B,3.0,19,0,1,0,3,1,0,1,1,1,0,0,0,0,0,1,1,1,1,1,1,0,0,0,1,1,1,0,0,1,1,1,0,0,0,1,1,-1
HbN0Qx_4QnzPcVNZy9PUVA,89149,27,0,59,A,3.5,44,0,1,0,3,1,0,1,1,0,0,0,0,0,0,1,1,1,1,1,1,0,0,0,1,1,1,0,0,1,1,1,0,0,0,1,1,-1
QcdKTLeP3J5Ki-fVcPZkfA,89146,90,144,185,B,4.0,45,2,1,0,3,1,0,1,1,0,0,0,0,0,0,1,1,1,0,0,0,0,0,0,0,1,1,0,0,1,1,1,0,0,0,1,1,-1
OwL4BM7GchsxBXxWrkmmqw,89130,32,54,61,B,3.0,22,0,1,0,3,0,0,1,0,1,0,0,0,0,0,1,0,1,0,1,1,0,0,0,0,1,1,0,0,1,1,1,0,0,0,1,1,-1
24f5ie972m_bYpirVW-dZA,89117,42,54,100,C,3.5,10,1,0,0,3,1,0,1,0,0,0,0,0,0,0,1,1,1,1,0,2,0,0,0,1,1,2,0,0,1,1,1,0,0,0,1,1,-1
i5vy3X8WBjQ-F7P8HqC7KA,89104,94,84,244,B,4.5,5,0,0,0,3,1,0,1,1,1,0,0,0,0,0,1,1,1,0,0,1,0,1,0,1,1,1,0,1,1,1,1,0,0,0,2,1,-1
sUMi2q41l4AzOsmJMRY8zQ,89183,26,64,77,A,3.5,133,0,1,1,3,1,0,1,1,1,0,0,0,0,0,1,3,1,1,1,2,0,0,0,0,1,2,0,0,1,1,1,1,0,0,3,-1,0
WSGHEQdcdbBWXDpna99EiQ,89128,57,55,193,A,3.5,119,0,1,1,3,1,0,1,1,0,0,0,0,0,0,1,1,1,1,0,1,0,1,0,0,1,1,0,0,1,1,1,1,0,0,2,1,-1
wqFkAsxYPA5tcdSkYMtrrw,89146,37,94,84,B,2.5,67,0,1,1,3,1,0,1,1,0,0,0,0,0,0,1,3,1,1,1,1,0,0,0,0,1,1,0,0,1,1,1,1,0,0,3,1,-1
f5sSn5cO4t6mF_mdnzKkyA,89130,121,132,245,B,2.5,29,0,0,0,3,1,0,1,0,1,0,0,0,0,0,1,1,1,0,0,1,0,0,0,0,1,1,0,0,1,1,1,0,0,0,2,1,-1
6-lmL3sC-axuh8y1SPSiqg,89128,53,6,122,B,3.5,75,0,1,1,3,0,0,1,1,0,0,0,0,0,0,1,3,1,1,1,1,0,0,0,0,1,1,0,0,1,1,1,0,0,0,3,-1,0
D0lM6bi-sovThoQdRVGgGg,89146,3,6,6,A,3.5,3,0,0,0,3,1,0,1,1,1,0,0,0,0,1,1,0,1,1,1,1,0,0,0,0,1,1,0,0,1,1,1,0,0,0,1,1,-1
GdE5ZF7XMDyjwBVB_5qszA,89147,14,48,36,A,4.0,27,0,1,0,3,1,0,1,1,1,0,0,0,0,0,1,1,1,1,1,1,0,1,0,1,1,2,0,0,1,1,1,1,0,0,1,1,-1
2nEhcvxBZk2W4x_fi0cYxw,89110,57,70,138,A,2.5,13,0,0,0,3,1,0,1,0,0,0,0,0,1,0,1,1,1,0,0,1,0,0,0,0,1,1,0,0,1,1,1,0,0,0,1,1,-1
LA9j7bDQLkDmLspdHwL3Bg,89110,57,70,138,A,4.0,16,0,0,0,3,1,0,1,0,1,0,0,0,0,0,1,0,1,0,0,1,0,0,0,0,1,1,0,0,1,1,1,0,0,0,1,1,-1
oYWixgv1kiPV1j02TYzaPA,89102,68,120,143,B,3.0,97,0,1,1,3,1,0,1,1,1,0,0,0,0,0,1,1,1,0,0,1,0,0,0,1,1,1,0,1,1,1,1,1,0,0,2,0,-1
mVIU34pAjLCmRpftGPaH1A,89148,23,45,48,A,4.0,32,1,3,0,3,1,0,1,1,0,0,0,0,0,0,1,0,0,0,1,1,0,0,0,0,1,1,1,0,1,1,1,1,0,0,1,1,-1
3AEWSso6YdRb00SICNKn7Q,89123,1,8,8,A,4.0,33,2,1,0,3,1,0,1,1,1,0,0,0,0,1,1,0,1,1,1,1,0,0,0,0,1,1,0,0,1,1,1,0,0,0,1,1,-1
nGjqCFbLPeBJe55Mx-nIEw,89110,64,263,129,A,4.5,44,0,0,0,3,1,0,1,0,1,0,0,1,0,0,1,2,1,1,0,1,0,0,0,0,1,1,0,0,1,1,1,0,0,0,2,-1,0
ru35Z92NtGynsmw0iZDarQ,89148,82,126,166,A,3.5,141,1,1,1,3,1,0,1,1,1,0,0,0,0,0,1,2,1,1,0,1,0,0,0,0,1,1,0,1,1,1,1,0,1,0,2,0,-1
ygW1BY7co1ioTKmeWzJt-Q,89108,56,121,134,B,4.0,5,0,1,0,3,1,0,1,0,1,0,0,0,0,0,1,0,1,1,0,1,0,1,0,0,1,1,0,0,1,1,1,0,0,0,1,1,-1
RZGxU6bCoqgbi7xVB_UckQ,89108,56,121,134,B,3.0,53,0,0,0,3,1,0,1,1,0,0,0,0,0,0,1,3,1,0,0,1,0,0,0,0,1,1,0,0,1,1,1,0,0,0,3,-1,0
Qy_tDaVTWlS14fEglzo1Tg,89117,79,84,137,A,4.0,375,0,1,1,3,1,0,1,1,1,0,0,1,0,0,1,2,1,1,1,1,0,1,0,0,1,2,0,0,1,1,1,1,0,0,2,-1,0
AeOHcC1tKrogRUfKJ8OCqg,89117,20,69,37,A,3.5,40,0,1,0,3,1,0,1,1,1,0,0,0,0,0,1,2,1,0,1,1,0,0,0,0,1,1,0,0,1,1,1,1,0,0,1,1,-1
l3oWxCf7Y-X-fgAxNVR7-A,89103,32,39,72,A,2.5,8,2,0,0,2,1,0,1,1,0,0,0,0,0,0,0,0,1,1,1,1,0,0,0,0,1,1,1,0,1,1,1,1,0,1,-1,1,0
y2plF1wqtEiOdzArakENfg,89139,1,5,5,A,4.5,6,0,0,0,3,1,0,1,0,0,0,0,0,0,1,1,0,1,0,1,1,0,0,0,0,1,1,1,1,1,1,1,0,0,0,3,-1,1
gqqHdBJqOVHDMy3jAdSkmw,89117,33,60,105,B,4.0,22,2,0,0,3,1,0,1,0,1,0,0,0,0,0,1,1,1,1,0,1,0,0,0,0,1,2,0,1,1,1,1,1,0,0,1,1,-1
vWcDq3HDcN8PsoErage4jA,89178,7,12,12,A,2.5,7,0,0,0,3,1,0,1,1,1,0,0,0,0,1,1,0,1,1,1,1,0,0,0,0,1,1,0,0,1,1,1,0,0,0,1,1,-1
G8LBVca1vOBKYeMCMpajGA,89118,142,6,285,B,3.5,71,0,2,0,3,1,0,1,1,0,0,0,0,0,0,1,4,1,1,0,1,0,0,0,0,1,1,0,0,1,1,1,0,0,0,4,1,-1
YnrJNjZsLIhvldYHtkxKrA,89103,32,100,105,B,3.0,93,1,1,1,3,1,0,1,1,1,0,0,0,0,0,1,2,1,1,1,1,0,0,0,0,1,2,1,1,1,1,1,0,0,0,2,1,-1
AQKOuwrOCacAhd-jfFMABA,89104,50,50,105,A,2.5,19,1,1,0,3,1,0,1,1,1,0,0,0,0,0,1,1,1,1,0,1,0,0,0,1,1,2,0,1,1,1,1,0,0,0,1,1,-1
8pLlsYgvrC5SJL1Con8FYw,89145,7,21,21,A,3.5,26,2,0,0,3,1,0,1,1,0,0,0,0,0,1,1,1,1,1,1,1,0,1,0,0,1,2,1,1,1,1,1,1,0,0,1,1,-1
9GPTELAPPpT5vUxad9AoCw,89119,24,3,44,A,4.0,47,0,2,0,3,1,0,1,1,1,0,0,0,0,1,1,3,1,0,1,1,0,0,0,0,1,1,0,0,1,1,1,1,0,1,1,1,-1
JCiglfoF09JqfR_gn6XYcA,89129,30,72,60,A,2.5,18,0,1,0,3,1,0,1,1,0,0,0,0,0,0,1,2,1,1,1,0,0,0,0,1,1,2,0,0,1,1,1,0,0,0,1,1,-1
8eSmXnZG0N1GRsqiFeU9uA,89119,34,8,65,A,4.0,150,1,1,1,3,1,0,1,4,0,0,0,0,0,0,1,2,1,1,1,0,0,0,0,1,1,1,0,1,1,1,1,1,0,0,2,0,-1
ybHlmdUHLPKfv85bRK4Wtw,89123,18,24,30,A,4.5,1014,0,3,1,3,1,0,1,1,1,0,0,1,0,0,1,1,1,1,1,1,0,1,0,0,1,1,0,0,1,1,1,1,1,0,2,-1,0
r-KT6NlBbfxR_L3t98qiDQ,89147,39,21,76,A,4.0,14,1,1,0,3,1,0,1,1,0,0,0,0,0,0,1,0,1,0,1,1,0,0,0,0,1,1,0,0,1,1,1,0,0,0,1,1,-1
iRFaq249LVEFGeXLzPULnQ,89109,132,57,232,B,4.0,124,2,1,0,3,1,0,1,1,1,0,0,0,0,0,1,2,1,0,0,0,0,0,0,0,1,2,0,1,1,1,1,0,0,0,2,-1,1
X6TD8xLS_KMneyOGquOSVQ,89178,21,54,45,A,3.5,30,2,1,0,3,1,0,1,0,1,0,0,0,0,0,1,0,1,1,1,1,0,0,0,1,1,1,0,0,1,1,1,0,0,0,1,1,-1
64o_nYvzIKwHFOSYSEm-qw,89123,25,13,53,A,3.5,279,0,1,1,3,1,0,1,1,1,0,0,0,0,0,1,2,1,1,1,1,0,1,0,1,1,2,0,0,1,1,1,0,0,0,2,0,-1
tXqaK0lBEE1XJbzDPsdFvg,89118,25,88,64,B,3.5,253,0,1,1,3,1,0,1,1,0,0,0,0,1,0,1,4,1,0,1,1,0,1,0,0,1,1,0,0,1,1,1,1,0,1,4,0,-1
2HxaDXZmAOH6LiuzGgNdPA,89118,25,88,64,B,3.0,196,0,1,1,3,1,0,1,1,0,0,0,0,1,0,1,2,1,0,1,1,0,0,0,0,1,1,0,0,1,1,1,1,0,0,2,-1,0
5T0h9YCsXiDZyBsVIN9gcg,89128,70,88,133,A,3.5,343,0,1,1,3,1,0,1,1,0,0,0,0,0,0,1,2,1,0,1,1,0,0,0,0,1,1,0,1,1,1,1,0,0,0,2,0,-1
fDpiXePaeKqbOfoxXxUKyw,89108,34,18,119,C,2.5,13,1,1,0,3,1,0,1,0,1,0,0,0,0,0,1,0,1,1,0,0,0,0,0,1,1,2,1,1,1,1,1,0,0,0,1,1,-1
zd4UKCoCc6P1305dummwyQ,89149,6,24,18,A,3.0,43,0,1,0,3,1,0,1,1,0,0,0,0,0,1,1,2,1,0,1,0,0,0,0,0,1,2,1,1,1,1,1,0,0,0,1,1,-1
dVhGY-mNwTWQzK01Zxuclw,89103,104,160,305,B,3.5,291,1,1,1,3,1,0,1,1,0,0,0,0,0,0,1,2,1,0,1,1,0,0,0,0,1,2,0,1,1,1,1,0,0,0,2,0,-1
4k3RlMAMd46DZ_JyZU0lMg,89102,135,86,268,B,4.0,1291,1,1,1,3,0,0,1,1,0,0,0,0,0,0,1,2,1,1,1,1,0,0,0,0,1,1,0,1,1,1,1,0,0,0,2,-1,1
U_svUGP1XhMTC0_GTZXpGA,89147,24,91,30,A,4.0,220,0,1,1,3,1,0,1,1,1,0,0,0,0,0,1,2,1,1,1,1,0,1,0,0,1,2,0,1,1,1,1,0,0,0,2,0,-1
lmNpuLiA6Jtn3lL2Ec43Qw,89104,142,36,319,B,3.5,13,0,0,0,3,0,0,1,1,1,0,0,0,0,0,1,0,1,1,0,0,0,0,0,0,1,1,0,1,1,1,1,1,0,0,2,1,-1
ezuzSOrWu3KhFKTtVAMWlQ,89102,14,60,40,A,4.5,19,1,1,0,3,1,0,1,1,1,0,0,0,0,0,1,0,1,0,1,0,0,1,0,1,1,1,1,0,1,1,1,0,0,0,1,1,-1
0IbboCQAEQlROAv5PKKO_Q,89128,5,10,10,A,4.5,17,0,1,0,3,1,0,1,1,0,0,0,0,0,1,1,2,1,0,1,1,0,0,0,0,1,1,0,0,1,1,1,0,0,0,1,1,-1
oQwadWTYQWahuj9N-68yPA,89139,22,8,44,A,4.0,7,0,0,0,3,1,0,1,0,1,0,0,0,0,1,1,0,1,1,1,1,0,0,0,1,1,1,0,0,1,1,1,1,0,0,1,1,-1
MQiNywdecInMlkW06WYaCg,89134,20,0,44,A,3.5,73,2,1,0,3,1,0,1,1,1,0,0,0,0,1,1,2,1,1,1,0,0,1,0,0,1,2,1,1,1,1,1,0,0,0,1,1,-1
BthL-DpmauWs0-tDewBWug,89101,3,8,8,A,4.0,4,0,1,0,3,1,0,1,0,1,0,0,0,0,1,1,0,1,1,1,1,0,1,0,1,1,1,0,0,1,1,1,1,0,0,1,1,-1
JyxHvtj-syke7m9rbza7mA,89118,96,66,231,B,3.5,1750,1,1,1,3,1,0,1,1,0,0,0,0,0,0,1,2,1,1,1,1,0,0,0,0,1,2,0,1,1,1,1,0,0,1,2,0,-1
GxfgOFgUhv2rfr3FXVWfCg,89119,37,86,80,A,4.0,194,0,1,1,3,0,0,1,1,1,0,0,0,0,0,1,2,1,0,1,0,0,0,0,1,1,1,0,0,1,1,1,0,1,1,2,0,-1
Asy49gKgikq_NkYsC_7c0Q,89141,67,133,146,A,2.5,107,0,1,1,3,1,0,1,1,1,0,0,0,0,0,1,1,1,1,0,1,0,1,0,0,1,1,0,0,1,1,0,0,0,0,2,0,-1
fzpnaYOqBDjKnnAgFcgR8A,89108,25,57,43,A,4.5,44,2,0,0,3,1,0,1,1,1,0,0,0,0,0,0,3,1,1,0,1,0,0,0,0,1,2,0,1,1,1,1,1,0,0,3,1,-1
1nM-ES-xVqL0yQGTCwtd-Q,89145,44,30,70,A,3.5,59,1,1,0,3,1,0,1,1,1,0,0,0,0,0,1,2,1,0,1,0,0,0,0,1,1,1,1,1,1,1,1,0,0,0,2,1,-1
07gh-AImcEcWQ2bew-jprg,89102,46,14,106,B,3.5,103,1,1,1,3,0,0,1,1,0,0,0,0,0,0,1,2,1,0,1,1,0,0,0,0,1,2,1,1,0,1,1,0,0,0,2,1,-1
n0yMrpye4tLpmaTSzXRGuw,89123,14,8,41,A,3.5,10,0,1,0,3,1,0,1,1,1,0,0,0,0,1,1,1,1,1,1,1,0,0,0,1,1,2,0,0,1,1,1,1,0,0,1,1,-1
TUpyKJFqL_ySZMo54pT-Sw,89156,27,30,49,A,3.5,48,0,1,0,3,1,0,1,1,1,0,0,0,0,1,1,1,1,1,1,1,0,0,0,0,1,1,0,0,1,1,1,0,0,0,1,-1,0
yo8yB3hdqvbvj8huzXpKWQ,89103,68,84,155,A,4.5,147,0,1,1,3,1,0,1,2,1,0,0,0,0,0,1,3,1,1,1,1,0,0,0,1,1,1,0,1,1,1,1,1,0,0,3,-1,1
t4bBKVXbr8bIN9nEJIobYg,89129,69,112,164,B,4.0,315,2,1,1,3,1,0,1,1,1,0,0,0,0,0,1,1,1,1,1,0,0,0,0,0,1,2,0,1,1,1,1,0,0,0,1,0,-1
w0ArxcJ0XsyK1ZwrIf3gpA,89117,45,9,80,A,4.0,75,2,2,1,3,0,0,1,1,0,0,0,0,0,0,0,1,1,1,1,1,0,0,0,0,1,1,0,1,1,1,1,1,1,0,1,1,-1
RQu_Bv7EFf5NKMnh_3E7Ag,89147,26,0,45,A,3.5,238,2,1,1,3,1,0,1,1,0,0,0,0,0,0,0,2,1,1,1,1,0,1,0,0,1,2,1,1,1,1,1,1,0,0,2,0,-1
QteBKpZTRa2dJ3u7MLiXww,89104,93,135,256,B,4.0,262,0,1,0,3,1,0,1,2,0,0,0,0,0,0,1,2,1,1,1,1,0,1,0,0,1,1,0,0,1,1,1,0,0,0,2,0,-1
5gv6AqHXfi3gJV4fb432Vw,89103,74,68,135,B,3.5,127,0,1,1,3,1,0,1,0,0,0,0,0,0,0,1,2,1,0,1,1,0,0,0,1,1,1,0,0,1,1,1,0,0,0,2,-1,0
5TY-YMiAXgBjmP_y4AiXhg,89130,45,153,103,A,3.5,17,0,0,0,3,0,0,1,1,1,0,0,1,0,0,1,3,1,0,0,2,0,0,0,0,1,1,0,0,1,1,1,0,0,0,1,1,-1
217u7Wad7y90x4el26-TIw,89130,45,153,103,A,4.0,84,0,1,1,3,1,0,1,1,1,0,0,0,0,0,1,1,1,0,0,1,0,0,0,1,1,1,0,0,1,1,1,0,0,0,1,1,-1
6hsXF2bRmrstSmwuHwI-kw,89115,46,133,108,A,4.5,114,0,1,1,3,0,0,1,1,0,0,0,0,0,0,1,2,1,1,1,1,0,0,0,0,1,1,0,1,1,1,1,0,0,0,2,-1,1
vRFYqRz5F41ici5IOO2_pg,89113,35,0,79,A,4.5,21,0,0,0,3,0,0,1,0,1,0,0,0,0,0,1,0,1,0,1,0,0,0,0,0,0,1,0,0,1,1,1,0,0,0,1,1,-1
TSNvD7vyrknurZ8H05iyVQ,89119,7,8,51,B,2.5,14,0,0,0,3,1,0,1,1,0,0,0,0,0,1,1,0,1,0,1,1,0,0,0,0,0,2,0,0,1,1,1,0,0,0,1,1,-1
k1l25o628GYC9BrnRzv1Tw,89119,7,8,51,B,3.5,40,0,1,0,3,1,0,1,1,1,0,0,0,0,1,1,1,1,0,1,0,0,1,0,1,1,1,0,0,1,1,1,1,1,1,1,1,-1
Ub8goFppwZkOGTpfoWF4JA,89119,7,8,51,B,4.0,29,0,1,0,3,1,0,1,1,1,0,0,0,0,1,1,1,1,0,1,0,0,0,0,1,1,1,0,0,1,1,1,0,0,0,1,1,-1
c2l80imPWR8V6gIEM02XPg,89103,67,128,175,B,3.0,61,0,1,0,3,1,0,1,1,0,0,0,0,0,0,1,2,1,0,0,0,0,0,0,1,0,1,0,0,1,1,1,0,0,0,2,1,-1
BUoV8s0j22KD_PzLm8BlkA,89119,43,73,116,A,4.5,3,1,1,0,3,1,0,1,1,1,0,0,1,0,0,0,1,1,1,0,1,0,1,0,0,0,1,0,0,1,1,1,1,0,0,1,1,-1
LA9KIu-g3VaoFQsYHL2yRA,89110,56,33,130,C,3.5,11,0,0,0,3,1,0,1,0,1,0,0,0,0,0,0,0,1,0,0,0,0,0,0,0,1,1,0,1,1,1,1,0,0,0,1,1,-1
hIUKufhwR6Ifn7bi0-phLA,89113,67,47,143,A,4.5,1146,0,1,1,3,1,0,1,1,1,0,0,1,0,0,1,3,1,0,1,1,0,1,0,0,1,1,0,0,1,1,1,1,0,0,3,0,-1
bG-JFEQjr0pAcgdz7eHkZw,89128,16,24,36,A,4.5,99,0,1,0,3,1,0,1,0,0,0,0,0,0,1,1,2,1,0,1,1,0,0,0,0,1,1,0,0,1,1,1,0,0,0,2,0,-1
ROZCc1XMuAJpyhvTxotQ6w,89104,90,62,170,B,2.5,40,0,1,0,3,1,0,1,1,1,0,0,0,0,0,1,1,1,0,0,1,0,0,0,1,0,1,0,0,1,1,1,0,0,0,1,1,-1
dFmaYj3_cZpmEaL4WSOkPg,89107,85,5,195,B,3.0,88,0,0,0,3,1,0,1,0,1,0,0,0,0,0,1,4,1,0,0,0,0,0,0,1,1,2,0,1,1,1,1,0,1,0,4,1,-1
UANNbspNsQEFUay5nALZYw,89120,47,107,99,B,3.0,54,0,1,0,3,1,0,1,1,0,0,0,0,0,0,1,3,1,0,0,1,0,0,0,0,1,1,0,0,1,1,1,0,0,0,3,1,-1
eRjcli4nDHRwhByViUz9Ow,89129,72,57,166,A,3.0,141,1,1,1,3,1,0,1,1,1,0,0,0,0,0,1,2,1,1,0,1,0,1,0,1,1,2,0,1,1,1,1,1,0,0,2,-1,1
R7LyTeiOHLyTNkA8HssBRQ,89102,89,63,220,B,4.0,341,0,1,1,3,1,0,1,1,0,0,0,0,0,0,1,2,1,1,1,1,0,1,0,0,1,1,0,0,1,1,1,0,0,0,2,0,-1
Y3mYtN9A_BPiz3DHX8868A,89115,34,36,99,B,4.5,4,2,0,0,3,0,0,1,1,1,0,0,0,0,1,1,0,1,1,0,1,0,1,0,1,1,2,0,0,1,1,1,0,0,0,1,1,-1
YkAcruXbhN6sHDXn0jcySw,89147,38,0,92,A,3.5,183,0,1,1,3,1,0,1,1,1,0,0,0,0,0,1,2,1,1,1,1,0,1,0,0,1,1,0,1,1,1,1,1,0,0,3,-1,1
yie1IIw2dlfy5n6ywvHUvw,89178,23,45,47,A,3.5,108,0,1,0,3,1,0,1,1,1,0,0,0,0,1,1,2,1,0,1,1,0,1,0,1,1,1,0,0,1,1,0,0,0,0,2,0,-1
JXvLE5CRN88sccZtNeMIrQ,89106,33,101,83,A,2.5,38,0,1,0,3,1,0,1,0,1,0,0,0,1,0,1,0,1,0,0,2,0,0,0,0,0,1,0,0,1,1,1,0,0,0,1,1,-1
bUEc1ZDgfZPymHyUXEiiNg,89106,33,101,83,A,3.5,56,0,0,0,3,1,0,1,0,0,0,0,0,0,0,1,2,1,0,1,1,0,0,0,0,1,1,0,0,1,1,1,0,0,0,2,1,-1
VpFUraD3fuFY9qCcvgMntA,89121,89,0,149,B,4.0,31,0,1,0,3,1,0,1,0,0,0,0,0,0,0,1,1,1,0,0,1,0,0,0,1,1,2,0,0,1,1,1,0,0,0,1,1,-1
GClknRUsIYiT-PS0ICRzYg,89131,12,0,16,A,2.5,3,0,0,0,3,0,0,1,0,1,0,0,0,0,1,0,0,0,1,1,1,0,0,0,0,1,1,0,0,1,1,1,0,0,0,1,1,-1
MoaI-2jJCVoiSD0nCi2qdw,89121,22,36,42,A,4.0,34,0,1,0,3,0,0,1,1,1,0,0,0,0,1,1,2,1,1,1,0,0,0,0,1,1,2,0,1,1,1,1,0,0,0,1,1,-1
SgSVJWgMwFteYyz4OlHu9Q,89117,48,8,115,A,4.5,277,1,1,1,3,1,0,1,1,1,0,0,0,0,0,1,2,1,1,1,1,0,0,0,1,1,1,0,1,1,1,1,1,0,1,2,-1,1
4l1cmNrXBOLVUJR29MDp3A,89129,28,0,49,A,2.5,32,0,0,0,3,1,0,1,0,1,0,0,0,0,1,1,1,1,0,1,1,0,0,0,0,1,1,0,1,1,1,1,0,0,0,1,1,-1
YPCbxsAPYOo3kRMbhfxFzw,89129,28,0,49,A,2.5,18,0,0,0,3,0,0,1,1,1,0,0,0,0,1,1,0,1,0,1,0,0,1,0,0,1,1,0,0,1,1,1,0,0,0,1,1,-1
gloqQrObDeVaL_o3hb35PQ,89129,28,0,49,A,2.0,20,0,0,0,3,1,0,1,1,1,0,0,0,0,1,1,1,1,0,1,0,0,0,0,0,1,1,0,0,1,1,1,0,0,0,1,1,-1
AurgTYGyCItvvgFp9NQBag,89129,28,0,49,A,2.5,12,0,0,0,3,1,0,1,0,1,0,0,0,0,1,1,1,1,0,1,1,0,0,0,0,1,1,0,0,1,1,1,0,0,0,1,1,-1
P4MSmTvAVeW3is2RORWosA,89129,28,0,49,A,2.5,25,0,0,0,3,0,0,1,0,1,0,0,0,0,1,1,0,1,0,1,0,0,0,0,0,1,1,0,0,1,1,1,0,0,0,1,1,-1
47Ce56CE_NnzdmCozdMQng,89121,11,2,24,A,4.5,3,0,1,0,3,0,0,1,0,1,0,0,0,0,1,1,0,1,0,1,1,0,0,0,1,1,1,0,0,1,1,1,0,0,0,1,1,-1
ZBPwZv0QFWF9QGyR7LbIsA,89123,167,279,403,B,3.5,126,0,1,0,3,1,0,1,1,1,0,0,0,0,0,1,2,1,0,0,1,0,0,0,0,1,1,0,1,1,1,1,0,0,0,2,1,-1
tmHsUSpJX1UxroS-dGHlMg,89156,19,30,31,A,4.0,5,0,0,0,3,0,0,1,1,1,0,0,0,0,0,1,0,1,1,1,0,0,0,0,1,1,1,0,0,1,1,1,0,0,0,1,1,-1
w5LUtmw4G1KD7qAntqGd9w,89119,38,81,81,A,3.0,100,0,0,1,3,0,0,1,1,0,0,0,0,0,0,1,2,1,0,1,1,0,0,0,0,1,1,0,0,1,1,1,0,0,0,2,1,-1
zt9RLUIU32fZYOBh2L0NNQ,89123,84,126,185,B,3.5,69,1,1,0,3,1,0,1,1,1,0,0,0,0,0,1,1,1,1,0,0,0,0,0,0,1,2,1,1,1,1,1,0,0,0,2,1,-1
OFNXLfKbnsh7zV6Iu3EbyA,89103,89,12,235,B,2.5,325,0,1,1,3,1,0,1,2,1,0,0,0,0,0,1,3,1,1,1,0,0,1,0,1,1,2,1,1,1,1,1,1,0,0,3,0,-1
VmspRdKauEargr8YX1oL-Q,89118,42,3,72,A,4.5,148,2,1,1,3,1,0,1,1,1,0,0,0,0,0,1,2,1,1,1,1,0,1,0,0,1,1,1,1,1,1,1,0,0,0,2,0,-1
D1J0-sFI1ul-9l3CwjvvwA,89104,67,72,113,B,3.5,5,0,0,0,3,0,0,1,0,0,0,0,0,0,0,1,0,1,0,0,1,0,1,0,0,1,1,0,0,1,1,1,0,0,0,1,1,-1
3rj1qpgFvkRWtAka17mhEQ,89149,22,0,52,A,3.0,234,2,1,1,3,1,0,1,1,1,0,0,0,0,0,1,5,1,0,1,1,0,1,0,0,1,2,1,1,1,1,1,0,0,0,5,-1,1
DV13F0bhe55dV1AhwoO50g,89101,45,66,95,A,3.0,211,2,1,1,3,1,0,1,1,0,0,0,0,0,1,0,2,1,0,1,3,0,1,0,0,1,2,0,1,0,1,1,0,0,0,2,0,-1
1bALsE6aZE23mGV2WPxN_g,89103,27,0,57,A,4.0,129,0,1,1,3,0,0,1,1,1,0,0,0,0,1,1,2,1,0,1,1,0,0,0,1,1,1,0,0,1,1,1,0,0,0,2,0,-1
OHFH6ALQqq35NiEbD1eXuw,89103,180,198,466,B,3.5,519,1,1,2,3,0,0,1,1,0,0,1,0,0,0,1,2,1,0,1,1,0,0,0,0,1,2,1,1,1,1,1,1,0,0,2,0,-1
JsAR0hNX-5zA-CMsYW4NLQ,89102,25,48,59,A,4.5,8,0,0,0,3,1,0,1,0,1,0,0,0,0,0,1,0,1,0,1,0,0,1,0,1,1,1,0,1,1,1,1,0,0,0,1,1,-1
pRlO48w4GkWEPEYIH2tHsw,89113,10,15,19,A,3.0,65,2,1,0,3,1,0,1,1,1,0,0,0,0,1,1,3,1,1,1,1,0,1,0,0,1,2,1,1,1,1,1,0,0,0,1,1,-1
HUWLnKD5LSZY134amUO2Rg,89146,99,73,202,A,4.0,256,1,1,1,3,1,0,1,1,1,0,0,0,0,0,1,2,1,1,1,1,0,0,0,1,1,1,0,1,1,1,1,1,0,0,2,0,-1
rq5dgoksPHkJwJNQKlGQ7w,89145,41,6,94,A,4.0,832,0,2,1,3,1,0,1,1,0,0,0,0,0,0,1,2,1,1,1,1,0,1,0,0,1,1,0,0,1,1,1,1,0,0,2,-1,0
FvC3W9E6rXUYx-cTxbnUiA,89101,19,24,44,B,3.0,33,2,1,0,3,1,0,1,1,1,0,0,0,0,0,1,0,1,1,1,1,0,1,0,0,1,2,1,1,1,2,1,1,0,0,1,1,-1
87YsVbCN_kfzheY79Fzjkg,89102,33,33,72,A,4.0,209,0,1,1,3,1,0,1,1,1,0,0,0,0,0,1,2,1,1,1,1,0,1,0,1,1,2,0,1,1,1,1,1,1,1,2,0,-1
qKn9nynsVYIST8rf6tEFRQ,89147,59,0,152,A,4.0,150,0,1,1,3,1,0,1,1,1,0,0,0,0,1,1,2,1,1,1,0,0,0,0,1,1,2,0,1,1,1,1,0,1,0,2,1,-1
0w3BdEOxvwKTpypwbN5kiQ,89102,120,106,253,B,3.5,669,1,1,1,3,0,0,1,1,0,0,0,0,0,0,1,3,1,1,1,1,0,0,0,0,1,2,0,1,0,1,1,0,0,0,3,-1,1
hrNIDao4XnOhrv7aaFehTg,89148,40,51,58,A,3.5,163,0,1,1,3,1,0,1,1,1,0,0,0,0,0,1,2,1,0,1,1,0,0,0,1,0,2,0,0,1,1,1,0,1,0,2,0,-1
nV2EI2KtETq3eLUZsK3NSQ,89106,23,45,53,A,3.5,5,2,0,0,3,1,0,1,0,1,0,0,0,0,0,1,0,1,1,1,1,0,0,0,0,1,2,0,0,1,1,1,0,0,0,1,1,-1
stbX9rtRIpDF-VymOwHJ8w,89119,7,20,34,A,2.5,69,2,1,0,3,1,0,1,3,0,0,0,0,0,1,0,1,1,1,2,1,0,1,0,0,1,3,1,1,1,1,1,0,0,0,1,1,-1
Ve_qB9oxIbJfd-v7MImBlQ,89104,1,0,0,A,5.0,4,2,2,0,3,0,0,1,0,1,0,0,0,0,1,1,0,1,1,1,0,0,0,0,1,1,1,0,0,1,1,1,0,0,0,2,-1,1
OGQ_6nIn4QQL2U6t0XeHtA,89123,4,9,7,A,4.5,205,0,1,1,3,1,0,1,1,1,0,0,0,0,0,0,0,1,1,1,1,0,0,0,0,1,1,0,1,1,1,1,1,1,0,2,0,-1
iIwMJdDuExGrOqkSAyPb9A,89147,57,84,124,A,3.0,99,0,1,1,3,1,0,1,0,1,0,0,0,0,0,1,2,1,0,0,1,0,0,0,0,1,1,0,0,1,1,1,0,1,0,2,0,-1
PB7Fc2yCSjrELsrBJWKCSA,89123,2,0,1,A,4.0,19,0,0,0,3,1,0,1,0,1,0,0,0,0,1,1,1,1,0,1,0,0,1,0,0,1,1,0,0,1,1,1,1,0,0,1,1,-1
1i9T1uoG_J3aRfprALvNGQ,89135,45,47,85,A,3.0,100,0,1,1,3,1,0,1,1,0,0,0,0,0,0,1,2,1,1,1,1,0,1,0,0,1,1,0,0,1,1,1,1,1,1,2,1,-1
Oqqnw0Rz77sMDPHS_eN2aA,89117,28,40,51,A,4.0,85,0,1,0,3,1,0,1,1,1,0,0,0,0,1,1,1,1,1,1,1,0,1,0,0,1,1,0,0,1,1,1,0,1,1,1,0,-1
atVh8viqTj-sqDJ35tAYVg,89139,55,36,105,A,3.5,280,0,1,1,3,1,0,1,1,1,0,0,0,0,0,1,3,1,1,1,1,0,1,0,1,1,1,0,1,1,1,1,1,0,0,3,0,-1
0K4tCSMV6BqFxOsgZFqfVw,89103,35,108,80,B,3.5,22,0,1,0,3,0,0,1,2,0,0,0,0,0,0,1,0,1,1,0,1,0,0,0,1,0,2,0,0,1,1,1,0,0,0,1,1,-1
x_L9NCBxx4Mb4cOnnRMibw,89130,21,0,24,A,4.0,12,2,0,0,3,1,0,1,1,0,0,0,0,0,1,1,0,1,1,1,1,0,0,0,0,1,1,0,1,1,1,1,0,0,0,1,1,-1
Lt_ytMJKMQ3lpBDYaANreA,89145,52,134,129,A,3.0,42,0,1,0,3,1,0,1,0,0,0,0,0,0,0,1,1,1,0,0,1,0,0,0,0,1,1,0,0,1,1,1,0,0,0,1,1,-1
CLthP1yn32xlBswIbsLIjQ,89103,53,42,121,A,3.5,96,2,1,1,3,0,0,1,1,1,0,0,0,0,0,1,3,1,1,1,0,0,0,0,1,1,1,0,0,1,1,1,0,0,0,3,1,-1
vATbGMxLd9cZ3VY_GZAIJw,89103,42,3,68,A,3.5,10,2,0,0,3,1,0,1,1,1,0,0,0,0,0,0,0,1,1,1,1,0,0,0,0,1,1,0,0,1,1,1,1,0,0,1,1,-1
qjyOjCHG9lOkZnAa8jIQ1g,89169,51,60,89,A,4.5,86,2,1,1,3,1,0,1,1,0,0,0,0,0,0,1,2,0,1,1,1,0,0,0,0,1,1,1,0,1,1,1,1,0,0,2,1,-1
pi4FLFEOn9AhNUxiLbBeHg,89103,34,36,89,A,4.0,202,0,1,1,3,1,0,1,1,1,0,0,0,0,0,1,1,1,0,1,0,0,1,0,0,0,2,1,0,1,1,1,0,0,0,2,0,-1
Ed47ZME7NcLTZeIBUYsdog,89135,7,21,15,A,3.5,320,0,1,1,3,1,0,1,1,0,0,0,0,0,0,1,0,1,0,1,1,0,0,0,0,0,1,0,1,1,1,1,1,0,0,2,0,-1
0jriM09IvPdCLgr509vbrQ,89135,23,6,20,A,4.5,32,1,1,0,3,1,0,1,1,0,0,0,0,0,1,1,0,1,1,1,1,0,0,0,0,1,2,0,0,1,1,1,0,0,0,1,1,-1
xmeEyBVC5zN-FCX5qZviIQ,89102,83,153,192,A,3.0,71,0,1,0,3,0,0,1,0,1,0,0,0,0,0,1,2,1,0,0,0,0,1,0,1,1,1,0,0,1,1,1,0,0,0,2,1,-1
APkr8bzYE0xiePqmAqPzYg,89117,7,32,24,A,2.0,9,0,1,0,3,1,0,1,0,0,0,0,0,0,1,1,0,1,1,1,1,0,0,0,1,0,2,0,0,1,1,1,0,0,0,1,1,-1
JXWDWoW4dDGcbaU2BQq8Og,89115,54,96,120,A,4.5,26,1,1,0,3,1,0,1,1,0,0,0,0,0,0,1,1,1,1,0,1,0,0,0,0,1,2,1,1,1,1,1,0,1,0,1,1,-1
l4qomOr-2ZDOjWXSZXpzZg,89128,90,142,228,B,3.5,111,0,1,0,3,1,0,1,1,1,0,0,0,0,0,1,2,1,0,0,0,0,0,0,0,1,1,0,1,1,1,1,0,0,0,2,-1,1
4aAf2nAr86lcDHzqWSaYuQ,89122,58,117,119,A,3.5,93,0,1,1,3,0,0,1,1,1,0,0,0,0,0,1,1,1,1,0,1,0,0,0,1,0,2,0,0,1,1,0,0,0,0,3,1,-1
A0X1baHPgw9IiBRivu0G9g,89117,55,82,144,A,4.0,688,0,1,1,3,1,0,1,1,1,0,0,0,0,0,1,3,1,0,1,1,0,1,0,0,1,1,1,0,1,1,1,1,0,0,2,0,-1
M30I1NPl5JuHthxo1IXPGg,89146,103,6,256,B,3.5,503,2,1,1,3,1,0,1,1,0,0,0,0,0,0,1,2,1,1,1,1,0,0,0,0,1,1,1,1,1,1,0,0,0,1,2,-1,1
bcJmbFHVAkLFqhJbUTdbyQ,89102,30,245,94,B,4.0,342,2,1,1,3,1,0,1,1,1,0,0,0,0,0,1,0,1,1,0,1,0,0,0,0,1,1,1,1,1,0,1,1,1,0,2,0,-1
UPIYuRaZvknINOd1w8kqRQ,89146,98,60,231,B,4.0,2499,1,1,1,3,0,0,1,1,0,0,0,0,0,0,1,2,1,0,1,1,0,0,0,0,0,1,0,1,1,1,1,0,0,0,2,0,-1
ifkCEpYaSAUT3WVQNxwvXA,89122,55,99,100,A,4.5,22,1,0,0,3,0,0,0,1,1,0,0,0,0,0,1,2,1,1,0,1,0,0,0,0,1,1,0,1,1,1,1,0,0,0,2,1,-1
9iNZ2o5jt-zpdMoAOgd7_g,89115,76,132,147,A,3.5,24,0,1,0,3,1,0,1,0,1,0,0,0,0,0,1,1,1,1,0,1,0,0,0,1,1,1,0,1,1,1,1,0,0,0,1,1,-1
qRymrsLmlA34bC8PvNoujg,89149,33,0,39,A,4.0,526,1,1,1,3,1,0,1,0,1,0,0,0,0,0,1,2,1,1,1,1,0,1,0,0,1,2,1,1,1,1,1,0,0,0,2,-1,1
m51uL1LZhKYf2y_yG4NEng,89103,93,338,199,B,3.5,320,0,1,1,3,1,0,1,1,0,0,0,0,0,0,1,2,1,1,0,0,0,0,0,0,1,2,0,1,1,0,1,1,0,0,2,0,-1
rx1AEnleVRWMNz6vB-YhfQ,89145,117,128,267,B,3.5,115,0,0,0,3,1,0,1,0,1,0,0,0,0,0,1,2,1,0,0,1,0,0,0,1,1,1,0,1,1,1,1,0,0,0,2,1,-1
mmbXj7CmjGbH-wR3j6cD0w,89147,61,113,112,A,3.5,314,0,1,1,3,1,0,1,1,0,0,0,0,0,0,1,2,1,0,1,1,0,1,0,0,1,2,0,0,1,1,1,0,0,0,2,-1,0
9V9RlgqqnPFQJfF_e9Lnmw,89139,13,10,24,A,3.5,150,1,1,1,3,1,0,0,1,1,0,0,0,0,1,1,2,1,1,1,0,0,0,0,1,1,1,0,1,1,1,1,0,0,0,2,0,-1
So132GP_uy3XbGs0KNyzyw,89121,65,115,166,A,4.5,765,2,1,1,3,1,0,1,1,0,0,0,0,0,0,1,1,1,1,1,1,0,1,0,0,1,2,1,1,1,1,1,1,0,0,1,-1,1
Ufa7MJ3yDDIMFkYctnhT8Q,89130,9,40,34,A,3.0,7,0,0,0,3,1,0,1,1,1,0,0,0,0,1,1,0,1,1,1,1,0,0,0,0,1,1,0,0,1,1,1,1,0,0,1,1,-1
IeJWawvw4oAb9EjAP-W5hA,89123,5,9,11,A,4.5,16,2,1,0,3,1,0,1,1,1,0,0,0,0,1,1,0,1,0,1,3,0,1,0,0,1,1,0,0,1,1,1,1,0,0,1,1,-1
7UtqNjjd9D6oU7UcT2nxig,89117,31,33,64,B,3.5,92,0,1,0,3,1,0,1,0,1,0,0,0,0,1,1,2,1,0,1,1,0,0,0,1,1,1,0,0,1,1,0,0,0,0,2,0,-1
CVECSCW-7zDzjpIPxsew4g,89146,89,167,254,B,4.5,132,0,1,0,3,0,0,1,1,1,0,0,0,0,0,1,2,1,1,0,1,0,0,0,0,1,1,0,0,1,1,1,0,0,0,2,1,-1
N0l-6kdgRXEskiGw3ab05A,89139,43,75,110,A,3.0,70,0,1,1,3,1,0,1,1,0,0,0,0,0,0,1,2,1,0,0,2,0,0,0,0,1,2,0,1,1,1,1,0,0,0,3,1,-1
q7iF6omNtpaeBXZscLuBxQ,89130,3,6,6,A,4.0,11,1,1,0,3,1,0,1,1,0,0,0,0,0,1,1,2,1,1,1,1,0,0,0,0,1,2,0,1,1,1,1,0,0,0,1,1,-1
DzKl51tivGJMLiNsQqf38w,89123,73,128,186,A,4.0,957,1,1,1,3,1,0,1,2,1,0,0,0,0,0,1,2,1,1,1,1,0,0,0,1,1,2,1,1,1,1,1,1,0,0,2,0,-1
5eqm4pyz-egd255X7PB8Xg,89121,70,130,158,B,2.5,24,2,1,0,3,0,0,1,1,1,0,0,0,0,1,1,1,1,1,1,1,0,0,0,1,1,1,0,0,1,1,1,1,0,0,1,1,-1
1M1A-s6BbnzK3eURw01rZQ,89119,45,243,191,C,3.5,65,2,1,0,3,1,0,1,1,1,0,0,1,0,0,1,3,1,1,0,2,0,0,0,0,1,1,0,1,1,1,1,0,0,0,3,1,-1
rVi34tu0bITsoxMMT9QhUw,89131,35,91,85,A,2.5,81,0,1,1,3,1,0,1,1,1,0,0,0,0,0,1,2,1,0,1,1,0,1,0,1,1,2,0,1,1,1,1,1,0,0,3,1,-1
zKqWjDZHo-lk7_E3hHkORg,89101,50,38,114,A,4.0,212,2,1,1,3,1,0,1,1,0,0,0,0,0,0,1,2,1,0,1,3,0,0,0,1,1,2,0,1,1,1,1,0,0,0,2,0,-1
jozzH4XCEM9yQFjLAc3_zA,89117,7,0,0,A,4.5,157,0,1,1,3,1,0,1,1,0,0,0,0,0,1,1,2,1,1,1,1,0,0,0,0,1,1,0,1,0,1,1,0,1,1,2,0,-1
jgtEoeE2uoA27J_UvbE20g,89101,45,30,146,B,4.0,110,0,1,1,3,0,0,1,1,0,0,0,0,0,0,1,3,1,1,1,1,0,0,0,1,1,1,0,0,1,1,1,0,0,0,2,1,-1
YnYS1dISBoLpA_VUSjOzEQ,89108,64,171,153,A,3.0,31,0,0,0,3,1,0,1,0,1,0,0,0,0,0,1,0,1,0,0,3,0,0,0,0,1,1,0,0,1,1,1,0,0,0,1,1,-1
PJ-VbAtIOso1dqd2frQqqg,89104,58,45,122,A,4.0,88,0,1,1,3,0,0,1,1,0,0,0,0,0,0,1,2,1,1,1,1,0,0,0,0,1,1,0,0,1,1,1,0,0,0,2,1,-1
DZN44_XFktITlIUec4H69w,89183,19,15,54,A,3.0,32,0,1,0,3,0,0,1,1,0,0,0,0,0,1,1,1,1,1,1,1,0,1,0,0,1,1,0,0,1,1,1,0,0,0,1,1,-1
VFVyecs0nMFA4xizXkzvKA,89147,13,32,26,A,3.0,22,1,0,0,3,0,0,1,1,1,0,0,0,0,1,1,2,1,0,1,0,0,0,0,0,1,2,1,1,1,1,1,0,0,0,1,1,-1
JhQvfo_WfX10TG9_7VO14g,89118,14,18,38,B,3.5,62,0,0,0,3,0,0,1,1,0,0,0,0,0,1,1,2,1,1,1,1,0,0,0,1,1,1,1,1,1,1,1,1,0,0,2,1,-1
RAU2fPJ852Z241SXP-Wfew,89134,9,32,26,A,3.0,11,0,0,0,3,1,0,1,0,1,0,0,0,0,1,1,2,1,0,1,1,0,1,0,0,1,1,0,0,1,1,1,0,0,0,1,1,-1
xTlmLL2xZZ0xhZ2J16zXQQ,89178,33,27,75,A,4.0,320,0,1,1,3,1,0,1,1,1,0,0,0,0,0,1,2,1,0,1,1,0,1,0,1,1,1,0,1,1,1,1,1,1,1,2,0,-1
C1jQ5CbszJkS_cyWgaRVGQ,89117,66,62,148,A,3.5,207,1,1,1,3,1,0,1,1,0,0,0,0,0,0,1,2,1,1,1,1,0,0,0,0,1,2,1,1,1,1,1,1,0,0,2,0,-1
_cBlppMDZYXS-Bjj4l9qtw,89101,67,102,188,A,3.0,8,0,1,0,3,1,0,1,1,1,0,0,0,0,0,1,1,1,0,0,1,0,0,0,0,1,1,0,0,1,1,1,0,0,0,1,1,-1
kkiDLkFutKeJqv15yag7_w,89123,1,0,0,A,2.5,3,0,1,0,3,0,0,1,0,1,0,0,0,0,1,1,0,1,0,1,1,0,0,0,0,1,1,0,0,1,1,1,0,0,0,1,1,-1
kds044HPuEB_HzoR_EHLeQ,89123,1,0,0,A,3.5,9,2,2,0,3,0,0,1,0,0,0,0,0,0,1,0,0,1,1,1,1,0,1,0,0,1,1,1,0,1,1,1,0,0,0,1,1,-1
PEGtD36MLdfcsD2hc95Kiw,89117,26,105,70,A,2.5,82,0,0,1,3,0,0,1,0,1,0,0,0,0,0,1,2,1,1,1,0,0,1,0,1,1,2,1,1,1,1,1,1,0,0,2,1,-1
4aGIU5eD6iTsmNqKVvlLOg,89115,64,36,158,A,4.0,9,0,1,0,3,0,0,1,1,0,0,0,0,0,0,1,0,1,1,0,1,0,0,0,0,1,1,0,0,1,1,1,0,0,0,1,1,-1
xq0RhDKNNUg8t3JJUqX3fw,89115,64,36,158,A,2.0,24,0,0,0,3,1,0,1,1,1,0,0,0,1,0,1,1,1,0,0,1,0,0,0,0,1,1,0,0,1,1,1,0,0,0,1,1,-1
ppasQEo3jPkBdwdRGVd9WQ,89115,64,36,158,A,3.0,37,0,1,0,3,0,0,1,1,1,0,0,0,0,0,1,4,1,0,0,1,0,0,0,0,1,1,0,0,1,1,1,0,0,0,1,1,-1
CWNMLT-ppaUjLMmrnYDPVg,89117,11,12,25,A,4.0,96,2,2,0,3,1,0,1,1,1,0,0,0,0,1,0,1,1,1,1,1,0,1,0,0,1,3,1,1,1,1,1,0,0,0,2,0,-1
q5sa3zjAwIYMAgfPVxOdHw,89148,37,27,91,A,4.0,264,2,1,1,3,1,0,1,1,1,0,0,0,0,0,1,2,1,0,1,1,0,1,0,0,1,2,1,1,1,1,1,1,0,0,3,-1,1
zfNKdsuT7bWWN-f3v5Rj_g,89121,13,36,63,B,4.0,10,0,0,0,3,1,0,1,1,0,0,0,0,1,0,1,3,1,1,1,1,0,1,0,0,1,1,0,0,1,1,1,1,0,0,1,-1,0
ixAh9crILnJ9tM8LhWFhkw,89118,89,247,241,B,4.0,733,1,1,1,3,1,0,1,1,1,0,0,0,0,0,1,2,1,0,1,1,0,0,0,0,1,2,1,1,1,1,1,0,0,0,2,0,-1
NfM1YE-FJCToO1LB36T6lQ,89113,28,34,55,A,3.5,170,0,1,1,3,1,0,1,1,1,0,0,0,0,0,1,2,1,1,1,1,0,0,0,1,1,1,0,0,1,1,1,0,0,0,2,-1,0
ZfBKZPd2rdpW19m91YnHXw,89117,14,45,32,A,4.5,9,0,0,0,3,1,0,1,0,0,0,0,0,0,1,1,0,1,0,1,1,0,0,0,0,0,1,0,1,1,1,1,1,0,0,1,1,-1
WUHziAfNsIe73A43q5Xijg,89121,47,8,84,A,3.0,4,0,0,0,3,1,0,0,0,0,0,0,0,0,0,0,0,1,0,1,1,0,0,0,0,1,1,0,0,1,1,1,1,0,0,1,1,-1
5Lcit9Zt6TF9bmKoFMhF0g,89102,157,120,344,B,4.0,338,0,1,1,3,1,0,1,1,0,0,0,0,1,0,1,2,1,1,1,1,0,0,0,0,1,1,0,1,1,1,1,1,0,0,2,-1,1
FiEUjd-X95z0GfXCpdtQkA,89103,10,27,19,A,3.5,15,0,1,0,3,1,0,1,1,1,0,0,0,0,1,1,0,1,1,1,1,0,0,0,0,1,1,0,0,1,1,1,1,0,0,1,1,-1
nTc-Qj_-ABZrpM9YSpJ6jA,89119,61,108,121,B,3.0,119,0,1,1,3,1,0,1,1,1,0,0,0,0,0,1,4,1,0,1,1,0,0,0,0,1,1,0,0,1,1,0,0,0,0,5,0,-1
RDQpH7J6PBpVzE9pNDKcoA,89119,11,16,16,A,4.0,12,0,0,0,3,1,0,1,1,0,0,0,0,0,1,1,0,1,1,1,0,0,0,0,0,1,1,0,0,1,1,1,1,0,0,1,1,-1
JcWzvvDWh4RY04tvm1LQzA,89121,21,0,59,C,1.5,12,0,1,0,3,1,0,1,0,0,0,0,0,1,0,0,0,1,1,1,1,0,0,0,0,1,2,0,0,1,1,1,1,0,0,1,1,-1
QqrmTtv2OXWFRlqRCG4FRA,89121,21,0,59,C,2.0,21,0,1,0,3,1,0,1,0,0,0,0,0,1,0,1,1,1,0,1,3,0,0,0,0,1,1,0,0,1,1,1,1,0,0,1,-1,0
HKSyA7YZplj9i_vIdtwyzg,89121,21,0,59,C,2.5,36,0,1,0,3,1,0,1,1,1,0,0,0,1,1,1,1,1,1,1,1,0,0,0,0,1,1,0,0,1,1,1,1,0,0,1,1,-1
fg_KGtLwAw2IpXin0KdAZA,89121,21,0,59,C,2.0,6,0,0,0,3,0,0,1,0,0,0,0,0,0,0,1,0,1,0,1,3,0,0,0,0,1,1,0,0,1,1,1,0,0,0,1,-1,0
Wpt0sFHcPtV5MO9He7yMKQ,89121,21,0,59,C,2.0,23,0,0,0,3,1,0,1,0,0,0,0,0,1,0,1,0,1,0,1,3,0,0,0,0,0,1,0,0,1,1,1,1,0,0,1,1,-1
966W5oXOBW0ZWhNYy0yjcA,89146,123,146,253,A,4.0,543,1,1,1,3,1,0,1,1,1,0,0,0,0,0,1,2,1,1,1,1,0,0,0,0,1,1,1,1,1,1,1,1,0,0,2,-1,1
oe6srp_GGRncy5ODHNfW0g,89103,16,42,49,A,4.0,23,2,0,0,3,1,0,1,1,1,0,0,0,0,0,1,0,1,1,1,1,0,0,0,0,1,2,0,1,0,1,1,0,0,0,1,1,-1
9hNuOUywLPHdSbAXtQ9DhQ,89121,35,88,100,A,3.0,12,0,0,0,3,1,0,1,1,0,0,0,0,0,0,0,0,1,0,0,3,0,0,0,0,1,2,0,0,1,1,1,1,0,0,1,1,-1
opwxvFwYTppE0JgfM4FBlw,89148,36,54,79,A,3.0,35,1,1,0,3,1,0,1,1,1,0,0,0,0,0,1,2,1,1,1,0,0,0,0,1,1,1,0,1,1,1,1,0,0,0,1,1,-1
qhbUNmiGKmw343Fj7qlEsQ,89130,70,104,147,A,4.0,82,0,1,1,3,1,0,1,1,0,0,0,0,0,0,1,3,1,1,0,0,0,0,0,0,1,2,0,1,1,1,1,0,0,0,3,1,-1
e9gaoUQEws5tmQROZodZMg,89115,47,39,87,A,3.5,54,0,0,0,3,0,0,1,1,1,0,0,0,0,0,1,2,1,1,1,1,0,0,0,1,1,2,0,0,1,1,1,0,0,0,2,1,-1
HBjjGbfBvZ1FU1AaUWyJYQ,89108,85,24,211,B,4.0,12,0,0,0,3,0,0,1,0,0,0,0,0,0,0,1,0,1,1,0,1,0,0,0,0,1,2,0,1,1,1,1,0,0,0,1,1,-1
NVcQuJ01BRqVeL-GT1UhTg,89109,40,89,82,A,2.5,12,0,1,0,3,1,0,1,0,1,0,0,0,0,0,1,0,1,1,0,0,0,0,0,1,1,1,0,0,1,1,1,0,0,0,1,1,-1
0N53m33GANYeHHl-s22d4Q,89109,40,89,82,A,4.0,18,0,0,0,3,1,0,1,0,1,0,0,0,0,0,1,1,1,1,0,1,0,0,0,0,0,1,0,0,1,1,1,1,0,0,2,1,-1
GwKFPfQA5kYcVSnPBpjtzg,89128,16,36,39,A,3.0,73,2,2,0,3,1,0,1,1,1,0,0,0,0,1,0,1,1,1,1,1,0,1,0,0,1,3,1,1,1,1,1,0,0,0,2,0,-1
gOOc6MDdhw7fV0Tf30mfAQ,89106,42,47,96,B,4.5,415,0,1,1,3,1,0,1,1,1,0,0,0,0,0,1,3,1,0,1,1,0,0,0,0,0,2,0,0,1,1,1,0,0,0,3,-1,0
I5RoKagQjGYCWgY4_fK_rQ,89118,42,80,92,A,4.0,168,1,1,1,3,1,0,1,0,1,0,0,0,0,0,1,2,1,1,1,1,0,0,0,1,1,2,0,1,1,1,1,1,0,1,2,-1,1
tNonw3Vy4Ai6qRZpj2lTsA,89131,7,16,16,A,3.0,72,0,0,0,3,1,0,1,0,0,0,0,0,0,1,1,1,1,0,1,1,0,0,0,0,1,1,0,0,1,1,1,1,0,0,1,1,-1
gVc000GZA5Z4QbFIsXl5OQ,89128,31,42,77,A,4.0,9,0,1,0,3,1,0,1,1,1,0,0,0,0,0,1,0,1,0,1,0,0,1,0,0,1,1,0,0,1,1,1,0,0,0,1,1,-1
3RiFtEJ6AAvS0x_z38HChw,89119,26,45,50,A,4.0,44,0,1,0,3,1,0,1,0,1,0,0,0,0,1,1,2,1,1,1,1,0,0,0,0,1,1,0,0,1,1,1,0,0,0,2,1,-1
g9IeZKQl0TamGI8772vYAQ,89118,41,122,85,B,3.0,97,0,1,1,3,1,0,1,1,1,0,0,0,0,0,1,1,0,0,1,1,0,1,0,1,0,1,0,0,1,1,1,0,0,0,2,1,-1
BwuyBsShSQwO3_-SvW6fRA,89123,33,72,66,A,4.0,232,0,1,1,3,1,0,1,1,1,0,0,0,0,0,1,2,1,1,1,1,0,0,0,1,1,2,0,0,1,1,1,0,1,0,2,0,-1
OzcvQqt_copeLRCT2OHrfA,89119,46,107,111,B,3.5,93,0,0,1,3,1,0,1,1,0,0,0,0,0,0,1,3,1,0,1,1,0,1,0,0,1,1,0,0,1,1,1,0,0,0,3,1,-1
dPbvWt-6YVxtGkeh7f9JpQ,89123,16,0,29,A,3.5,129,0,1,1,3,1,0,1,1,1,0,0,0,0,1,1,1,1,1,1,1,0,1,0,0,1,1,0,0,1,1,1,0,1,0,1,-1,0
mwERWE8IqgcmPHg3cpCfNA,89101,36,30,96,B,3.5,24,0,1,0,3,1,0,1,1,1,0,0,0,0,0,1,1,1,0,1,0,0,0,0,1,1,1,0,1,1,1,1,0,0,0,1,1,-1
b7Y4dIggAacPum1tF3NpKg,89143,91,6,208,A,3.5,240,2,1,1,3,1,0,1,1,1,0,0,0,0,0,1,2,1,1,1,1,0,1,0,1,1,2,0,1,1,1,1,1,0,0,2,-1,1
522GgMvOvzaKCEX6BfAtvg,89110,35,68,81,A,4.0,30,1,0,0,3,1,0,1,2,1,0,0,0,0,0,1,5,1,1,1,1,0,0,0,1,1,2,1,1,1,1,1,1,0,0,5,-1,1
4cDWyZa6EqsY4XSWwLY7RA,89123,43,70,127,A,4.0,180,0,1,1,3,1,0,1,1,1,0,0,0,0,0,1,1,1,0,1,0,0,1,0,0,1,2,0,0,1,1,1,0,0,0,2,0,-1
fE0b1It8RCQ_c-w9oaKqnw,89101,24,36,43,A,4.0,122,2,1,1,3,1,0,1,2,1,0,0,0,0,1,0,2,1,0,1,1,0,0,0,1,1,2,1,0,1,1,1,0,0,0,2,0,-1
N6MzDoao6s68nAIW8vS9dQ,89147,41,118,90,B,4.5,578,0,1,1,3,1,0,1,1,1,0,0,0,0,0,1,2,1,1,1,1,0,0,0,1,1,2,1,1,1,1,1,1,1,1,2,-1,1
5o7Fx7Iot-gLKVNegLLw-w,89119,132,0,322,B,3.5,28,1,1,0,3,1,0,1,1,0,0,0,0,0,0,1,2,1,1,0,3,0,0,0,0,1,1,0,1,1,1,1,0,0,0,1,1,-1
RQnaK9dNidUbLLykykUAYA,89119,5,10,10,A,2.5,13,2,1,0,3,1,0,1,1,1,0,0,0,0,1,1,1,1,1,1,1,0,0,0,0,1,2,0,1,1,1,1,1,0,0,1,1,-1
ZDvS8DtnkYa8jY703MflEw,89119,82,0,190,B,4.0,156,2,1,1,3,1,0,1,1,0,0,0,0,0,1,1,3,1,1,1,1,0,0,0,0,1,1,0,1,1,1,1,0,0,0,3,-1,1
Tk7qCou7aYv_Z-K3a7NhhA,89103,54,14,109,A,4.0,487,1,1,1,3,1,0,1,1,1,0,0,0,0,0,1,2,1,0,1,1,0,0,0,1,1,2,1,1,1,1,1,0,0,0,2,-1,1
UNI1agsPX2k3eJSJVB91nw,89102,38,83,84,D,4.0,1617,1,1,1,3,0,0,1,1,0,0,0,0,0,0,1,2,1,1,1,1,0,0,0,0,1,2,0,1,1,1,1,0,0,0,2,-1,1
p3YqOYELqXtLyHz9T49p_w,89102,38,83,84,D,4.0,726,1,1,1,3,0,0,1,1,0,0,0,0,0,0,1,2,1,1,1,1,0,0,0,0,1,2,0,1,1,1,1,0,0,0,2,-1,1
cbgIpJwmPVI6Zf7nUIXdFw,89119,35,35,79,B,4.0,194,0,1,1,3,1,0,1,1,1,0,0,0,0,0,1,2,1,0,1,1,0,0,0,1,1,1,0,0,1,1,1,0,0,0,2,-1,0
dENns4dukYRZunxCOUzRsw,89110,28,33,53,A,3.5,3,2,1,0,3,1,0,1,1,0,0,0,0,0,1,0,0,1,1,1,1,0,1,0,0,1,1,1,0,1,1,1,1,0,0,1,1,-1
WQyGqfFKd-baBTVfZWzeTw,89123,17,0,42,A,4.5,138,1,1,1,3,1,0,1,1,0,0,0,0,0,0,1,2,1,1,1,1,0,0,0,0,1,1,0,1,1,1,1,0,0,1,2,0,-1
lOQPeguczAueJnLmDUTfGg,89103,46,60,103,B,4.0,688,2,1,1,3,1,0,1,1,1,0,0,0,0,0,1,4,1,1,1,1,0,0,0,0,1,2,1,1,1,1,1,1,0,1,4,-1,1
0QHOkwMc74T35Br83SDizA,89147,5,4,13,C,3.5,29,0,1,0,3,1,0,1,1,1,0,0,0,0,1,1,0,1,1,1,1,0,0,0,1,1,1,0,0,1,1,1,1,0,0,1,1,-1
oXozyDYGP0GhwBxVIP-NZg,89183,18,24,43,A,3.5,66,0,1,0,3,1,0,1,1,1,0,0,0,0,1,1,1,1,0,1,0,0,1,0,0,1,1,0,0,1,1,1,0,0,0,1,1,-1
pmsGwCJoMjtj-wwP78PIWQ,89156,41,80,106,A,3.5,63,0,1,0,3,1,0,1,1,1,0,0,0,0,0,1,3,1,1,0,1,0,0,0,1,1,2,1,0,1,1,1,1,0,0,3,1,-1
Nsi49BE_XsjJ0oOXwhH8hA,89109,34,33,71,A,2.0,60,0,0,0,3,1,0,1,1,0,0,0,0,0,1,1,1,1,0,1,1,0,0,0,0,1,1,0,0,1,1,1,0,0,0,1,1,-1
yHYjDPuRtLvhvMpOn5fXOQ,89147,53,36,96,A,4.5,542,1,1,1,3,1,0,1,1,0,0,0,0,0,0,1,2,1,1,1,1,0,0,0,0,1,2,1,1,1,1,1,0,0,0,2,0,-1
r8Jr-7YfkhJL2nxk9lxUNg,89147,70,156,185,A,4.0,381,2,1,1,3,1,0,1,1,1,0,0,0,0,0,1,2,1,0,1,1,0,0,0,0,1,2,1,1,1,1,1,0,0,0,2,0,-1
yBxzqKXHhvNVaFnEOd4f7Q,89102,50,96,101,A,4.0,99,0,2,1,3,1,0,1,1,1,0,0,0,0,0,1,1,1,0,1,1,0,0,0,0,1,1,0,1,1,1,1,0,0,0,2,1,-1
SaL2YDKT96zHqxlaq7mJbw,89117,31,96,84,A,4.0,96,2,1,1,3,1,0,1,1,0,0,0,0,0,0,0,3,1,1,1,1,0,0,0,0,1,2,0,1,1,1,1,1,0,0,3,1,-1
9f68hfHK6gNyHWmt9guiJw,89121,77,51,197,A,4.0,45,1,0,0,3,1,0,1,0,1,0,0,0,0,0,1,0,1,1,0,1,0,0,0,0,1,1,0,1,1,1,1,0,1,0,1,1,-1
XhgFynFD7ZT77wofWpeOag,89124,77,165,170,A,3.5,315,2,1,1,3,1,0,1,1,1,0,0,1,0,0,1,4,1,1,0,1,0,1,0,0,1,2,1,1,1,0,1,1,0,0,4,0,1
o69XnnmtOaj6a2sjOTsGeg,89121,33,81,70,A,3.5,118,0,1,1,3,1,0,1,1,1,0,0,0,0,0,1,1,1,1,1,1,0,0,0,1,1,1,0,0,1,1,0,1,0,0,1,-1,0
Zmfq3DVhHdtVChhSxzoUHw,89148,80,94,204,B,4.0,495,1,1,1,3,1,0,1,1,1,0,0,0,0,0,1,2,1,1,1,1,0,0,0,1,1,2,1,1,1,1,0,0,0,0,2,-1,1
_KCvY2g9mMgcBSrVjCS0FA,89183,7,32,17,A,4.0,58,0,1,0,3,1,0,1,1,1,0,0,0,0,1,1,1,1,1,1,1,0,0,0,1,1,1,0,0,1,1,1,0,0,0,1,1,-1
fIaDNl_mv6Oz3Ro4sil_Qw,89102,85,70,194,A,4.5,34,0,0,0,3,0,0,1,1,1,0,0,0,0,0,1,2,1,1,0,1,0,0,0,0,1,1,0,1,1,1,1,0,0,0,2,-1,1
iCovpfQtG99MSHEqXew70w,89102,11,15,33,A,4.0,33,2,1,0,3,0,0,1,1,1,0,0,0,0,1,0,0,1,1,1,2,0,1,0,0,1,1,0,0,1,1,1,0,0,0,1,1,-1
cJMgxJ_GDg0a1KEkXPVaug,89141,1,8,8,A,3.0,9,2,0,0,3,1,0,1,0,1,0,0,0,0,1,1,1,1,1,1,1,0,0,0,0,1,2,1,1,1,1,1,0,0,0,1,1,-1
FclR3tCyp3wPCZoxHXn_jQ,89118,4,18,15,A,4.0,21,0,1,0,3,1,0,1,1,1,0,0,0,0,1,1,2,1,1,1,1,0,0,0,0,1,1,1,0,1,1,1,1,0,0,1,1,-1
qsdHK1eQtXmAJNdVJxiC3w,89134,117,6,255,A,3.0,142,0,1,0,3,0,0,1,1,1,0,0,0,0,0,1,2,1,0,0,1,0,0,0,1,0,1,0,1,1,1,1,0,0,0,2,1,-1
dNjgjAoJSJsvgc5g6nQnnw,89030,91,216,226,B,3.5,56,0,1,0,3,1,0,1,0,0,0,0,0,0,0,1,2,0,0,0,1,0,0,0,0,1,1,0,0,1,1,1,0,0,0,2,-1,0
uiHyP1uOAzOPkOmnWhnW0A,89141,34,0,80,A,3.0,109,0,1,1,3,1,0,1,1,0,0,0,0,0,0,1,4,1,0,1,1,0,0,0,0,1,1,0,0,1,1,1,0,0,0,4,-1,0
Pe6MFhOa69NZIKHHjlQiNw,89147,13,40,32,A,4.5,26,0,1,0,3,1,0,1,1,1,0,0,0,0,1,1,0,1,1,1,1,0,0,0,0,1,1,0,0,1,1,1,0,0,0,1,1,-1
CR2DMfg3uP02PKT_fuygIw,89183,93,0,223,A,3.5,141,0,2,1,3,1,0,1,1,0,0,0,0,0,0,1,2,1,1,0,1,0,0,0,1,0,1,0,0,1,1,1,0,0,0,2,-1,0
V6u7__4jbEDOgWR8K6qUSw,89121,76,0,153,B,3.5,8,0,0,0,3,1,0,1,0,0,0,0,0,1,0,1,1,1,1,0,1,0,0,0,0,1,1,0,0,1,1,1,0,0,0,1,1,-1
gBQH64vIkA-kIDFGM290dw,89134,48,122,93,A,3.5,134,0,1,1,3,1,0,1,1,1,0,0,0,0,0,1,2,1,1,1,1,0,1,0,0,1,1,0,0,1,1,1,0,1,0,2,-1,0
IBSePQdC8MwoWdMmoyegnw,89108,17,66,35,A,3.0,27,2,1,0,0,0,0,1,3,0,0,0,0,0,0,1,0,1,1,0,1,0,0,0,0,1,2,0,0,1,1,1,0,0,0,1,1,-1
cHAhW7XJ2no_qzc46HpohQ,89108,17,66,35,A,3.0,7,2,0,0,3,1,0,1,3,1,1,0,0,0,0,0,0,1,1,1,1,0,0,0,0,1,2,1,0,1,1,1,1,0,0,1,1,-1
Lizf_tbfqlXJAlP8GP29QA,89103,11,40,28,A,3.0,4,0,0,0,3,1,0,1,1,1,0,0,0,0,0,1,0,0,1,1,1,0,0,0,0,1,1,0,0,1,1,1,0,0,0,1,1,-1
yRk8ezAFV59HDHsuHiiU6Q,89118,50,85,82,B,3.0,98,0,1,1,3,0,0,1,1,1,0,0,0,0,0,1,2,1,1,1,1,0,0,0,0,1,1,0,0,1,1,1,1,0,0,2,1,-1
nMaIIKEAW2cTEWbEyeFyXQ,89148,63,53,163,B,4.5,384,1,1,1,3,1,0,1,1,1,0,0,0,0,0,1,2,1,0,1,0,0,0,0,1,1,2,1,1,1,1,1,1,0,0,2,-1,1
QnTFXSKoKgwVNwkl1ANTwA,89123,7,12,14,A,4.0,4,0,0,0,3,1,0,1,0,1,0,0,0,0,1,1,0,1,0,1,1,0,0,0,1,1,1,0,0,1,1,1,0,0,0,1,1,-1
X3s0BN02lS6EigSnJaSyDw,89123,4,7,7,A,3.5,4,0,1,0,3,1,0,1,0,0,0,0,0,0,1,1,2,1,0,1,1,0,0,0,0,1,1,0,0,1,1,1,0,0,0,1,1,-1
E8JxHzlUrwio8gxV9k8a9Q,89117,7,30,19,A,3.5,41,0,1,0,3,1,0,1,1,1,0,0,0,0,1,1,2,1,1,1,0,0,0,0,1,1,1,0,1,1,1,1,0,0,0,1,1,-1
WHdmQ-zPYYTJUqaUOfNpkQ,89102,79,102,173,A,2.0,48,0,1,0,3,1,0,1,1,0,0,0,0,1,0,1,2,1,1,0,1,0,0,0,0,1,1,0,0,1,1,1,0,0,0,1,-1,0
P8uECqGqXWTwEndkh-6bQw,89102,51,102,109,A,4.0,553,2,1,1,3,1,0,1,1,1,0,0,0,0,0,0,2,1,1,1,1,0,0,0,1,1,2,0,0,1,1,1,1,0,0,2,0,-1
7NvIgf7XW55OKa5ZU7gw8Q,89115,129,54,279,B,4.0,25,0,1,0,3,0,0,1,1,0,0,0,0,0,0,1,2,1,1,0,0,0,1,0,0,1,1,0,0,1,1,1,0,0,0,2,1,-1
BeAr85oCQpeaWFJjLhRPWg,89146,54,36,101,A,4.5,3,0,1,0,3,1,0,1,1,0,0,0,0,0,0,1,0,1,0,0,1,0,0,0,0,1,1,0,0,1,1,1,0,0,0,1,1,-1
wD7Qg9eounsAtUZjlMZOuA,89106,37,0,113,B,2.0,8,0,0,0,3,1,0,1,0,1,0,0,0,0,0,1,0,1,1,0,1,0,0,0,0,1,1,0,0,1,1,1,0,0,0,1,1,-1
FiKSIDLW3rgxmOkEFYpiEw,89108,9,24,20,A,3.5,57,0,1,0,3,1,0,1,0,1,0,0,0,0,1,1,1,1,1,1,1,0,0,0,0,1,1,0,0,1,1,1,0,0,0,1,1,-1
2Y0-nrSZNsLRStyupZgM7g,89103,35,78,80,B,3.0,136,2,1,1,3,1,0,1,1,0,0,0,0,0,0,1,3,1,1,1,1,0,0,0,0,1,2,0,1,1,1,1,1,0,0,5,-1,1
3rDzxvhe5CFzeWjvLj92pw,89103,3,16,14,A,4.0,16,0,0,0,3,1,0,1,1,1,0,0,0,0,1,1,1,1,0,1,1,0,0,0,1,1,1,0,0,1,1,1,0,0,0,1,1,-1
kwLlQn95rqiqvmM4Yc2hIg,89147,36,69,76,A,3.5,143,0,1,1,3,1,0,1,0,0,0,0,0,0,0,1,3,1,0,1,1,0,1,0,0,1,1,0,0,1,1,1,0,0,0,3,-1,0
mibbKeg4gbD9O58TCjDWgQ,89147,36,69,76,A,2.5,64,0,0,0,3,1,0,1,0,0,0,0,0,0,0,1,5,1,0,1,1,0,0,0,0,1,1,0,0,1,1,1,0,0,0,5,1,-1
Tq032toLj_WQY3e7P3aQ8A,89149,96,12,194,B,3.5,75,0,1,0,3,1,0,1,0,0,0,0,0,0,0,1,6,1,0,0,1,0,1,0,0,1,2,0,1,1,1,1,0,0,0,4,1,-1
QpOAv584eb-ecG4TLEm95g,89123,48,88,117,A,3.5,146,0,1,1,3,1,0,1,1,1,0,0,0,0,0,1,2,1,0,1,1,0,0,0,1,1,1,0,1,1,1,1,0,0,0,2,0,-1
ucv_SCACwuW4wEOudO_xyg,89108,19,4,50,A,4.5,6,0,0,0,3,1,0,1,0,0,0,0,0,0,1,1,0,1,1,1,1,0,0,0,0,1,2,0,0,1,1,1,0,0,0,1,1,-1
56Ll9rqG2WxXj4X2pmlkHQ,89108,33,40,55,A,3.5,254,0,1,0,3,1,0,1,1,0,0,0,0,0,0,1,2,1,0,1,1,0,0,0,0,1,2,0,0,1,1,1,0,0,0,2,-1,0
yU34swtpTS8-SMjeLIEFcQ,89147,21,80,35,C,4.0,99,0,1,1,3,1,0,1,1,1,0,0,0,0,0,1,2,1,1,1,1,0,0,0,0,1,1,0,0,1,1,1,0,1,0,2,-1,0
6Na0jTJjX5GQY_ZJ53G02A,89123,38,75,93,A,3.5,111,0,1,1,3,1,0,1,1,1,0,0,0,0,0,1,2,1,1,1,1,0,0,0,1,1,1,0,0,1,1,1,0,0,0,2,1,-1
zCuFlGmDGFyj3ytMfmnXEw,89129,54,39,105,A,2.0,14,0,1,0,3,1,0,1,0,0,0,0,0,1,0,1,1,1,0,0,1,0,0,0,0,1,1,0,0,1,1,1,0,0,0,1,1,-1
I5TnTKHzJuLA0YLZPGCNwQ,89108,77,122,185,A,3.5,113,0,1,0,3,1,0,1,1,1,0,0,0,0,0,1,2,1,1,0,1,0,1,0,1,1,1,0,0,1,1,1,0,0,1,2,1,-1
Suy2V5n_w8uzsXTdDdtCnA,89147,28,51,68,A,4.0,108,0,1,1,3,1,0,1,1,1,0,0,0,0,0,1,2,1,1,1,1,0,0,0,1,1,2,1,1,1,1,1,0,1,1,2,0,-1
yYwTV3c9Q3S1UDdpDhjgTg,89117,59,105,92,A,3.5,121,2,1,1,3,1,0,1,0,0,0,0,0,0,0,1,2,1,1,1,1,0,0,0,0,1,1,0,1,1,1,1,1,0,0,2,1,-1
9r6ijZgxDLJFysxIohtTcQ,89103,53,63,130,B,2.5,3,0,1,0,3,1,0,1,0,1,0,0,0,0,0,1,1,1,1,0,0,0,0,0,1,1,1,0,0,1,1,1,0,0,0,1,1,-1
zMDYrtWiQjR5odg-6Gf6kQ,89101,13,21,16,A,3.5,3,0,0,0,3,1,0,1,0,1,0,0,0,0,1,1,0,1,1,1,1,0,0,0,0,1,2,0,0,1,1,1,0,0,0,1,1,-1
Ji35uFlQyOpKjMFNKwp4mw,89101,13,21,16,A,4.0,12,0,1,0,3,1,0,1,0,0,0,0,0,0,1,1,0,1,1,1,1,0,0,0,1,0,1,0,0,1,1,1,0,0,0,1,1,-1
Bv7e_e229DfXIEg_Rtf5vg,89119,26,78,69,A,3.5,12,0,1,0,3,1,0,1,1,1,0,0,0,0,0,1,0,1,1,1,1,0,1,0,0,1,1,0,0,1,1,1,0,0,0,1,1,-1
B3omTXI--0eiBC7nCv_WXg,89146,54,101,151,B,3.5,173,0,1,1,3,1,0,1,1,0,0,0,0,1,0,1,2,1,0,1,1,0,1,0,0,0,1,0,0,1,1,1,0,0,0,2,-1,0
JTknlKD6bviJZLngdpbydw,89107,60,0,146,A,3.0,9,0,0,0,3,1,0,1,0,1,0,0,0,0,0,1,0,1,0,0,2,0,0,0,1,0,1,0,0,0,1,1,0,0,0,1,1,-1
IRH3mIW2q6J2CR5EoCQ5iA,89102,28,12,64,B,4.0,8,0,0,0,3,1,0,1,0,0,0,0,0,0,0,1,2,1,1,1,1,0,0,0,1,1,1,0,1,1,1,1,0,0,0,1,1,-1
qhQS3KPJs9cya6tcQCEk2A,89110,27,0,49,A,4.0,28,2,0,0,3,1,0,1,0,1,0,0,0,0,1,1,0,1,1,0,1,0,0,0,1,1,1,0,0,1,1,1,0,0,0,1,1,-1
eRQwgSQD1KyCmJk_PAGOXQ,89110,98,148,215,A,4.0,178,0,1,1,3,1,0,1,1,1,0,0,0,0,0,1,2,1,1,0,0,0,0,0,1,1,2,0,1,1,1,1,0,1,0,2,0,-1
v2UKNMDqWN1UaWlK2Ugx2Q,89117,6,24,10,A,3.5,9,0,0,0,3,0,0,1,0,0,0,0,0,0,1,1,1,1,1,1,1,0,0,0,1,1,1,0,0,1,1,1,1,0,0,1,1,-1
h0MNaniQdLa3ZGmXh9DDeQ,89115,31,0,52,A,2.5,37,0,1,0,3,1,0,1,0,1,0,0,0,0,0,1,0,1,1,1,1,0,0,0,1,0,1,0,1,1,1,0,0,0,0,1,1,-1
8fiZjbPMgg4qDSLIdZsWZg,89108,48,66,121,A,4.0,39,0,1,0,3,1,0,1,1,1,0,0,0,0,0,1,1,1,0,0,1,0,0,0,0,1,1,0,1,1,1,1,0,0,0,1,1,-1
CgnHLwWbteqb8qxcZgBLyw,89103,44,36,133,B,3.5,56,0,1,0,3,1,0,1,1,0,0,0,0,0,0,1,1,1,0,0,1,0,0,0,1,1,2,0,1,1,1,1,0,0,0,1,1,-1
KdQM64AQ5_ppgs6RolwJ4w,89103,98,24,236,B,4.0,45,0,1,0,3,0,0,1,0,1,0,0,0,0,0,1,1,1,1,0,1,0,1,0,0,1,1,0,1,1,1,1,0,0,0,1,1,-1
wT-J6sib_NSr8rcH2aTcAA,89103,57,14,128,A,2.5,41,0,1,0,3,0,0,1,1,0,0,0,0,0,0,1,3,1,0,0,1,0,0,0,0,1,1,0,0,1,1,1,0,0,0,3,-1,0
E9YrPcoz_USW31ZBIiMeMg,89101,50,112,129,A,4.5,43,0,1,0,3,1,1,1,1,1,0,0,0,0,0,1,1,1,1,0,1,0,0,0,1,1,2,0,0,1,1,1,0,0,0,1,1,-1
TUfb2lH2nwKqu_IyM8wA-A,89119,35,48,70,A,3.5,9,0,0,0,3,1,0,1,0,0,0,0,0,1,0,1,0,1,0,1,3,0,0,0,0,1,4,0,0,1,1,1,0,0,0,1,1,-1
2dCnTMv3Hh-fM8bOjYS4Xw,89146,76,113,193,A,3.5,350,1,1,1,3,1,0,1,1,1,0,0,0,0,0,1,2,1,1,1,1,0,1,0,1,1,2,0,0,1,1,1,0,0,0,2,0,-1
RRw9I8pHt5PzgYGT2QeODw,89145,37,98,73,A,4.0,505,2,1,1,3,1,0,1,0,0,0,0,0,0,0,1,2,1,1,1,1,0,1,0,0,1,2,1,1,1,1,1,0,0,0,2,-1,1
5PP6BwtNYlPARHApB9lzcQ,89146,20,48,32,A,4.0,101,2,1,0,3,0,0,1,1,0,0,0,0,0,0,0,2,1,1,0,1,0,0,0,1,1,1,0,1,1,1,1,1,0,0,2,1,1
b0WztBYRaswkUARxLQ1aKg,89123,25,56,34,C,4.0,38,2,1,0,3,1,0,1,1,0,0,0,0,0,0,0,2,1,1,0,1,0,0,0,0,1,1,0,1,1,1,-1,0,1,0,2,0,1
ASYsl1vHY0aKRXlPtHeCWQ,89119,8,20,20,A,3.5,16,0,0,0,3,1,0,1,1,0,0,0,0,0,1,1,0,1,1,1,1,0,0,0,0,1,1,0,0,1,1,1,1,0,0,1,1,-1
kkdm8TM6qTaVnrz5XsG0hQ,89119,78,99,155,A,4.5,272,0,1,1,3,1,0,1,1,1,0,0,0,0,0,1,2,1,1,1,0,0,0,0,0,1,1,1,0,1,1,1,0,1,0,2,-1,0
8945PbOxSjb6hwHdVWWUIw,89169,30,72,98,A,2.5,10,1,0,0,3,1,0,1,1,1,0,0,0,0,0,1,2,1,0,0,1,0,0,0,1,1,2,1,1,1,1,1,0,0,0,1,-1,1
Oyo5CWthu2upxxaf69MfIg,89146,33,80,120,B,3.5,28,0,0,0,3,1,0,1,1,0,0,0,0,0,0,1,1,1,0,0,0,0,0,0,0,1,1,0,1,1,1,1,0,0,0,1,1,-1
ai8nfTBNvL579cjIuqZajQ,89117,45,11,100,A,4.0,169,0,1,1,3,1,0,1,1,1,0,0,0,0,0,1,2,1,1,1,1,0,0,0,1,1,2,0,0,1,1,1,0,1,0,2,-1,0
lgThAiX5kMvSxizl2tQ1hA,89102,8,20,20,A,4.0,17,0,0,0,3,1,0,1,1,1,0,0,0,0,1,1,0,1,1,1,1,0,0,0,0,1,1,0,1,1,1,1,0,0,0,1,1,-1
9MK66QkfnTp6BxZudH9wxg,89110,42,74,98,A,3.5,57,0,1,0,3,1,0,1,1,1,0,0,0,0,0,1,1,1,0,0,1,0,0,0,1,1,2,0,0,1,1,1,0,0,0,1,1,-1
XjsCGzq5P1pCiAHotA9HCw,89123,26,28,90,B,4.0,12,1,1,0,3,1,1,1,1,1,0,0,0,0,0,1,2,1,1,1,1,0,0,0,1,1,2,0,0,1,1,1,0,0,0,1,1,-1
Jur1iiejUFw_YCkfDfy1gQ,89146,88,122,168,A,3.5,832,1,1,1,3,1,0,1,1,0,0,0,0,0,0,1,2,1,1,1,1,0,0,0,0,1,2,0,1,1,1,1,0,0,0,2,0,-1
eTUDAJdOHBwKa2yaD_jB6Q,89148,23,27,53,B,3.5,42,0,1,0,3,1,0,1,1,1,0,0,0,0,1,1,0,1,1,1,1,0,1,0,1,1,1,0,0,1,1,1,0,0,0,1,1,-1
jOSB_Sc4B3IsI5-MJluBsg,89178,18,3,31,A,4.5,132,0,1,1,3,1,0,1,1,0,0,0,0,0,1,1,2,1,1,1,1,0,0,0,0,1,1,0,1,1,1,1,1,0,0,2,0,-1
T6mV9V8sfyW3Wj5tsKgabw,89102,121,151,244,B,3.0,24,0,1,0,3,1,0,1,0,1,0,0,0,0,0,1,1,1,1,0,0,0,0,0,0,1,1,0,1,1,1,1,0,0,0,2,-1,1
5TeA1dyLR7MIor-DfIrYog,89104,62,80,150,A,4.0,38,0,0,0,3,1,0,1,1,0,0,0,0,0,0,1,3,1,1,0,0,0,0,0,0,1,1,0,1,1,1,1,0,0,0,3,1,-1
LTpH7PllA7ruroTZRXnWqw,89104,29,53,52,A,4.0,20,0,0,0,3,1,0,0,1,0,0,0,0,0,0,1,0,1,1,1,0,0,0,0,0,1,1,0,0,1,1,1,0,0,0,1,1,-1
NnoJ7MBgV_F-bv7FA_X_BA,89101,38,117,107,A,4.0,79,0,1,1,3,1,0,1,0,1,0,0,0,0,0,1,3,1,1,1,1,0,0,0,1,1,1,1,1,1,1,1,1,1,0,3,-1,1
f4wR4t1uXCXFY7xBslzMcw,89118,1,5,5,A,3.5,6,0,0,0,3,1,0,1,1,1,0,0,0,0,1,1,0,1,0,1,1,0,0,0,0,0,1,0,0,1,1,1,0,0,0,1,1,-1
HUwzarG0givckxXWTF5lIQ,89139,5,12,12,A,4.0,189,0,1,1,3,0,0,1,0,1,0,0,0,0,0,1,2,1,0,1,1,0,0,0,0,1,2,1,1,1,1,1,0,0,0,2,-1,1
4EfiNcKSsafogIhAjwv0gg,89147,40,102,82,A,4.0,155,1,1,1,3,1,1,1,1,1,0,0,0,0,0,1,2,1,1,1,1,0,0,0,1,1,2,1,1,1,1,1,1,0,1,2,0,-1
0jtRI7hVMpQHpUVtUy4ITw,89128,53,107,126,A,4.0,242,1,1,1,3,1,0,1,0,0,0,0,0,0,0,1,3,1,1,1,1,0,0,0,0,1,2,0,1,1,1,1,0,0,0,3,0,-1
p5rpYtxS5xPQjt3MXYVEwA,89123,55,74,108,A,4.0,678,0,1,1,1,1,0,1,1,1,0,0,0,0,1,1,3,1,1,1,1,0,1,0,0,1,2,0,0,1,1,1,1,0,1,3,0,-1
JbopSXzZIy7id23GJsO9pA,89117,78,123,177,A,2.5,188,0,1,1,3,1,0,1,1,1,0,0,0,1,0,1,4,1,1,1,1,0,0,0,0,1,1,0,0,1,1,1,1,0,0,4,0,-1
wwgH65yjLssksjz8ASU3QA,89102,33,3,60,B,3.0,81,1,1,0,3,1,0,1,1,1,0,0,0,0,1,1,1,1,0,1,1,0,1,0,0,1,1,0,0,1,1,1,0,0,0,2,1,-1
D1BrHyiZON7u_ef-qt4_Uw,89102,96,0,211,B,3.5,147,1,1,1,3,1,0,1,1,0,0,0,0,0,0,1,1,1,1,0,1,0,0,0,0,1,2,0,1,1,1,1,0,0,0,2,1,-1
KhYA1VGwy1naIiIAvPfolw,89147,57,301,148,B,3.5,16,0,0,0,3,1,0,1,1,1,0,0,1,0,0,1,2,1,1,0,0,0,0,0,1,1,1,0,0,1,1,1,0,0,0,2,1,-1
gpflXHwzORmGqJNgkKtkEA,89183,17,28,46,A,4.0,47,1,1,0,3,1,0,1,1,1,0,0,0,0,1,1,2,1,1,1,1,0,0,0,0,1,1,0,0,1,1,1,0,0,0,1,1,-1
S6V63OzrCaj22BQJeKBDCw,89139,56,19,117,A,3.5,38,0,0,0,3,1,0,1,1,0,0,0,0,0,0,1,1,1,0,0,1,0,0,0,0,1,1,0,0,1,1,1,0,0,0,1,-1,0
1mkBh9tt9BnN6bGKsPGLGQ,89123,1,9,9,A,3.0,32,2,1,0,3,1,0,1,1,1,0,0,0,0,1,1,0,1,1,1,1,0,1,0,0,1,2,1,0,1,1,1,1,0,0,1,1,-1
xBWTtwUd3tFCX5vobs2p7A,89169,33,32,61,A,3.5,50,2,1,0,3,0,0,1,2,1,0,0,0,0,0,1,0,1,1,1,1,0,0,0,0,1,1,0,0,1,1,0,0,0,0,1,1,-1
Os1n1_idfw9vv9kwULGJnQ,89102,149,30,364,B,4.5,782,0,1,1,3,1,0,1,1,1,0,0,0,0,0,1,2,1,1,1,1,0,0,0,0,1,2,1,1,1,1,1,1,0,0,2,-1,1
o4GOd5mOs0AwvHgKb9o-Dw,89122,28,47,38,B,4.0,6,2,0,0,1,0,0,1,0,1,0,0,0,0,1,0,0,1,1,0,1,0,0,0,0,1,1,0,0,1,1,1,0,0,0,1,0,-1
RUJfBZJuYEGgKYRW6mIzCQ,89102,7,6,25,A,4.0,17,0,0,0,3,1,0,1,0,0,0,0,0,0,1,1,0,1,1,1,1,0,1,0,1,1,1,0,0,1,1,1,1,0,0,1,1,-1
XvXPivT5QJDTfTY2A5AHzg,89102,21,42,46,A,3.0,13,0,1,0,3,1,0,1,1,1,0,0,0,0,1,1,0,1,0,1,0,0,1,0,0,1,2,0,0,1,1,1,0,0,0,1,1,-1
r7UZDbth0NtbZDJKq1-JyQ,89130,30,42,93,B,4.0,18,1,0,0,3,0,0,1,1,1,0,0,0,0,0,1,1,1,1,1,1,0,0,0,0,1,2,0,1,1,1,1,0,0,0,1,1,-1
4vwhK3Uxlp2gBtQuP78NOA,89169,50,54,98,B,3.5,16,2,0,0,3,1,0,1,1,0,0,0,0,0,0,1,0,1,0,0,0,0,0,0,1,1,1,0,1,1,1,1,1,0,0,1,1,-1
TkrydveE1Laf_LHoKFALNw,89103,91,0,222,B,3.5,29,1,1,0,3,1,0,1,0,1,0,0,0,0,0,1,1,1,1,0,0,0,0,0,0,1,2,1,1,1,1,1,1,0,0,1,1,-1
xwoM2Zc38DFKv3-8dCU8Pw,89129,38,21,75,A,3.0,54,0,0,0,3,1,0,1,1,1,0,0,0,0,1,1,2,1,1,1,0,0,0,0,1,1,2,0,0,1,1,1,0,0,0,1,1,-1
PSRZaGGxXmOmabL2si8pKw,89117,36,27,84,A,3.5,246,2,1,1,3,1,0,1,1,1,0,0,0,0,0,1,1,1,1,1,1,0,1,0,0,1,2,1,1,1,1,1,0,0,0,1,-1,1
jb_QTeYTSS642UafKRFs2Q,89117,34,81,70,B,4.5,190,0,1,1,3,1,0,1,1,1,0,0,0,0,0,1,2,1,0,1,1,0,0,0,1,1,1,0,1,1,1,1,0,0,1,2,0,-1
AxeQEz3-s9_1TyIo-G7UQw,89104,64,64,176,B,4.0,87,0,1,0,3,0,0,1,1,1,0,0,0,0,0,1,2,1,0,0,1,0,0,0,1,1,2,0,1,1,1,0,0,0,0,2,1,-1
1dFh7yxHwFzjscCQgDYv1g,89131,10,21,22,A,3.5,5,0,1,0,3,1,0,1,1,1,0,0,0,0,1,1,2,1,0,1,0,0,0,0,0,1,2,0,0,1,1,1,0,0,0,1,1,-1
KBKE7XTLLe2uUqmzuYUyHQ,89130,31,54,66,A,3.0,38,1,1,0,3,1,0,1,1,1,0,0,0,0,0,1,2,1,0,1,0,0,0,0,1,1,2,1,1,1,1,1,0,0,0,3,-1,1
w4QcDDG4mYyCg48BYE_Frg,89117,40,108,98,A,4.0,174,0,1,1,3,1,0,1,1,1,0,0,0,0,0,1,1,1,0,1,0,0,1,0,0,1,2,0,1,1,1,1,0,0,0,2,0,-1
pXWgt_1E3ZNvnmKrAsqzSg,89117,28,88,61,A,3.5,24,0,1,0,3,0,0,1,1,1,0,0,0,0,0,1,0,1,1,1,0,0,1,0,0,0,1,0,0,1,1,1,0,0,0,1,1,-1
kosTPb88O4Q0XGbVbEOGCA,89146,112,24,269,B,4.0,210,0,1,1,3,1,0,1,1,0,0,0,0,0,0,1,2,1,0,0,0,0,0,0,0,1,1,0,1,1,1,1,0,0,0,2,-1,1
8OaXvfag7E7oznV4rVb7vg,89142,42,27,100,B,4.0,79,0,1,1,3,1,0,1,1,1,0,0,0,0,0,1,2,1,1,1,1,0,1,0,0,1,1,0,0,1,1,1,0,0,0,2,1,-1
nOkSC1GtMUJ_I70sb0SaeQ,89123,57,108,142,B,4.0,106,0,1,1,3,1,0,1,1,1,0,0,0,0,0,1,2,1,1,0,1,0,0,0,1,1,2,0,1,1,1,0,0,0,0,2,1,-1
9ehTNgvu0vZgHjWkQqF6KQ,89104,34,112,100,A,3.0,68,2,1,1,3,1,0,1,1,1,0,0,0,0,0,1,2,1,0,0,1,0,0,0,0,1,2,1,1,1,1,1,0,0,0,2,-1,1
cFmranpzNq60YuAJDwCWVQ,89139,38,33,75,B,2.5,82,0,0,0,3,1,0,1,0,1,0,0,0,0,0,1,3,1,0,1,1,0,0,0,1,1,1,0,0,1,1,1,0,0,0,3,-1,0
n_K2xa_nqzUqaUJa0S_5tQ,89102,121,136,283,B,3.0,724,0,1,1,3,0,0,1,1,0,0,0,0,1,0,1,2,1,0,1,1,0,1,0,0,1,1,0,1,1,1,1,1,0,0,2,0,-1
pCVQq3jzfrT2CNHAIMMy0g,89130,62,12,92,B,2.5,59,0,0,0,3,1,0,1,1,0,0,0,0,1,0,1,2,1,0,1,1,0,1,0,0,1,2,0,0,1,1,1,0,0,0,2,1,-1
Pg08gKwJApGWoHtnq3aWqw,89130,62,12,92,B,2.5,18,0,0,0,3,1,0,1,0,1,0,0,0,1,0,1,1,1,0,0,1,1,0,0,0,1,1,0,0,1,1,1,0,0,0,1,1,-1
1ZnVfS-qP19upP_fwOhZsA,89146,47,78,95,B,4.0,905,0,1,1,3,0,0,1,1,0,0,0,1,0,0,1,2,0,0,1,1,0,0,0,0,1,1,0,1,1,1,1,0,0,0,2,-1,1
OYHpqY6-3C-wXR-uPbHhwA,89131,48,48,88,A,4.0,222,0,1,1,3,1,0,1,1,1,0,0,0,0,0,1,4,1,1,1,0,0,1,0,0,0,2,0,1,1,1,1,1,1,0,4,-1,1
ye62ltisuIosDq5F_6V25w,89119,103,510,297,C,1.5,15,0,0,0,3,1,0,1,1,1,0,0,1,0,0,1,1,1,0,0,0,0,0,0,0,1,1,0,1,0,1,1,0,0,0,2,1,-1
VA0GbpAN0qpa3bdHJ2a2iA,89101,99,95,289,B,2.0,16,1,1,0,3,0,0,1,1,1,0,0,0,0,0,1,2,1,1,0,0,0,0,0,0,1,1,0,1,1,1,1,0,0,0,2,1,-1
i53HvxUdQEMllZ1XmpjjyA,89147,94,78,225,B,2.0,333,0,1,1,3,1,0,1,1,1,0,0,0,0,0,0,2,1,0,1,1,0,1,0,1,0,2,0,0,1,1,0,0,0,0,2,0,-1
KJ6DuC0Jve9hAtzM2SGNOQ,89110,107,75,255,B,3.5,28,0,1,0,3,1,0,1,0,1,0,0,0,0,0,1,1,1,0,0,1,0,0,0,0,1,1,0,0,1,1,1,0,0,0,1,-1,0
tP4bAKEDz8aigXVisQYzog,89131,4,20,17,A,3.0,4,0,1,0,3,1,0,1,1,1,0,0,0,0,1,1,0,0,1,1,1,0,1,0,0,0,1,0,0,1,1,1,0,0,0,1,1,-1
yLiaMaJFq03JxXPk4puloQ,89113,32,8,86,A,2.5,75,0,1,0,3,1,0,1,1,0,0,0,0,1,0,1,4,1,0,1,1,0,0,0,0,1,1,0,0,1,1,1,1,0,0,2,-1,0
YrHVGQ8_Dcs5xCe78CvGmA,89113,32,8,86,A,2.5,17,0,1,0,3,1,0,1,1,0,0,0,0,1,0,1,5,1,0,1,3,0,1,0,0,1,1,0,0,1,1,1,1,0,0,5,1,-1
fpM-O9Ul62xizBq9YNO_tQ,89108,90,150,188,A,3.0,193,2,1,1,3,1,0,1,1,1,0,0,0,0,0,1,3,1,0,1,1,0,0,0,0,1,2,1,1,1,1,0,1,0,0,3,-1,1
UMqfeCItzQ2glr4d9apGlA,89120,42,68,94,A,4.5,1045,0,1,1,3,1,0,1,1,0,0,0,1,0,0,1,3,1,0,1,1,0,1,0,0,1,1,0,0,1,1,1,1,1,0,3,0,-1
IcnJlauqhHfelo_qp9uKuw,89121,78,108,138,A,4.0,51,0,0,0,3,0,0,1,0,1,0,0,0,0,0,1,0,1,0,0,0,0,0,0,1,1,1,0,1,1,1,1,0,0,0,1,1,-1
_kdpjoGrIzA64E6aXHA66w,89141,67,73,155,B,4.0,434,2,1,1,3,1,0,1,1,1,0,0,0,0,0,1,1,1,1,1,1,0,1,0,1,1,2,1,1,1,1,1,1,0,1,1,0,-1
tpCALADHTuBaCJNgAluj2w,89119,85,162,215,A,3.0,67,0,1,0,3,1,0,1,1,1,0,0,0,0,0,1,4,1,0,0,1,0,0,0,0,1,1,0,0,1,1,1,0,0,0,4,1,-1
suQugTjSMYMIrK5fAabC_Q,89119,85,162,215,A,3.5,111,0,0,0,3,1,0,1,0,0,0,0,0,0,0,1,3,1,0,0,1,0,0,0,0,1,1,0,0,1,1,1,0,0,0,3,-1,0
9qcTpWYxrZrN13p1zAP6dA,89120,119,129,322,B,3.5,241,1,1,1,3,1,0,1,1,1,0,0,0,0,0,1,2,0,0,0,1,0,0,0,1,1,2,0,1,1,1,1,0,0,0,2,-1,1
uW6UHfONAmm8QttPkbMewQ,89113,47,96,97,A,4.5,1264,0,1,1,3,1,0,1,1,1,0,0,0,0,0,1,2,1,0,1,1,0,0,0,0,1,2,0,1,1,1,1,0,0,1,2,-1,1
t6ZIBNrQjvtwor8W-u3sUg,89108,138,78,268,A,4.0,191,0,1,1,3,0,0,1,1,1,0,0,0,0,0,1,2,1,0,0,0,0,0,0,1,1,1,0,1,1,1,1,0,0,0,2,-1,1
16NS8EICI94IGdn-S0yxkw,89146,2,3,3,A,1.5,27,0,0,0,3,1,0,1,0,0,0,0,0,1,1,1,0,1,1,1,3,0,0,0,0,1,1,0,0,1,1,1,0,1,0,1,1,-1
pdgzBiQBs8HGUBJzXe9j6w,89145,64,0,126,A,3.5,29,0,0,0,3,1,0,1,0,1,0,0,0,0,0,1,0,1,0,0,1,0,0,0,1,1,1,0,0,1,1,1,0,0,0,1,1,-1
T67VqyRbY8zF3C4KZNQnyg,89115,56,113,122,A,3.0,8,2,1,0,3,0,0,1,0,1,0,0,0,0,1,1,1,1,1,0,1,0,0,0,0,1,1,0,0,1,1,1,0,0,0,1,1,-1
7sPNbCx7vGAaH7SbNPZ6oA,89123,76,52,199,B,4.0,3250,2,1,1,3,0,0,1,1,0,0,0,0,0,0,1,2,1,1,1,1,0,1,0,0,1,2,0,1,1,1,1,1,0,0,2,0,-1
bAdwf-n52f46-ZjlfJ1Hwg,89130,65,138,147,A,2.5,33,0,0,0,3,1,0,1,0,0,0,0,0,0,0,1,2,1,0,0,2,0,0,0,0,1,1,0,0,1,1,1,0,0,0,2,-1,0
FykLjv4tIq618q8F2pvTKg,89108,63,108,133,A,3.0,186,0,1,1,3,1,0,1,1,0,0,0,0,0,0,1,2,1,0,1,1,0,0,0,0,1,2,0,1,1,1,1,0,0,1,2,-1,1
6uV3KMOo8YQofuNUs4D9pA,89119,43,41,100,A,3.5,127,0,1,1,3,0,0,1,1,1,0,0,0,0,0,1,1,1,0,1,1,0,0,0,1,1,1,0,0,1,1,1,1,0,1,1,-1,0
6Zogn4PXnK-ODBiRy5iz7Q,89139,17,39,21,A,4.5,107,0,1,0,3,1,0,1,1,1,0,0,0,0,1,1,2,1,0,1,1,0,1,0,1,1,1,0,1,1,1,1,0,0,0,2,0,-1
H2Chxto2e6dHTDJ8-s3-pQ,89169,96,176,228,A,3.0,61,0,1,0,3,1,0,1,1,1,0,0,0,0,0,1,4,1,0,0,1,0,0,0,0,1,1,0,0,1,1,1,0,0,0,4,1,-1
VFcx35QDd_kZgLT4UDV8xg,89169,96,176,228,A,3.0,75,0,1,0,3,0,0,1,2,0,0,0,0,0,0,1,3,1,0,0,1,0,0,0,0,1,1,0,0,1,1,1,0,0,0,3,-1,0
r8WvwxtzK2QAMAciMANz6w,89169,96,176,228,A,3.5,4,1,1,0,3,0,0,1,0,0,0,0,0,0,0,1,1,1,0,0,1,0,0,0,0,0,1,0,0,1,1,1,0,0,0,2,1,-1
FqXwm6UpihHY7Ha-pr4y6Q,89103,83,81,185,B,4.0,252,1,1,1,3,1,0,1,1,1,0,0,0,0,0,1,2,1,0,1,1,0,1,0,0,1,2,1,1,1,1,1,0,0,0,2,-1,1
NUqNfkbCIPL42JAZVrr3QQ,89146,78,120,198,B,3.5,31,0,1,0,3,1,0,1,1,1,0,0,0,0,0,1,1,1,0,0,2,0,0,0,0,1,1,0,0,1,1,1,0,0,0,2,1,-1
agGJSdMTRrkA6VrYMbC-SQ,89113,18,24,35,A,4.0,291,0,1,1,3,1,0,1,0,0,0,0,0,0,0,1,2,1,1,1,1,0,1,0,0,1,2,0,1,1,1,1,0,0,1,2,-1,1
w7_1xM_WNf8nh2w-tzfAyQ,89113,18,24,35,A,4.0,122,0,1,1,3,1,0,1,1,1,0,0,0,0,1,1,1,1,0,1,0,0,1,0,0,1,1,0,0,1,1,1,0,0,1,2,-1,1
rquarcYSOS9PIstXZAP_kA,89134,14,50,44,A,3.0,52,1,1,0,3,1,0,1,1,1,0,0,0,0,1,1,1,1,1,1,1,0,1,0,0,1,1,0,0,1,1,1,0,0,0,1,1,-1
v5TTbYOaj4KewOtxQk48Jg,89146,37,48,74,B,3.5,5,2,0,0,3,1,0,1,0,1,0,0,0,0,0,1,0,1,1,0,1,0,0,0,0,1,1,0,0,1,1,1,1,0,0,1,1,-1
DJXZrIi4k1Iyd1mQRwxIMg,89119,15,21,23,A,3.5,72,0,1,0,3,1,0,1,1,1,0,0,0,0,1,1,1,1,0,1,1,0,1,0,0,1,1,0,0,1,1,1,0,0,0,1,1,-1
H7liERB1ZJbaIDVcuK16oA,89110,43,126,89,A,4.0,37,2,1,0,3,1,0,1,0,1,0,0,0,0,0,1,3,1,1,0,0,0,0,0,0,1,2,0,0,1,1,1,0,0,0,3,1,-1
9tLCuUmw3Tlco-tKPGkIWQ,89149,46,59,117,A,4.0,121,0,1,1,3,1,0,1,1,1,0,0,0,0,0,1,2,1,1,1,1,0,1,0,0,1,1,0,0,1,1,1,1,0,0,2,-1,0
a3jFGgoWbPkPGENEafiXwg,89101,44,3,125,B,3.0,193,1,1,1,3,0,0,1,1,0,0,0,0,0,0,1,4,1,0,1,1,0,0,0,0,1,1,0,1,1,1,1,0,0,0,4,-1,1
AL5YzikrmxwcBzBNLGO7Jw,89147,41,52,111,A,3.5,202,0,1,1,3,1,0,1,1,1,0,0,0,0,0,1,2,1,1,1,1,0,1,0,0,1,2,0,0,1,1,1,1,1,0,2,0,-1
nRNWaEuPtfcyR8pI-LnASA,89106,47,60,134,B,3.0,5,0,0,0,3,1,0,1,0,1,0,0,0,0,0,1,1,1,0,0,2,0,0,0,0,1,1,0,0,1,1,1,0,0,0,1,1,-1
y7Js-07RF8d3N_AEtaw2VQ,89101,50,87,115,B,3.0,974,2,1,1,3,0,0,0,0,0,0,0,0,0,0,0,2,1,1,1,1,0,1,0,0,1,2,0,1,0,1,1,0,0,0,2,0,-1
CVt6kBVBABSq-NA_FZfrVw,89117,61,0,141,B,4.0,124,0,1,1,3,1,0,1,1,1,0,0,0,0,0,1,2,1,1,1,1,0,1,0,1,1,2,0,1,1,1,1,1,0,0,2,1,-1
